-- phpMyAdmin SQL Dump
-- version 4.0.4
-- http://www.phpmyadmin.net
--
-- 主机: localhost
-- 生成日期: 2014 年 08 月 03 日 02:24
-- 服务器版本: 5.6.12-log
-- PHP 版本: 5.4.12

SET SQL_MODE = "NO_AUTO_VALUE_ON_ZERO";
SET time_zone = "+00:00";


/*!40101 SET @OLD_CHARACTER_SET_CLIENT=@@CHARACTER_SET_CLIENT */;
/*!40101 SET @OLD_CHARACTER_SET_RESULTS=@@CHARACTER_SET_RESULTS */;
/*!40101 SET @OLD_COLLATION_CONNECTION=@@COLLATION_CONNECTION */;
/*!40101 SET NAMES utf8 */;

--
-- 数据库: `yincart-basic`
--
CREATE DATABASE IF NOT EXISTS `yincart-basic` DEFAULT CHARACTER SET utf8 COLLATE utf8_general_ci;
USE `yincart-basic`;

-- --------------------------------------------------------

--
-- 表的结构 `ad`
--

CREATE TABLE IF NOT EXISTS `ad` (
  `id` int(11) NOT NULL AUTO_INCREMENT,
  `title` varchar(100) NOT NULL,
  `pic` varchar(100) NOT NULL,
  `url` varchar(50) NOT NULL,
  `theme` varchar(50) DEFAULT 'default',
  `content` text,
  `sort_order` int(11) NOT NULL DEFAULT '255',
  PRIMARY KEY (`id`)
) ENGINE=InnoDB  DEFAULT CHARSET=utf8 AUTO_INCREMENT=12 ;

--
-- 转存表中的数据 `ad`
--

INSERT INTO `ad` (`id`, `title`, `pic`, `url`, `theme`, `content`, `sort_order`) VALUES
(1, 'WOMEN', '20130615/20130615043050_12315.jpg', '', 'ultimo', 'here is your place', 1),
(2, 'Customizable Theme', '20130615/20130615043115_89562.jpg', '', 'ultimo', 'You can change colors of almost every element', 2),
(3, '手表', '20130620/20130620024422_32634.jpg', '', 'default', '', 3),
(4, '围巾', '20130620/20130620024555_34436.jpg', '', 'default', '', 4),
(5, '太阳镜', '20130620/20130620024609_62311.jpg', '', 'default', '', 5),
(6, '皮带', '20130620/20130620024632_89911.jpg', '', 'default', '', 255),
(7, 'banner', '/yincart/basic/upload/ad/pidiao/banner01.gif', 'banner', 'leather', 'banner', 1),
(8, 'banner', '/yincart/basic/upload/ad/pidiao/banner02.jpg', 'banner', 'leather', 'banner', 2),
(9, 'banner', '/yincart/basic/upload/ad/pidiao/banner03.jpg', 'banner', 'leather', 'banner', 3),
(10, 'banner', '/yincart/basic/upload/ad/pidiao/banner04.jpg', 'banner', 'leather', 'banner', 4),
(11, 'banner', '/yincart/basic/upload/ad/pidiao/banner05.jpg', 'banner', 'leather', 'banner', 5);

-- --------------------------------------------------------

--
-- 表的结构 `address_result`
--

CREATE TABLE IF NOT EXISTS `address_result` (
  `contact_id` int(10) unsigned NOT NULL AUTO_INCREMENT COMMENT '地址库ID',
  `user_id` int(10) unsigned DEFAULT NULL,
  `contact_name` varchar(45) DEFAULT NULL COMMENT '联系人姓名',
  `country` varchar(45) DEFAULT NULL,
  `state` varchar(45) DEFAULT NULL,
  `city` varchar(45) DEFAULT NULL,
  `district` varchar(45) DEFAULT NULL,
  `zipcode` varchar(45) DEFAULT NULL,
  `address` varchar(255) DEFAULT NULL,
  `phone` varchar(45) DEFAULT NULL,
  `mobile_phone` varchar(45) DEFAULT NULL,
  `memo` text COMMENT '备注',
  `is_default` tinyint(1) unsigned DEFAULT '0',
  `create_time` int(10) unsigned DEFAULT NULL,
  `update_time` int(10) unsigned DEFAULT NULL,
  PRIMARY KEY (`contact_id`)
) ENGINE=InnoDB  DEFAULT CHARSET=utf8 AUTO_INCREMENT=3 ;

--
-- 转存表中的数据 `address_result`
--

INSERT INTO `address_result` (`contact_id`, `user_id`, `contact_name`, `country`, `state`, `city`, `district`, `zipcode`, `address`, `phone`, `mobile_phone`, `memo`, `is_default`, `create_time`, `update_time`) VALUES
(1, 1, '小明', NULL, '130000', '130300', '130304', '1111111', '11111', '021-877777222', '13338888899', '', 1, 1359685567, 1359685567),
(2, 6, '小明', NULL, '150000', '150200', '150202', '1420', '213.21', '00000000', '13566666666', '', 0, 1388983054, 1388983054);

-- --------------------------------------------------------

--
-- 表的结构 `admin_user`
--

CREATE TABLE IF NOT EXISTS `admin_user` (
  `id` int(11) NOT NULL AUTO_INCREMENT,
  `username` varchar(128) COLLATE utf8_unicode_ci NOT NULL,
  `password` varchar(128) COLLATE utf8_unicode_ci NOT NULL,
  `email` varchar(128) COLLATE utf8_unicode_ci NOT NULL,
  `profile` text COLLATE utf8_unicode_ci,
  PRIMARY KEY (`id`)
) ENGINE=InnoDB  DEFAULT CHARSET=utf8 COLLATE=utf8_unicode_ci AUTO_INCREMENT=3 ;

--
-- 转存表中的数据 `admin_user`
--

INSERT INTO `admin_user` (`id`, `username`, `password`, `email`, `profile`) VALUES
(1, 'demo', '$2a$10$.ln8efv0ruje1k5DwmNNzetuHhPcJNn2N7Wgn.ktuMuw3NC4Yomv2', 'webmaster@example.com', ''),
(2, 'admin', '$2a$10$5nUz94KR4Tt5DcE.7IkAuObfGB//HcP/x61vQBBwaJslEj8sE.LFK', 'webmaster@example.com', '');

-- --------------------------------------------------------

--
-- 表的结构 `admin_user2`
--

CREATE TABLE IF NOT EXISTS `admin_user2` (
  `id` int(11) NOT NULL AUTO_INCREMENT,
  `username` varchar(45) DEFAULT NULL,
  `password` varchar(255) DEFAULT NULL,
  `salt` varchar(255) DEFAULT NULL,
  `password_strategy` varchar(50) DEFAULT NULL,
  `requires_new_password` tinyint(1) DEFAULT NULL,
  `email` varchar(255) DEFAULT NULL,
  `login_attempts` int(11) DEFAULT NULL,
  `login_time` int(11) DEFAULT NULL,
  `login_ip` varchar(32) DEFAULT NULL,
  `validation_key` varchar(255) DEFAULT NULL,
  `create_id` int(11) DEFAULT NULL,
  `create_time` int(11) DEFAULT NULL,
  `update_id` int(11) DEFAULT NULL,
  `update_time` int(11) DEFAULT NULL,
  PRIMARY KEY (`id`),
  UNIQUE KEY `username` (`username`),
  UNIQUE KEY `email` (`email`)
) ENGINE=InnoDB  DEFAULT CHARSET=utf8 AUTO_INCREMENT=8 ;

--
-- 转存表中的数据 `admin_user2`
--

INSERT INTO `admin_user2` (`id`, `username`, `password`, `salt`, `password_strategy`, `requires_new_password`, `email`, `login_attempts`, `login_time`, `login_ip`, `validation_key`, `create_id`, `create_time`, `update_id`, `update_time`) VALUES
(6, 'demo', '$2a$14$T.y5HFok8VztysxcQtEUoedkiZZo0q6OyJi87Svt/n7O41.YVChzW', '$2a$14$T.y5HFok8VztysxcQtEUog', 'bcrypt', NULL, 'demo@clevertech.biz', NULL, NULL, NULL, NULL, NULL, NULL, NULL, NULL),
(7, 'admin', '$2a$14$DQ1E6wAXpsqZHkC72kRd4.cJFUtXgi4F9JEv1ndcT/hBhAhg1oHIO', '$2a$14$DQ1E6wAXpsqZHkC72kRd4A', 'bcrypt', NULL, 'admin@clevertech.biz', 1, NULL, NULL, '27ab3ac3c487c47667f873e697dc1944', NULL, NULL, NULL, NULL);

-- --------------------------------------------------------

--
-- 表的结构 `area`
--

CREATE TABLE IF NOT EXISTS `area` (
  `area_id` int(10) unsigned NOT NULL AUTO_INCREMENT,
  `parent_id` int(10) unsigned NOT NULL DEFAULT '0',
  `path` varchar(255) NOT NULL,
  `grade` int(10) unsigned NOT NULL DEFAULT '0',
  `name` varchar(45) NOT NULL,
  `language` varchar(20) NOT NULL,
  PRIMARY KEY (`area_id`),
  KEY `fk_area_area1_idx` (`parent_id`)
) ENGINE=InnoDB  DEFAULT CHARSET=utf8 AUTO_INCREMENT=990101 ;

--
-- 转存表中的数据 `area`
--

INSERT INTO `area` (`area_id`, `parent_id`, `path`, `grade`, `name`, `language`) VALUES
(100000, 100000, '110000', 0, '中国', 'mainland'),
(110000, 100000, ',110000', 1, '北京', 'mainland'),
(110100, 110000, ',110000,110100', 2, '北京市', 'mainland'),
(110101, 110100, ',110000,110100,110101', 3, '东城区', 'mainland'),
(110102, 110100, ',110000,110100,110102', 3, '西城区', 'mainland'),
(110103, 110100, ',110000,110100,110103', 3, '崇文区', 'mainland'),
(110104, 110100, ',110000,110100,110104', 3, '宣武区', 'mainland'),
(110105, 110100, ',110000,110100,110105', 3, '朝阳区', 'mainland'),
(110106, 110100, ',110000,110100,110106', 3, '丰台区', 'mainland'),
(110107, 110100, ',110000,110100,110107', 3, '石景山区', 'mainland'),
(110108, 110100, ',110000,110100,110108', 3, '海淀区', 'mainland'),
(110109, 110100, ',110000,110100,110109', 3, '门头沟区', 'mainland'),
(110111, 110100, ',110000,110100,110111', 3, '房山区', 'mainland'),
(110112, 110100, ',110000,110100,110112', 3, '通州区', 'mainland'),
(110113, 110100, ',110000,110100,110113', 3, '顺义区', 'mainland'),
(110114, 110100, ',110000,110100,110114', 3, '昌平区', 'mainland'),
(110115, 110100, ',110000,110100,110115', 3, '大兴区', 'mainland'),
(110116, 110100, ',110000,110100,110116', 3, '怀柔区', 'mainland'),
(110117, 110100, ',110000,110100,110117', 3, '平谷区', 'mainland'),
(110228, 110100, ',110000,110100,110228', 3, '密云县', 'mainland'),
(110229, 110100, ',110000,110100,110229', 3, '延庆县', 'mainland'),
(110230, 110100, ',110000,110100,110230', 3, '其它区', 'mainland'),
(120000, 100000, ',120000', 1, '天津', 'mainland'),
(120100, 120000, ',120000,120100', 2, '天津市', 'mainland'),
(120101, 120100, ',120000,120100,120101', 3, '和平区', 'mainland'),
(120102, 120100, ',120000,120100,120102', 3, '河东区', 'mainland'),
(120103, 120100, ',120000,120100,120103', 3, '河西区', 'mainland'),
(120104, 120100, ',120000,120100,120104', 3, '南开区', 'mainland'),
(120105, 120100, ',120000,120100,120105', 3, '河北区', 'mainland'),
(120106, 120100, ',120000,120100,120106', 3, '红桥区', 'mainland'),
(120107, 120100, ',120000,120100,120107', 3, '塘沽区', 'mainland'),
(120108, 120100, ',120000,120100,120108', 3, '汉沽区', 'mainland'),
(120109, 120100, ',120000,120100,120109', 3, '大港区', 'mainland'),
(120110, 120100, ',120000,120100,120110', 3, '东丽区', 'mainland'),
(120111, 120100, ',120000,120100,120111', 3, '西青区', 'mainland'),
(120112, 120100, ',120000,120100,120112', 3, '津南区', 'mainland'),
(120113, 120100, ',120000,120100,120113', 3, '北辰区', 'mainland'),
(120114, 120100, ',120000,120100,120114', 3, '武清区', 'mainland'),
(120115, 120100, ',120000,120100,120115', 3, '宝坻区', 'mainland'),
(120221, 120100, ',120000,120100,120221', 3, '宁河县', 'mainland'),
(120223, 120100, ',120000,120100,120223', 3, '静海县', 'mainland'),
(120225, 120100, ',120000,120100,120225', 3, '蓟县', 'mainland'),
(120226, 120100, ',120000,120100,120226', 3, '其它区', 'mainland'),
(130000, 100000, ',130000', 1, '河北省', 'mainland'),
(130100, 130000, ',130000,130100', 2, '石家庄市', 'mainland'),
(130102, 130100, ',130000,130100,130102', 3, '长安区', 'mainland'),
(130103, 130100, ',130000,130100,130103', 3, '桥东区', 'mainland'),
(130104, 130100, ',130000,130100,130104', 3, '桥西区', 'mainland'),
(130105, 130100, ',130000,130100,130105', 3, '新华区', 'mainland'),
(130107, 130100, ',130000,130100,130107', 3, '井陉矿区', 'mainland'),
(130108, 130100, ',130000,130100,130108', 3, '裕华区', 'mainland'),
(130121, 130100, ',130000,130100,130121', 3, '井陉县', 'mainland'),
(130123, 130100, ',130000,130100,130123', 3, '正定县', 'mainland'),
(130124, 130100, ',130000,130100,130124', 3, '栾城县', 'mainland'),
(130125, 130100, ',130000,130100,130125', 3, '行唐县', 'mainland'),
(130126, 130100, ',130000,130100,130126', 3, '灵寿县', 'mainland'),
(130127, 130100, ',130000,130100,130127', 3, '高邑县', 'mainland'),
(130128, 130100, ',130000,130100,130128', 3, '深泽县', 'mainland'),
(130129, 130100, ',130000,130100,130129', 3, '赞皇县', 'mainland'),
(130130, 130100, ',130000,130100,130130', 3, '无极县', 'mainland'),
(130131, 130100, ',130000,130100,130131', 3, '平山县', 'mainland'),
(130132, 130100, ',130000,130100,130132', 3, '元氏县', 'mainland'),
(130133, 130100, ',130000,130100,130133', 3, '赵县', 'mainland'),
(130181, 130100, ',130000,130100,130181', 3, '辛集市', 'mainland'),
(130182, 130100, ',130000,130100,130182', 3, '藁城市', 'mainland'),
(130183, 130100, ',130000,130100,130183', 3, '晋州市', 'mainland'),
(130184, 130100, ',130000,130100,130184', 3, '新乐市', 'mainland'),
(130185, 130100, ',130000,130100,130185', 3, '鹿泉市', 'mainland'),
(130186, 130100, ',130000,130100,130186', 3, '其它区', 'mainland'),
(130200, 130000, ',130000,130200', 2, '唐山市', 'mainland'),
(130202, 130200, ',130000,130200,130202', 3, '路南区', 'mainland'),
(130203, 130200, ',130000,130200,130203', 3, '路北区', 'mainland'),
(130204, 130200, ',130000,130200,130204', 3, '古冶区', 'mainland'),
(130205, 130200, ',130000,130200,130205', 3, '开平区', 'mainland'),
(130207, 130200, ',130000,130200,130207', 3, '丰南区', 'mainland'),
(130208, 130200, ',130000,130200,130208', 3, '丰润区', 'mainland'),
(130223, 130200, ',130000,130200,130223', 3, '滦县', 'mainland'),
(130224, 130200, ',130000,130200,130224', 3, '滦南县', 'mainland'),
(130225, 130200, ',130000,130200,130225', 3, '乐亭县', 'mainland'),
(130227, 130200, ',130000,130200,130227', 3, '迁西县', 'mainland'),
(130229, 130200, ',130000,130200,130229', 3, '玉田县', 'mainland'),
(130230, 130200, ',130000,130200,130230', 3, '唐海县', 'mainland'),
(130281, 130200, ',130000,130200,130281', 3, '遵化市', 'mainland'),
(130283, 130200, ',130000,130200,130283', 3, '迁安市', 'mainland'),
(130284, 130200, ',130000,130200,130284', 3, '其它区', 'mainland'),
(130300, 130000, ',130000,130300', 2, '秦皇岛市', 'mainland'),
(130302, 130300, ',130000,130300,130302', 3, '海港区', 'mainland'),
(130303, 130300, ',130000,130300,130303', 3, '山海关区', 'mainland'),
(130304, 130300, ',130000,130300,130304', 3, '北戴河区', 'mainland'),
(130321, 130300, ',130000,130300,130321', 3, '青龙满族自治县', 'mainland'),
(130322, 130300, ',130000,130300,130322', 3, '昌黎县', 'mainland'),
(130323, 130300, ',130000,130300,130323', 3, '抚宁县', 'mainland'),
(130324, 130300, ',130000,130300,130324', 3, '卢龙县', 'mainland'),
(130398, 130300, ',130000,130300,130398', 3, '其它区', 'mainland'),
(130399, 130300, ',130000,130300,130399', 3, '经济技术开发区', 'mainland'),
(130400, 130000, ',130000,130400', 2, '邯郸市', 'mainland'),
(130402, 130400, ',130000,130400,130402', 3, '邯山区', 'mainland'),
(130403, 130400, ',130000,130400,130403', 3, '丛台区', 'mainland'),
(130404, 130400, ',130000,130400,130404', 3, '复兴区', 'mainland'),
(130406, 130400, ',130000,130400,130406', 3, '峰峰矿区', 'mainland'),
(130421, 130400, ',130000,130400,130421', 3, '邯郸县', 'mainland'),
(130423, 130400, ',130000,130400,130423', 3, '临漳县', 'mainland'),
(130424, 130400, ',130000,130400,130424', 3, '成安县', 'mainland'),
(130425, 130400, ',130000,130400,130425', 3, '大名县', 'mainland'),
(130426, 130400, ',130000,130400,130426', 3, '涉县', 'mainland'),
(130427, 130400, ',130000,130400,130427', 3, '磁县', 'mainland'),
(130428, 130400, ',130000,130400,130428', 3, '肥乡县', 'mainland'),
(130429, 130400, ',130000,130400,130429', 3, '永年县', 'mainland'),
(130430, 130400, ',130000,130400,130430', 3, '邱县', 'mainland'),
(130431, 130400, ',130000,130400,130431', 3, '鸡泽县', 'mainland'),
(130432, 130400, ',130000,130400,130432', 3, '广平县', 'mainland'),
(130433, 130400, ',130000,130400,130433', 3, '馆陶县', 'mainland'),
(130434, 130400, ',130000,130400,130434', 3, '魏县', 'mainland'),
(130435, 130400, ',130000,130400,130435', 3, '曲周县', 'mainland'),
(130481, 130400, ',130000,130400,130481', 3, '武安市', 'mainland'),
(130482, 130400, ',130000,130400,130482', 3, '其它区', 'mainland'),
(130500, 130000, ',130000,130500', 2, '邢台市', 'mainland'),
(130502, 130500, ',130000,130500,130502', 3, '桥东区', 'mainland'),
(130503, 130500, ',130000,130500,130503', 3, '桥西区', 'mainland'),
(130521, 130500, ',130000,130500,130521', 3, '邢台县', 'mainland'),
(130522, 130500, ',130000,130500,130522', 3, '临城县', 'mainland'),
(130523, 130500, ',130000,130500,130523', 3, '内丘县', 'mainland'),
(130524, 130500, ',130000,130500,130524', 3, '柏乡县', 'mainland'),
(130525, 130500, ',130000,130500,130525', 3, '隆尧县', 'mainland'),
(130526, 130500, ',130000,130500,130526', 3, '任县', 'mainland'),
(130527, 130500, ',130000,130500,130527', 3, '南和县', 'mainland'),
(130528, 130500, ',130000,130500,130528', 3, '宁晋县', 'mainland'),
(130529, 130500, ',130000,130500,130529', 3, '巨鹿县', 'mainland'),
(130530, 130500, ',130000,130500,130530', 3, '新河县', 'mainland'),
(130531, 130500, ',130000,130500,130531', 3, '广宗县', 'mainland'),
(130532, 130500, ',130000,130500,130532', 3, '平乡县', 'mainland'),
(130533, 130500, ',130000,130500,130533', 3, '威县', 'mainland'),
(130534, 130500, ',130000,130500,130534', 3, '清河县', 'mainland'),
(130535, 130500, ',130000,130500,130535', 3, '临西县', 'mainland'),
(130581, 130500, ',130000,130500,130581', 3, '南宫市', 'mainland'),
(130582, 130500, ',130000,130500,130582', 3, '沙河市', 'mainland'),
(130583, 130500, ',130000,130500,130583', 3, '其它区', 'mainland'),
(130600, 130000, ',130000,130600', 2, '保定市', 'mainland'),
(130602, 130600, ',130000,130600,130602', 3, '新市区', 'mainland'),
(130603, 130600, ',130000,130600,130603', 3, '北市区', 'mainland'),
(130604, 130600, ',130000,130600,130604', 3, '南市区', 'mainland'),
(130621, 130600, ',130000,130600,130621', 3, '满城县', 'mainland'),
(130622, 130600, ',130000,130600,130622', 3, '清苑县', 'mainland'),
(130623, 130600, ',130000,130600,130623', 3, '涞水县', 'mainland'),
(130624, 130600, ',130000,130600,130624', 3, '阜平县', 'mainland'),
(130625, 130600, ',130000,130600,130625', 3, '徐水县', 'mainland'),
(130626, 130600, ',130000,130600,130626', 3, '定兴县', 'mainland'),
(130627, 130600, ',130000,130600,130627', 3, '唐县', 'mainland'),
(130628, 130600, ',130000,130600,130628', 3, '高阳县', 'mainland'),
(130629, 130600, ',130000,130600,130629', 3, '容城县', 'mainland'),
(130630, 130600, ',130000,130600,130630', 3, '涞源县', 'mainland'),
(130631, 130600, ',130000,130600,130631', 3, '望都县', 'mainland'),
(130632, 130600, ',130000,130600,130632', 3, '安新县', 'mainland'),
(130633, 130600, ',130000,130600,130633', 3, '易县', 'mainland'),
(130634, 130600, ',130000,130600,130634', 3, '曲阳县', 'mainland'),
(130635, 130600, ',130000,130600,130635', 3, '蠡县', 'mainland'),
(130636, 130600, ',130000,130600,130636', 3, '顺平县', 'mainland'),
(130637, 130600, ',130000,130600,130637', 3, '博野县', 'mainland'),
(130638, 130600, ',130000,130600,130638', 3, '雄县', 'mainland'),
(130681, 130600, ',130000,130600,130681', 3, '涿州市', 'mainland'),
(130682, 130600, ',130000,130600,130682', 3, '定州市', 'mainland'),
(130683, 130600, ',130000,130600,130683', 3, '安国市', 'mainland'),
(130684, 130600, ',130000,130600,130684', 3, '高碑店市', 'mainland'),
(130698, 130600, ',130000,130600,130698', 3, '高开区', 'mainland'),
(130699, 130600, ',130000,130600,130699', 3, '其它区', 'mainland'),
(130700, 130000, ',130000,130700', 2, '张家口市', 'mainland'),
(130702, 130700, ',130000,130700,130702', 3, '桥东区', 'mainland'),
(130703, 130700, ',130000,130700,130703', 3, '桥西区', 'mainland'),
(130705, 130700, ',130000,130700,130705', 3, '宣化区', 'mainland'),
(130706, 130700, ',130000,130700,130706', 3, '下花园区', 'mainland'),
(130721, 130700, ',130000,130700,130721', 3, '宣化县', 'mainland'),
(130722, 130700, ',130000,130700,130722', 3, '张北县', 'mainland'),
(130723, 130700, ',130000,130700,130723', 3, '康保县', 'mainland'),
(130724, 130700, ',130000,130700,130724', 3, '沽源县', 'mainland'),
(130725, 130700, ',130000,130700,130725', 3, '尚义县', 'mainland'),
(130726, 130700, ',130000,130700,130726', 3, '蔚县', 'mainland'),
(130727, 130700, ',130000,130700,130727', 3, '阳原县', 'mainland'),
(130728, 130700, ',130000,130700,130728', 3, '怀安县', 'mainland'),
(130729, 130700, ',130000,130700,130729', 3, '万全县', 'mainland'),
(130730, 130700, ',130000,130700,130730', 3, '怀来县', 'mainland'),
(130731, 130700, ',130000,130700,130731', 3, '涿鹿县', 'mainland'),
(130732, 130700, ',130000,130700,130732', 3, '赤城县', 'mainland'),
(130733, 130700, ',130000,130700,130733', 3, '崇礼县', 'mainland'),
(130734, 130700, ',130000,130700,130734', 3, '其它区', 'mainland'),
(130800, 130000, ',130000,130800', 2, '承德市', 'mainland'),
(130802, 130800, ',130000,130800,130802', 3, '双桥区', 'mainland'),
(130803, 130800, ',130000,130800,130803', 3, '双滦区', 'mainland'),
(130804, 130800, ',130000,130800,130804', 3, '鹰手营子矿区', 'mainland'),
(130821, 130800, ',130000,130800,130821', 3, '承德县', 'mainland'),
(130822, 130800, ',130000,130800,130822', 3, '兴隆县', 'mainland'),
(130823, 130800, ',130000,130800,130823', 3, '平泉县', 'mainland'),
(130824, 130800, ',130000,130800,130824', 3, '滦平县', 'mainland'),
(130825, 130800, ',130000,130800,130825', 3, '隆化县', 'mainland'),
(130826, 130800, ',130000,130800,130826', 3, '丰宁满族自治县', 'mainland'),
(130827, 130800, ',130000,130800,130827', 3, '宽城满族自治县', 'mainland'),
(130828, 130800, ',130000,130800,130828', 3, '围场满族蒙古族自治县', 'mainland'),
(130829, 130800, ',130000,130800,130829', 3, '其它区', 'mainland'),
(130900, 130000, ',130000,130900', 2, '沧州市', 'mainland'),
(130902, 130900, ',130000,130900,130902', 3, '新华区', 'mainland'),
(130903, 130900, ',130000,130900,130903', 3, '运河区', 'mainland'),
(130921, 130900, ',130000,130900,130921', 3, '沧县', 'mainland'),
(130922, 130900, ',130000,130900,130922', 3, '青县', 'mainland'),
(130923, 130900, ',130000,130900,130923', 3, '东光县', 'mainland'),
(130924, 130900, ',130000,130900,130924', 3, '海兴县', 'mainland'),
(130925, 130900, ',130000,130900,130925', 3, '盐山县', 'mainland'),
(130926, 130900, ',130000,130900,130926', 3, '肃宁县', 'mainland'),
(130927, 130900, ',130000,130900,130927', 3, '南皮县', 'mainland'),
(130928, 130900, ',130000,130900,130928', 3, '吴桥县', 'mainland'),
(130929, 130900, ',130000,130900,130929', 3, '献县', 'mainland'),
(130930, 130900, ',130000,130900,130930', 3, '孟村回族自治县', 'mainland'),
(130981, 130900, ',130000,130900,130981', 3, '泊头市', 'mainland'),
(130982, 130900, ',130000,130900,130982', 3, '任丘市', 'mainland'),
(130983, 130900, ',130000,130900,130983', 3, '黄骅市', 'mainland'),
(130984, 130900, ',130000,130900,130984', 3, '河间市', 'mainland'),
(130985, 130900, ',130000,130900,130985', 3, '其它区', 'mainland'),
(131000, 130000, ',130000,131000', 2, '廊坊市', 'mainland'),
(131002, 131000, ',130000,131000,131002', 3, '安次区', 'mainland'),
(131003, 131000, ',130000,131000,131003', 3, '广阳区', 'mainland'),
(131022, 131000, ',130000,131000,131022', 3, '固安县', 'mainland'),
(131023, 131000, ',130000,131000,131023', 3, '永清县', 'mainland'),
(131024, 131000, ',130000,131000,131024', 3, '香河县', 'mainland'),
(131025, 131000, ',130000,131000,131025', 3, '大城县', 'mainland'),
(131026, 131000, ',130000,131000,131026', 3, '文安县', 'mainland'),
(131028, 131000, ',130000,131000,131028', 3, '大厂回族自治县', 'mainland'),
(131051, 131000, ',130000,131000,131051', 3, '开发区', 'mainland'),
(131052, 131000, ',130000,131000,131052', 3, '燕郊经济技术开发区', 'mainland'),
(131081, 131000, ',130000,131000,131081', 3, '霸州市', 'mainland'),
(131082, 131000, ',130000,131000,131082', 3, '三河市', 'mainland'),
(131083, 131000, ',130000,131000,131083', 3, '其它区', 'mainland'),
(131100, 130000, ',130000,131100', 2, '衡水市', 'mainland'),
(131102, 131100, ',130000,131100,131102', 3, '桃城区', 'mainland'),
(131121, 131100, ',130000,131100,131121', 3, '枣强县', 'mainland'),
(131122, 131100, ',130000,131100,131122', 3, '武邑县', 'mainland'),
(131123, 131100, ',130000,131100,131123', 3, '武强县', 'mainland'),
(131124, 131100, ',130000,131100,131124', 3, '饶阳县', 'mainland'),
(131125, 131100, ',130000,131100,131125', 3, '安平县', 'mainland'),
(131126, 131100, ',130000,131100,131126', 3, '故城县', 'mainland'),
(131127, 131100, ',130000,131100,131127', 3, '景县', 'mainland'),
(131128, 131100, ',130000,131100,131128', 3, '阜城县', 'mainland'),
(131181, 131100, ',130000,131100,131181', 3, '冀州市', 'mainland'),
(131182, 131100, ',130000,131100,131182', 3, '深州市', 'mainland'),
(131183, 131100, ',130000,131100,131183', 3, '其它区', 'mainland'),
(140000, 100000, ',140000', 1, '山西省', 'mainland'),
(140100, 140000, ',140000,140100', 2, '太原市', 'mainland'),
(140105, 140100, ',140000,140100,140105', 3, '小店区', 'mainland'),
(140106, 140100, ',140000,140100,140106', 3, '迎泽区', 'mainland'),
(140107, 140100, ',140000,140100,140107', 3, '杏花岭区', 'mainland'),
(140108, 140100, ',140000,140100,140108', 3, '尖草坪区', 'mainland'),
(140109, 140100, ',140000,140100,140109', 3, '万柏林区', 'mainland'),
(140110, 140100, ',140000,140100,140110', 3, '晋源区', 'mainland'),
(140121, 140100, ',140000,140100,140121', 3, '清徐县', 'mainland'),
(140122, 140100, ',140000,140100,140122', 3, '阳曲县', 'mainland'),
(140123, 140100, ',140000,140100,140123', 3, '娄烦县', 'mainland'),
(140181, 140100, ',140000,140100,140181', 3, '古交市', 'mainland'),
(140182, 140100, ',140000,140100,140182', 3, '其它区', 'mainland'),
(140200, 140000, ',140000,140200', 2, '大同市', 'mainland'),
(140202, 140200, ',140000,140200,140202', 3, '城区', 'mainland'),
(140203, 140200, ',140000,140200,140203', 3, '矿区', 'mainland'),
(140211, 140200, ',140000,140200,140211', 3, '南郊区', 'mainland'),
(140212, 140200, ',140000,140200,140212', 3, '新荣区', 'mainland'),
(140221, 140200, ',140000,140200,140221', 3, '阳高县', 'mainland'),
(140222, 140200, ',140000,140200,140222', 3, '天镇县', 'mainland'),
(140223, 140200, ',140000,140200,140223', 3, '广灵县', 'mainland'),
(140224, 140200, ',140000,140200,140224', 3, '灵丘县', 'mainland'),
(140225, 140200, ',140000,140200,140225', 3, '浑源县', 'mainland'),
(140226, 140200, ',140000,140200,140226', 3, '左云县', 'mainland'),
(140227, 140200, ',140000,140200,140227', 3, '大同县', 'mainland'),
(140228, 140200, ',140000,140200,140228', 3, '其它区', 'mainland'),
(140300, 140000, ',140000,140300', 2, '阳泉市', 'mainland'),
(140302, 140300, ',140000,140300,140302', 3, '城区', 'mainland'),
(140303, 140300, ',140000,140300,140303', 3, '矿区', 'mainland'),
(140311, 140300, ',140000,140300,140311', 3, '郊区', 'mainland'),
(140321, 140300, ',140000,140300,140321', 3, '平定县', 'mainland'),
(140322, 140300, ',140000,140300,140322', 3, '盂县', 'mainland'),
(140323, 140300, ',140000,140300,140323', 3, '其它区', 'mainland'),
(140400, 140000, ',140000,140400', 2, '长治市', 'mainland'),
(140421, 140400, ',140000,140400,140421', 3, '长治县', 'mainland'),
(140423, 140400, ',140000,140400,140423', 3, '襄垣县', 'mainland'),
(140424, 140400, ',140000,140400,140424', 3, '屯留县', 'mainland'),
(140425, 140400, ',140000,140400,140425', 3, '平顺县', 'mainland'),
(140426, 140400, ',140000,140400,140426', 3, '黎城县', 'mainland'),
(140427, 140400, ',140000,140400,140427', 3, '壶关县', 'mainland'),
(140428, 140400, ',140000,140400,140428', 3, '长子县', 'mainland'),
(140429, 140400, ',140000,140400,140429', 3, '武乡县', 'mainland'),
(140430, 140400, ',140000,140400,140430', 3, '沁县', 'mainland'),
(140431, 140400, ',140000,140400,140431', 3, '沁源县', 'mainland'),
(140481, 140400, ',140000,140400,140481', 3, '潞城市', 'mainland'),
(140482, 140400, ',140000,140400,140482', 3, '城区', 'mainland'),
(140483, 140400, ',140000,140400,140483', 3, '郊区', 'mainland'),
(140484, 140400, ',140000,140400,140484', 3, '高新区', 'mainland'),
(140485, 140400, ',140000,140400,140485', 3, '其它区', 'mainland'),
(140500, 140000, ',140000,140500', 2, '晋城市', 'mainland'),
(140502, 140500, ',140000,140500,140502', 3, '城区', 'mainland'),
(140521, 140500, ',140000,140500,140521', 3, '沁水县', 'mainland'),
(140522, 140500, ',140000,140500,140522', 3, '阳城县', 'mainland'),
(140524, 140500, ',140000,140500,140524', 3, '陵川县', 'mainland'),
(140525, 140500, ',140000,140500,140525', 3, '泽州县', 'mainland'),
(140581, 140500, ',140000,140500,140581', 3, '高平市', 'mainland'),
(140582, 140500, ',140000,140500,140582', 3, '其它区', 'mainland'),
(140600, 140000, ',140000,140600', 2, '朔州市', 'mainland'),
(140602, 140600, ',140000,140600,140602', 3, '朔城区', 'mainland'),
(140603, 140600, ',140000,140600,140603', 3, '平鲁区', 'mainland'),
(140621, 140600, ',140000,140600,140621', 3, '山阴县', 'mainland'),
(140622, 140600, ',140000,140600,140622', 3, '应县', 'mainland'),
(140623, 140600, ',140000,140600,140623', 3, '右玉县', 'mainland'),
(140624, 140600, ',140000,140600,140624', 3, '怀仁县', 'mainland'),
(140625, 140600, ',140000,140600,140625', 3, '其它区', 'mainland'),
(140700, 140000, ',140000,140700', 2, '晋中市', 'mainland'),
(140702, 140700, ',140000,140700,140702', 3, '榆次区', 'mainland'),
(140721, 140700, ',140000,140700,140721', 3, '榆社县', 'mainland'),
(140722, 140700, ',140000,140700,140722', 3, '左权县', 'mainland'),
(140723, 140700, ',140000,140700,140723', 3, '和顺县', 'mainland'),
(140724, 140700, ',140000,140700,140724', 3, '昔阳县', 'mainland'),
(140725, 140700, ',140000,140700,140725', 3, '寿阳县', 'mainland'),
(140726, 140700, ',140000,140700,140726', 3, '太谷县', 'mainland'),
(140727, 140700, ',140000,140700,140727', 3, '祁县', 'mainland'),
(140728, 140700, ',140000,140700,140728', 3, '平遥县', 'mainland'),
(140729, 140700, ',140000,140700,140729', 3, '灵石县', 'mainland'),
(140781, 140700, ',140000,140700,140781', 3, '介休市', 'mainland'),
(140782, 140700, ',140000,140700,140782', 3, '其它区', 'mainland'),
(140800, 140000, ',140000,140800', 2, '运城市', 'mainland'),
(140802, 140800, ',140000,140800,140802', 3, '盐湖区', 'mainland'),
(140821, 140800, ',140000,140800,140821', 3, '临猗县', 'mainland'),
(140822, 140800, ',140000,140800,140822', 3, '万荣县', 'mainland'),
(140823, 140800, ',140000,140800,140823', 3, '闻喜县', 'mainland'),
(140824, 140800, ',140000,140800,140824', 3, '稷山县', 'mainland'),
(140825, 140800, ',140000,140800,140825', 3, '新绛县', 'mainland'),
(140826, 140800, ',140000,140800,140826', 3, '绛县', 'mainland'),
(140827, 140800, ',140000,140800,140827', 3, '垣曲县', 'mainland'),
(140828, 140800, ',140000,140800,140828', 3, '夏县', 'mainland'),
(140829, 140800, ',140000,140800,140829', 3, '平陆县', 'mainland'),
(140830, 140800, ',140000,140800,140830', 3, '芮城县', 'mainland'),
(140881, 140800, ',140000,140800,140881', 3, '永济市', 'mainland'),
(140882, 140800, ',140000,140800,140882', 3, '河津市', 'mainland'),
(140883, 140800, ',140000,140800,140883', 3, '其它区', 'mainland'),
(140900, 140000, ',140000,140900', 2, '忻州市', 'mainland'),
(140902, 140900, ',140000,140900,140902', 3, '忻府区', 'mainland'),
(140921, 140900, ',140000,140900,140921', 3, '定襄县', 'mainland'),
(140922, 140900, ',140000,140900,140922', 3, '五台县', 'mainland'),
(140923, 140900, ',140000,140900,140923', 3, '代县', 'mainland'),
(140924, 140900, ',140000,140900,140924', 3, '繁峙县', 'mainland'),
(140925, 140900, ',140000,140900,140925', 3, '宁武县', 'mainland'),
(140926, 140900, ',140000,140900,140926', 3, '静乐县', 'mainland'),
(140927, 140900, ',140000,140900,140927', 3, '神池县', 'mainland'),
(140928, 140900, ',140000,140900,140928', 3, '五寨县', 'mainland'),
(140929, 140900, ',140000,140900,140929', 3, '岢岚县', 'mainland'),
(140930, 140900, ',140000,140900,140930', 3, '河曲县', 'mainland'),
(140931, 140900, ',140000,140900,140931', 3, '保德县', 'mainland'),
(140932, 140900, ',140000,140900,140932', 3, '偏关县', 'mainland'),
(140981, 140900, ',140000,140900,140981', 3, '原平市', 'mainland'),
(140982, 140900, ',140000,140900,140982', 3, '其它区', 'mainland'),
(141000, 140000, ',140000,141000', 2, '临汾市', 'mainland'),
(141002, 141000, ',140000,141000,141002', 3, '尧都区', 'mainland'),
(141021, 141000, ',140000,141000,141021', 3, '曲沃县', 'mainland'),
(141022, 141000, ',140000,141000,141022', 3, '翼城县', 'mainland'),
(141023, 141000, ',140000,141000,141023', 3, '襄汾县', 'mainland'),
(141024, 141000, ',140000,141000,141024', 3, '洪洞县', 'mainland'),
(141025, 141000, ',140000,141000,141025', 3, '古县', 'mainland'),
(141026, 141000, ',140000,141000,141026', 3, '安泽县', 'mainland'),
(141027, 141000, ',140000,141000,141027', 3, '浮山县', 'mainland'),
(141028, 141000, ',140000,141000,141028', 3, '吉县', 'mainland'),
(141029, 141000, ',140000,141000,141029', 3, '乡宁县', 'mainland'),
(141030, 141000, ',140000,141000,141030', 3, '大宁县', 'mainland'),
(141031, 141000, ',140000,141000,141031', 3, '隰县', 'mainland'),
(141032, 141000, ',140000,141000,141032', 3, '永和县', 'mainland'),
(141033, 141000, ',140000,141000,141033', 3, '蒲县', 'mainland'),
(141034, 141000, ',140000,141000,141034', 3, '汾西县', 'mainland'),
(141081, 141000, ',140000,141000,141081', 3, '侯马市', 'mainland'),
(141082, 141000, ',140000,141000,141082', 3, '霍州市', 'mainland'),
(141083, 141000, ',140000,141000,141083', 3, '其它区', 'mainland'),
(141100, 140000, ',140000,141100', 2, '吕梁市', 'mainland'),
(141102, 141100, ',140000,141100,141102', 3, '离石区', 'mainland'),
(141121, 141100, ',140000,141100,141121', 3, '文水县', 'mainland'),
(141122, 141100, ',140000,141100,141122', 3, '交城县', 'mainland'),
(141123, 141100, ',140000,141100,141123', 3, '兴县', 'mainland'),
(141124, 141100, ',140000,141100,141124', 3, '临县', 'mainland'),
(141125, 141100, ',140000,141100,141125', 3, '柳林县', 'mainland'),
(141126, 141100, ',140000,141100,141126', 3, '石楼县', 'mainland'),
(141127, 141100, ',140000,141100,141127', 3, '岚县', 'mainland'),
(141128, 141100, ',140000,141100,141128', 3, '方山县', 'mainland'),
(141129, 141100, ',140000,141100,141129', 3, '中阳县', 'mainland'),
(141130, 141100, ',140000,141100,141130', 3, '交口县', 'mainland'),
(141181, 141100, ',140000,141100,141181', 3, '孝义市', 'mainland'),
(141182, 141100, ',140000,141100,141182', 3, '汾阳市', 'mainland'),
(141183, 141100, ',140000,141100,141183', 3, '其它区', 'mainland'),
(150000, 100000, ',150000', 1, '内蒙古自治区', 'mainland'),
(150100, 150000, ',150000,150100', 2, '呼和浩特市', 'mainland'),
(150102, 150100, ',150000,150100,150102', 3, '新城区', 'mainland'),
(150103, 150100, ',150000,150100,150103', 3, '回民区', 'mainland'),
(150104, 150100, ',150000,150100,150104', 3, '玉泉区', 'mainland'),
(150105, 150100, ',150000,150100,150105', 3, '赛罕区', 'mainland'),
(150121, 150100, ',150000,150100,150121', 3, '土默特左旗', 'mainland'),
(150122, 150100, ',150000,150100,150122', 3, '托克托县', 'mainland'),
(150123, 150100, ',150000,150100,150123', 3, '和林格尔县', 'mainland'),
(150124, 150100, ',150000,150100,150124', 3, '清水河县', 'mainland'),
(150125, 150100, ',150000,150100,150125', 3, '武川县', 'mainland'),
(150126, 150100, ',150000,150100,150126', 3, '其它区', 'mainland'),
(150200, 150000, ',150000,150200', 2, '包头市', 'mainland'),
(150202, 150200, ',150000,150200,150202', 3, '东河区', 'mainland'),
(150203, 150200, ',150000,150200,150203', 3, '昆都仑区', 'mainland'),
(150204, 150200, ',150000,150200,150204', 3, '青山区', 'mainland'),
(150205, 150200, ',150000,150200,150205', 3, '石拐区', 'mainland'),
(150206, 150200, ',150000,150200,150206', 3, '白云矿区', 'mainland'),
(150207, 150200, ',150000,150200,150207', 3, '九原区', 'mainland'),
(150221, 150200, ',150000,150200,150221', 3, '土默特右旗', 'mainland'),
(150222, 150200, ',150000,150200,150222', 3, '固阳县', 'mainland'),
(150223, 150200, ',150000,150200,150223', 3, '达尔罕茂明安联合旗', 'mainland'),
(150224, 150200, ',150000,150200,150224', 3, '其它区', 'mainland'),
(150300, 150000, ',150000,150300', 2, '乌海市', 'mainland'),
(150302, 150300, ',150000,150300,150302', 3, '海勃湾区', 'mainland'),
(150303, 150300, ',150000,150300,150303', 3, '海南区', 'mainland'),
(150304, 150300, ',150000,150300,150304', 3, '乌达区', 'mainland'),
(150305, 150300, ',150000,150300,150305', 3, '其它区', 'mainland'),
(150400, 150000, ',150000,150400', 2, '赤峰市', 'mainland'),
(150402, 150400, ',150000,150400,150402', 3, '红山区', 'mainland'),
(150403, 150400, ',150000,150400,150403', 3, '元宝山区', 'mainland'),
(150404, 150400, ',150000,150400,150404', 3, '松山区', 'mainland'),
(150421, 150400, ',150000,150400,150421', 3, '阿鲁科尔沁旗', 'mainland'),
(150422, 150400, ',150000,150400,150422', 3, '巴林左旗', 'mainland'),
(150423, 150400, ',150000,150400,150423', 3, '巴林右旗', 'mainland'),
(150424, 150400, ',150000,150400,150424', 3, '林西县', 'mainland'),
(150425, 150400, ',150000,150400,150425', 3, '克什克腾旗', 'mainland'),
(150426, 150400, ',150000,150400,150426', 3, '翁牛特旗', 'mainland'),
(150428, 150400, ',150000,150400,150428', 3, '喀喇沁旗', 'mainland'),
(150429, 150400, ',150000,150400,150429', 3, '宁城县', 'mainland'),
(150430, 150400, ',150000,150400,150430', 3, '敖汉旗', 'mainland'),
(150431, 150400, ',150000,150400,150431', 3, '其它区', 'mainland'),
(150500, 150000, ',150000,150500', 2, '通辽市', 'mainland'),
(150502, 150500, ',150000,150500,150502', 3, '科尔沁区', 'mainland'),
(150521, 150500, ',150000,150500,150521', 3, '科尔沁左翼中旗', 'mainland'),
(150522, 150500, ',150000,150500,150522', 3, '科尔沁左翼后旗', 'mainland'),
(150523, 150500, ',150000,150500,150523', 3, '开鲁县', 'mainland'),
(150524, 150500, ',150000,150500,150524', 3, '库伦旗', 'mainland'),
(150525, 150500, ',150000,150500,150525', 3, '奈曼旗', 'mainland'),
(150526, 150500, ',150000,150500,150526', 3, '扎鲁特旗', 'mainland'),
(150581, 150500, ',150000,150500,150581', 3, '霍林郭勒市', 'mainland'),
(150582, 150500, ',150000,150500,150582', 3, '其它区', 'mainland'),
(150600, 150000, ',150000,150600', 2, '鄂尔多斯市', 'mainland'),
(150602, 150600, ',150000,150600,150602', 3, '东胜区', 'mainland'),
(150621, 150600, ',150000,150600,150621', 3, '达拉特旗', 'mainland'),
(150622, 150600, ',150000,150600,150622', 3, '准格尔旗', 'mainland'),
(150623, 150600, ',150000,150600,150623', 3, '鄂托克前旗', 'mainland'),
(150624, 150600, ',150000,150600,150624', 3, '鄂托克旗', 'mainland'),
(150625, 150600, ',150000,150600,150625', 3, '杭锦旗', 'mainland'),
(150626, 150600, ',150000,150600,150626', 3, '乌审旗', 'mainland'),
(150627, 150600, ',150000,150600,150627', 3, '伊金霍洛旗', 'mainland'),
(150628, 150600, ',150000,150600,150628', 3, '其它区', 'mainland'),
(150700, 150000, ',150000,150700', 2, '呼伦贝尔市', 'mainland'),
(150702, 150700, ',150000,150700,150702', 3, '海拉尔区', 'mainland'),
(150721, 150700, ',150000,150700,150721', 3, '阿荣旗', 'mainland'),
(150722, 150700, ',150000,150700,150722', 3, '莫力达瓦达斡尔族自治旗', 'mainland'),
(150723, 150700, ',150000,150700,150723', 3, '鄂伦春自治旗', 'mainland'),
(150724, 150700, ',150000,150700,150724', 3, '鄂温克族自治旗', 'mainland'),
(150725, 150700, ',150000,150700,150725', 3, '陈巴尔虎旗', 'mainland'),
(150726, 150700, ',150000,150700,150726', 3, '新巴尔虎左旗', 'mainland'),
(150727, 150700, ',150000,150700,150727', 3, '新巴尔虎右旗', 'mainland'),
(150781, 150700, ',150000,150700,150781', 3, '满洲里市', 'mainland'),
(150782, 150700, ',150000,150700,150782', 3, '牙克石市', 'mainland'),
(150783, 150700, ',150000,150700,150783', 3, '扎兰屯市', 'mainland'),
(150784, 150700, ',150000,150700,150784', 3, '额尔古纳市', 'mainland'),
(150785, 150700, ',150000,150700,150785', 3, '根河市', 'mainland'),
(150786, 150700, ',150000,150700,150786', 3, '其它区', 'mainland'),
(150800, 150000, ',150000,150800', 2, '巴彦淖尔市', 'mainland'),
(150802, 150800, ',150000,150800,150802', 3, '临河区', 'mainland'),
(150821, 150800, ',150000,150800,150821', 3, '五原县', 'mainland'),
(150822, 150800, ',150000,150800,150822', 3, '磴口县', 'mainland'),
(150823, 150800, ',150000,150800,150823', 3, '乌拉特前旗', 'mainland'),
(150824, 150800, ',150000,150800,150824', 3, '乌拉特中旗', 'mainland'),
(150825, 150800, ',150000,150800,150825', 3, '乌拉特后旗', 'mainland'),
(150826, 150800, ',150000,150800,150826', 3, '杭锦后旗', 'mainland'),
(150827, 150800, ',150000,150800,150827', 3, '其它区', 'mainland'),
(150900, 150000, ',150000,150900', 2, '乌兰察布市', 'mainland'),
(150902, 150900, ',150000,150900,150902', 3, '集宁区', 'mainland'),
(150921, 150900, ',150000,150900,150921', 3, '卓资县', 'mainland'),
(150922, 150900, ',150000,150900,150922', 3, '化德县', 'mainland'),
(150923, 150900, ',150000,150900,150923', 3, '商都县', 'mainland'),
(150924, 150900, ',150000,150900,150924', 3, '兴和县', 'mainland'),
(150925, 150900, ',150000,150900,150925', 3, '凉城县', 'mainland'),
(150926, 150900, ',150000,150900,150926', 3, '察哈尔右翼前旗', 'mainland'),
(150927, 150900, ',150000,150900,150927', 3, '察哈尔右翼中旗', 'mainland'),
(150928, 150900, ',150000,150900,150928', 3, '察哈尔右翼后旗', 'mainland'),
(150929, 150900, ',150000,150900,150929', 3, '四子王旗', 'mainland'),
(150981, 150900, ',150000,150900,150981', 3, '丰镇市', 'mainland'),
(150982, 150900, ',150000,150900,150982', 3, '其它区', 'mainland'),
(152200, 150000, ',150000,152200', 2, '兴安盟', 'mainland'),
(152201, 152200, ',150000,152200,152201', 3, '乌兰浩特市', 'mainland'),
(152202, 152200, ',150000,152200,152202', 3, '阿尔山市', 'mainland'),
(152221, 152200, ',150000,152200,152221', 3, '科尔沁右翼前旗', 'mainland'),
(152222, 152200, ',150000,152200,152222', 3, '科尔沁右翼中旗', 'mainland'),
(152223, 152200, ',150000,152200,152223', 3, '扎赉特旗', 'mainland'),
(152224, 152200, ',150000,152200,152224', 3, '突泉县', 'mainland'),
(152225, 152200, ',150000,152200,152225', 3, '其它区', 'mainland'),
(152500, 150000, ',150000,152500', 2, '锡林郭勒盟', 'mainland'),
(152501, 152500, ',150000,152500,152501', 3, '二连浩特市', 'mainland'),
(152502, 152500, ',150000,152500,152502', 3, '锡林浩特市', 'mainland'),
(152522, 152500, ',150000,152500,152522', 3, '阿巴嘎旗', 'mainland'),
(152523, 152500, ',150000,152500,152523', 3, '苏尼特左旗', 'mainland'),
(152524, 152500, ',150000,152500,152524', 3, '苏尼特右旗', 'mainland'),
(152525, 152500, ',150000,152500,152525', 3, '东乌珠穆沁旗', 'mainland'),
(152526, 152500, ',150000,152500,152526', 3, '西乌珠穆沁旗', 'mainland'),
(152527, 152500, ',150000,152500,152527', 3, '太仆寺旗', 'mainland'),
(152528, 152500, ',150000,152500,152528', 3, '镶黄旗', 'mainland'),
(152529, 152500, ',150000,152500,152529', 3, '正镶白旗', 'mainland'),
(152530, 152500, ',150000,152500,152530', 3, '正蓝旗', 'mainland'),
(152531, 152500, ',150000,152500,152531', 3, '多伦县', 'mainland'),
(152532, 152500, ',150000,152500,152532', 3, '其它区', 'mainland'),
(152900, 150000, ',150000,152900', 2, '阿拉善盟', 'mainland'),
(152921, 152900, ',150000,152900,152921', 3, '阿拉善左旗', 'mainland'),
(152922, 152900, ',150000,152900,152922', 3, '阿拉善右旗', 'mainland'),
(152923, 152900, ',150000,152900,152923', 3, '额济纳旗', 'mainland'),
(152924, 152900, ',150000,152900,152924', 3, '其它区', 'mainland'),
(210000, 100000, ',210000', 1, '辽宁省', 'mainland'),
(210100, 210000, ',210000,210100', 2, '沈阳市', 'mainland'),
(210102, 210100, ',210000,210100,210102', 3, '和平区', 'mainland'),
(210103, 210100, ',210000,210100,210103', 3, '沈河区', 'mainland'),
(210104, 210100, ',210000,210100,210104', 3, '大东区', 'mainland'),
(210105, 210100, ',210000,210100,210105', 3, '皇姑区', 'mainland'),
(210106, 210100, ',210000,210100,210106', 3, '铁西区', 'mainland'),
(210111, 210100, ',210000,210100,210111', 3, '苏家屯区', 'mainland'),
(210112, 210100, ',210000,210100,210112', 3, '东陵区', 'mainland'),
(210113, 210100, ',210000,210100,210113', 3, '新城子区', 'mainland'),
(210114, 210100, ',210000,210100,210114', 3, '于洪区', 'mainland'),
(210122, 210100, ',210000,210100,210122', 3, '辽中县', 'mainland'),
(210123, 210100, ',210000,210100,210123', 3, '康平县', 'mainland'),
(210124, 210100, ',210000,210100,210124', 3, '法库县', 'mainland'),
(210181, 210100, ',210000,210100,210181', 3, '新民市', 'mainland'),
(210182, 210100, ',210000,210100,210182', 3, '浑南新区', 'mainland'),
(210183, 210100, ',210000,210100,210183', 3, '张士开发区', 'mainland'),
(210184, 210100, ',210000,210100,210184', 3, '沈北新区', 'mainland'),
(210185, 210100, ',210000,210100,210185', 3, '其它区', 'mainland'),
(210200, 210000, ',210000,210200', 2, '大连市', 'mainland'),
(210202, 210200, ',210000,210200,210202', 3, '中山区', 'mainland'),
(210203, 210200, ',210000,210200,210203', 3, '西岗区', 'mainland'),
(210204, 210200, ',210000,210200,210204', 3, '沙河口区', 'mainland'),
(210211, 210200, ',210000,210200,210211', 3, '甘井子区', 'mainland'),
(210212, 210200, ',210000,210200,210212', 3, '旅顺口区', 'mainland'),
(210213, 210200, ',210000,210200,210213', 3, '金州区', 'mainland'),
(210224, 210200, ',210000,210200,210224', 3, '长海县', 'mainland'),
(210251, 210200, ',210000,210200,210251', 3, '开发区', 'mainland'),
(210281, 210200, ',210000,210200,210281', 3, '瓦房店市', 'mainland'),
(210282, 210200, ',210000,210200,210282', 3, '普兰店市', 'mainland'),
(210283, 210200, ',210000,210200,210283', 3, '庄河市', 'mainland'),
(210297, 210200, ',210000,210200,210297', 3, '岭前区', 'mainland'),
(210298, 210200, ',210000,210200,210298', 3, '其它区', 'mainland'),
(210300, 210000, ',210000,210300', 2, '鞍山市', 'mainland'),
(210302, 210300, ',210000,210300,210302', 3, '铁东区', 'mainland'),
(210303, 210300, ',210000,210300,210303', 3, '铁西区', 'mainland'),
(210304, 210300, ',210000,210300,210304', 3, '立山区', 'mainland'),
(210311, 210300, ',210000,210300,210311', 3, '千山区', 'mainland'),
(210321, 210300, ',210000,210300,210321', 3, '台安县', 'mainland'),
(210323, 210300, ',210000,210300,210323', 3, '岫岩满族自治县', 'mainland'),
(210351, 210300, ',210000,210300,210351', 3, '高新区', 'mainland'),
(210381, 210300, ',210000,210300,210381', 3, '海城市', 'mainland'),
(210382, 210300, ',210000,210300,210382', 3, '其它区', 'mainland'),
(210400, 210000, ',210000,210400', 2, '抚顺市', 'mainland'),
(210402, 210400, ',210000,210400,210402', 3, '新抚区', 'mainland'),
(210403, 210400, ',210000,210400,210403', 3, '东洲区', 'mainland'),
(210404, 210400, ',210000,210400,210404', 3, '望花区', 'mainland'),
(210411, 210400, ',210000,210400,210411', 3, '顺城区', 'mainland'),
(210421, 210400, ',210000,210400,210421', 3, '抚顺县', 'mainland'),
(210422, 210400, ',210000,210400,210422', 3, '新宾满族自治县', 'mainland'),
(210423, 210400, ',210000,210400,210423', 3, '清原满族自治县', 'mainland'),
(210424, 210400, ',210000,210400,210424', 3, '其它区', 'mainland'),
(210500, 210000, ',210000,210500', 2, '本溪市', 'mainland'),
(210502, 210500, ',210000,210500,210502', 3, '平山区', 'mainland'),
(210503, 210500, ',210000,210500,210503', 3, '溪湖区', 'mainland'),
(210504, 210500, ',210000,210500,210504', 3, '明山区', 'mainland'),
(210505, 210500, ',210000,210500,210505', 3, '南芬区', 'mainland'),
(210521, 210500, ',210000,210500,210521', 3, '本溪满族自治县', 'mainland'),
(210522, 210500, ',210000,210500,210522', 3, '桓仁满族自治县', 'mainland'),
(210523, 210500, ',210000,210500,210523', 3, '其它区', 'mainland'),
(210600, 210000, ',210000,210600', 2, '丹东市', 'mainland'),
(210602, 210600, ',210000,210600,210602', 3, '元宝区', 'mainland'),
(210603, 210600, ',210000,210600,210603', 3, '振兴区', 'mainland'),
(210604, 210600, ',210000,210600,210604', 3, '振安区', 'mainland'),
(210624, 210600, ',210000,210600,210624', 3, '宽甸满族自治县', 'mainland'),
(210681, 210600, ',210000,210600,210681', 3, '东港市', 'mainland'),
(210682, 210600, ',210000,210600,210682', 3, '凤城市', 'mainland'),
(210683, 210600, ',210000,210600,210683', 3, '其它区', 'mainland'),
(210700, 210000, ',210000,210700', 2, '锦州市', 'mainland'),
(210702, 210700, ',210000,210700,210702', 3, '古塔区', 'mainland'),
(210703, 210700, ',210000,210700,210703', 3, '凌河区', 'mainland'),
(210711, 210700, ',210000,210700,210711', 3, '太和区', 'mainland'),
(210726, 210700, ',210000,210700,210726', 3, '黑山县', 'mainland'),
(210727, 210700, ',210000,210700,210727', 3, '义县', 'mainland'),
(210781, 210700, ',210000,210700,210781', 3, '凌海市', 'mainland'),
(210782, 210700, ',210000,210700,210782', 3, '北镇市', 'mainland'),
(210783, 210700, ',210000,210700,210783', 3, '其它区', 'mainland'),
(210800, 210000, ',210000,210800', 2, '营口市', 'mainland'),
(210802, 210800, ',210000,210800,210802', 3, '站前区', 'mainland'),
(210803, 210800, ',210000,210800,210803', 3, '西市区', 'mainland'),
(210804, 210800, ',210000,210800,210804', 3, '鲅鱼圈区', 'mainland'),
(210811, 210800, ',210000,210800,210811', 3, '老边区', 'mainland'),
(210881, 210800, ',210000,210800,210881', 3, '盖州市', 'mainland'),
(210882, 210800, ',210000,210800,210882', 3, '大石桥市', 'mainland'),
(210883, 210800, ',210000,210800,210883', 3, '其它区', 'mainland'),
(210900, 210000, ',210000,210900', 2, '阜新市', 'mainland'),
(210902, 210900, ',210000,210900,210902', 3, '海州区', 'mainland'),
(210903, 210900, ',210000,210900,210903', 3, '新邱区', 'mainland'),
(210904, 210900, ',210000,210900,210904', 3, '太平区', 'mainland'),
(210905, 210900, ',210000,210900,210905', 3, '清河门区', 'mainland'),
(210911, 210900, ',210000,210900,210911', 3, '细河区', 'mainland'),
(210921, 210900, ',210000,210900,210921', 3, '阜新蒙古族自治县', 'mainland'),
(210922, 210900, ',210000,210900,210922', 3, '彰武县', 'mainland'),
(210923, 210900, ',210000,210900,210923', 3, '其它区', 'mainland'),
(211000, 210000, ',210000,211000', 2, '辽阳市', 'mainland'),
(211002, 211000, ',210000,211000,211002', 3, '白塔区', 'mainland'),
(211003, 211000, ',210000,211000,211003', 3, '文圣区', 'mainland'),
(211004, 211000, ',210000,211000,211004', 3, '宏伟区', 'mainland'),
(211005, 211000, ',210000,211000,211005', 3, '弓长岭区', 'mainland'),
(211011, 211000, ',210000,211000,211011', 3, '太子河区', 'mainland'),
(211021, 211000, ',210000,211000,211021', 3, '辽阳县', 'mainland'),
(211081, 211000, ',210000,211000,211081', 3, '灯塔市', 'mainland'),
(211082, 211000, ',210000,211000,211082', 3, '其它区', 'mainland'),
(211100, 210000, ',210000,211100', 2, '盘锦市', 'mainland'),
(211102, 211100, ',210000,211100,211102', 3, '双台子区', 'mainland'),
(211103, 211100, ',210000,211100,211103', 3, '兴隆台区', 'mainland'),
(211121, 211100, ',210000,211100,211121', 3, '大洼县', 'mainland'),
(211122, 211100, ',210000,211100,211122', 3, '盘山县', 'mainland'),
(211123, 211100, ',210000,211100,211123', 3, '其它区', 'mainland'),
(211200, 210000, ',210000,211200', 2, '铁岭市', 'mainland'),
(211202, 211200, ',210000,211200,211202', 3, '银州区', 'mainland'),
(211204, 211200, ',210000,211200,211204', 3, '清河区', 'mainland'),
(211221, 211200, ',210000,211200,211221', 3, '铁岭县', 'mainland'),
(211223, 211200, ',210000,211200,211223', 3, '西丰县', 'mainland'),
(211224, 211200, ',210000,211200,211224', 3, '昌图县', 'mainland'),
(211281, 211200, ',210000,211200,211281', 3, '调兵山市', 'mainland'),
(211282, 211200, ',210000,211200,211282', 3, '开原市', 'mainland'),
(211283, 211200, ',210000,211200,211283', 3, '其它区', 'mainland'),
(211300, 210000, ',210000,211300', 2, '朝阳市', 'mainland'),
(211302, 211300, ',210000,211300,211302', 3, '双塔区', 'mainland'),
(211303, 211300, ',210000,211300,211303', 3, '龙城区', 'mainland'),
(211321, 211300, ',210000,211300,211321', 3, '朝阳县', 'mainland'),
(211322, 211300, ',210000,211300,211322', 3, '建平县', 'mainland'),
(211324, 211300, ',210000,211300,211324', 3, '喀喇沁左翼蒙古族自治县', 'mainland'),
(211381, 211300, ',210000,211300,211381', 3, '北票市', 'mainland'),
(211382, 211300, ',210000,211300,211382', 3, '凌源市', 'mainland'),
(211383, 211300, ',210000,211300,211383', 3, '其它区', 'mainland'),
(211400, 210000, ',210000,211400', 2, '葫芦岛市', 'mainland'),
(211402, 211400, ',210000,211400,211402', 3, '连山区', 'mainland'),
(211403, 211400, ',210000,211400,211403', 3, '龙港区', 'mainland'),
(211404, 211400, ',210000,211400,211404', 3, '南票区', 'mainland'),
(211421, 211400, ',210000,211400,211421', 3, '绥中县', 'mainland'),
(211422, 211400, ',210000,211400,211422', 3, '建昌县', 'mainland'),
(211481, 211400, ',210000,211400,211481', 3, '兴城市', 'mainland'),
(211482, 211400, ',210000,211400,211482', 3, '其它区', 'mainland'),
(220000, 100000, ',220000', 1, '吉林省', 'mainland'),
(220100, 220000, ',220000,220100', 2, '长春市', 'mainland'),
(220102, 220100, ',220000,220100,220102', 3, '南关区', 'mainland'),
(220103, 220100, ',220000,220100,220103', 3, '宽城区', 'mainland'),
(220104, 220100, ',220000,220100,220104', 3, '朝阳区', 'mainland'),
(220105, 220100, ',220000,220100,220105', 3, '二道区', 'mainland'),
(220106, 220100, ',220000,220100,220106', 3, '绿园区', 'mainland'),
(220112, 220100, ',220000,220100,220112', 3, '双阳区', 'mainland'),
(220122, 220100, ',220000,220100,220122', 3, '农安县', 'mainland'),
(220181, 220100, ',220000,220100,220181', 3, '九台市', 'mainland'),
(220182, 220100, ',220000,220100,220182', 3, '榆树市', 'mainland'),
(220183, 220100, ',220000,220100,220183', 3, '德惠市', 'mainland'),
(220184, 220100, ',220000,220100,220184', 3, '高新技术产业开发区', 'mainland'),
(220185, 220100, ',220000,220100,220185', 3, '汽车产业开发区', 'mainland'),
(220186, 220100, ',220000,220100,220186', 3, '经济技术开发区', 'mainland'),
(220187, 220100, ',220000,220100,220187', 3, '净月旅游开发区', 'mainland'),
(220188, 220100, ',220000,220100,220188', 3, '其它区', 'mainland'),
(220200, 220000, ',220000,220200', 2, '吉林市', 'mainland'),
(220202, 220200, ',220000,220200,220202', 3, '昌邑区', 'mainland'),
(220203, 220200, ',220000,220200,220203', 3, '龙潭区', 'mainland'),
(220204, 220200, ',220000,220200,220204', 3, '船营区', 'mainland'),
(220211, 220200, ',220000,220200,220211', 3, '丰满区', 'mainland'),
(220221, 220200, ',220000,220200,220221', 3, '永吉县', 'mainland'),
(220281, 220200, ',220000,220200,220281', 3, '蛟河市', 'mainland'),
(220282, 220200, ',220000,220200,220282', 3, '桦甸市', 'mainland'),
(220283, 220200, ',220000,220200,220283', 3, '舒兰市', 'mainland'),
(220284, 220200, ',220000,220200,220284', 3, '磐石市', 'mainland'),
(220285, 220200, ',220000,220200,220285', 3, '其它区', 'mainland'),
(220300, 220000, ',220000,220300', 2, '四平市', 'mainland'),
(220302, 220300, ',220000,220300,220302', 3, '铁西区', 'mainland'),
(220303, 220300, ',220000,220300,220303', 3, '铁东区', 'mainland'),
(220322, 220300, ',220000,220300,220322', 3, '梨树县', 'mainland'),
(220323, 220300, ',220000,220300,220323', 3, '伊通满族自治县', 'mainland'),
(220381, 220300, ',220000,220300,220381', 3, '公主岭市', 'mainland'),
(220382, 220300, ',220000,220300,220382', 3, '双辽市', 'mainland'),
(220383, 220300, ',220000,220300,220383', 3, '其它区', 'mainland'),
(220400, 220000, ',220000,220400', 2, '辽源市', 'mainland'),
(220402, 220400, ',220000,220400,220402', 3, '龙山区', 'mainland'),
(220403, 220400, ',220000,220400,220403', 3, '西安区', 'mainland'),
(220421, 220400, ',220000,220400,220421', 3, '东丰县', 'mainland'),
(220422, 220400, ',220000,220400,220422', 3, '东辽县', 'mainland'),
(220423, 220400, ',220000,220400,220423', 3, '其它区', 'mainland'),
(220500, 220000, ',220000,220500', 2, '通化市', 'mainland'),
(220502, 220500, ',220000,220500,220502', 3, '东昌区', 'mainland'),
(220503, 220500, ',220000,220500,220503', 3, '二道江区', 'mainland'),
(220521, 220500, ',220000,220500,220521', 3, '通化县', 'mainland'),
(220523, 220500, ',220000,220500,220523', 3, '辉南县', 'mainland'),
(220524, 220500, ',220000,220500,220524', 3, '柳河县', 'mainland'),
(220581, 220500, ',220000,220500,220581', 3, '梅河口市', 'mainland'),
(220582, 220500, ',220000,220500,220582', 3, '集安市', 'mainland'),
(220583, 220500, ',220000,220500,220583', 3, '其它区', 'mainland'),
(220600, 220000, ',220000,220600', 2, '白山市', 'mainland'),
(220602, 220600, ',220000,220600,220602', 3, '八道江区', 'mainland'),
(220621, 220600, ',220000,220600,220621', 3, '抚松县', 'mainland'),
(220622, 220600, ',220000,220600,220622', 3, '靖宇县', 'mainland'),
(220623, 220600, ',220000,220600,220623', 3, '长白朝鲜族自治县', 'mainland'),
(220625, 220600, ',220000,220600,220625', 3, '江源县', 'mainland'),
(220681, 220600, ',220000,220600,220681', 3, '临江市', 'mainland'),
(220682, 220600, ',220000,220600,220682', 3, '其它区', 'mainland'),
(220700, 220000, ',220000,220700', 2, '松原市', 'mainland'),
(220702, 220700, ',220000,220700,220702', 3, '宁江区', 'mainland'),
(220721, 220700, ',220000,220700,220721', 3, '前郭尔罗斯蒙古族自治县', 'mainland'),
(220722, 220700, ',220000,220700,220722', 3, '长岭县', 'mainland'),
(220723, 220700, ',220000,220700,220723', 3, '乾安县', 'mainland'),
(220724, 220700, ',220000,220700,220724', 3, '扶余县', 'mainland'),
(220725, 220700, ',220000,220700,220725', 3, '其它区', 'mainland'),
(220800, 220000, ',220000,220800', 2, '白城市', 'mainland'),
(220802, 220800, ',220000,220800,220802', 3, '洮北区', 'mainland'),
(220821, 220800, ',220000,220800,220821', 3, '镇赉县', 'mainland'),
(220822, 220800, ',220000,220800,220822', 3, '通榆县', 'mainland'),
(220881, 220800, ',220000,220800,220881', 3, '洮南市', 'mainland'),
(220882, 220800, ',220000,220800,220882', 3, '大安市', 'mainland'),
(220883, 220800, ',220000,220800,220883', 3, '其它区', 'mainland');
INSERT INTO `area` (`area_id`, `parent_id`, `path`, `grade`, `name`, `language`) VALUES
(222400, 220000, ',220000,222400', 2, '延边朝鲜族自治州', 'mainland'),
(222401, 222400, ',220000,222400,222401', 3, '延吉市', 'mainland'),
(222402, 222400, ',220000,222400,222402', 3, '图们市', 'mainland'),
(222403, 222400, ',220000,222400,222403', 3, '敦化市', 'mainland'),
(222404, 222400, ',220000,222400,222404', 3, '珲春市', 'mainland'),
(222405, 222400, ',220000,222400,222405', 3, '龙井市', 'mainland'),
(222406, 222400, ',220000,222400,222406', 3, '和龙市', 'mainland'),
(222424, 222400, ',220000,222400,222424', 3, '汪清县', 'mainland'),
(222426, 222400, ',220000,222400,222426', 3, '安图县', 'mainland'),
(222427, 222400, ',220000,222400,222427', 3, '其它区', 'mainland'),
(230000, 100000, ',230000', 1, '黑龙江省', 'mainland'),
(230100, 230000, ',230000,230100', 2, '哈尔滨市', 'mainland'),
(230102, 230100, ',230000,230100,230102', 3, '道里区', 'mainland'),
(230103, 230100, ',230000,230100,230103', 3, '南岗区', 'mainland'),
(230104, 230100, ',230000,230100,230104', 3, '道外区', 'mainland'),
(230106, 230100, ',230000,230100,230106', 3, '香坊区', 'mainland'),
(230107, 230100, ',230000,230100,230107', 3, '动力区', 'mainland'),
(230108, 230100, ',230000,230100,230108', 3, '平房区', 'mainland'),
(230109, 230100, ',230000,230100,230109', 3, '松北区', 'mainland'),
(230111, 230100, ',230000,230100,230111', 3, '呼兰区', 'mainland'),
(230123, 230100, ',230000,230100,230123', 3, '依兰县', 'mainland'),
(230124, 230100, ',230000,230100,230124', 3, '方正县', 'mainland'),
(230125, 230100, ',230000,230100,230125', 3, '宾县', 'mainland'),
(230126, 230100, ',230000,230100,230126', 3, '巴彦县', 'mainland'),
(230127, 230100, ',230000,230100,230127', 3, '木兰县', 'mainland'),
(230128, 230100, ',230000,230100,230128', 3, '通河县', 'mainland'),
(230129, 230100, ',230000,230100,230129', 3, '延寿县', 'mainland'),
(230181, 230100, ',230000,230100,230181', 3, '阿城市', 'mainland'),
(230182, 230100, ',230000,230100,230182', 3, '双城市', 'mainland'),
(230183, 230100, ',230000,230100,230183', 3, '尚志市', 'mainland'),
(230184, 230100, ',230000,230100,230184', 3, '五常市', 'mainland'),
(230185, 230100, ',230000,230100,230185', 3, '阿城市', 'mainland'),
(230186, 230100, ',230000,230100,230186', 3, '其它区', 'mainland'),
(230200, 230000, ',230000,230200', 2, '齐齐哈尔市', 'mainland'),
(230202, 230200, ',230000,230200,230202', 3, '龙沙区', 'mainland'),
(230203, 230200, ',230000,230200,230203', 3, '建华区', 'mainland'),
(230204, 230200, ',230000,230200,230204', 3, '铁锋区', 'mainland'),
(230205, 230200, ',230000,230200,230205', 3, '昂昂溪区', 'mainland'),
(230206, 230200, ',230000,230200,230206', 3, '富拉尔基区', 'mainland'),
(230207, 230200, ',230000,230200,230207', 3, '碾子山区', 'mainland'),
(230208, 230200, ',230000,230200,230208', 3, '梅里斯达斡尔族区', 'mainland'),
(230221, 230200, ',230000,230200,230221', 3, '龙江县', 'mainland'),
(230223, 230200, ',230000,230200,230223', 3, '依安县', 'mainland'),
(230224, 230200, ',230000,230200,230224', 3, '泰来县', 'mainland'),
(230225, 230200, ',230000,230200,230225', 3, '甘南县', 'mainland'),
(230227, 230200, ',230000,230200,230227', 3, '富裕县', 'mainland'),
(230229, 230200, ',230000,230200,230229', 3, '克山县', 'mainland'),
(230230, 230200, ',230000,230200,230230', 3, '克东县', 'mainland'),
(230231, 230200, ',230000,230200,230231', 3, '拜泉县', 'mainland'),
(230281, 230200, ',230000,230200,230281', 3, '讷河市', 'mainland'),
(230282, 230200, ',230000,230200,230282', 3, '其它区', 'mainland'),
(230300, 230000, ',230000,230300', 2, '鸡西市', 'mainland'),
(230302, 230300, ',230000,230300,230302', 3, '鸡冠区', 'mainland'),
(230303, 230300, ',230000,230300,230303', 3, '恒山区', 'mainland'),
(230304, 230300, ',230000,230300,230304', 3, '滴道区', 'mainland'),
(230305, 230300, ',230000,230300,230305', 3, '梨树区', 'mainland'),
(230306, 230300, ',230000,230300,230306', 3, '城子河区', 'mainland'),
(230307, 230300, ',230000,230300,230307', 3, '麻山区', 'mainland'),
(230321, 230300, ',230000,230300,230321', 3, '鸡东县', 'mainland'),
(230381, 230300, ',230000,230300,230381', 3, '虎林市', 'mainland'),
(230382, 230300, ',230000,230300,230382', 3, '密山市', 'mainland'),
(230383, 230300, ',230000,230300,230383', 3, '其它区', 'mainland'),
(230400, 230000, ',230000,230400', 2, '鹤岗市', 'mainland'),
(230402, 230400, ',230000,230400,230402', 3, '向阳区', 'mainland'),
(230403, 230400, ',230000,230400,230403', 3, '工农区', 'mainland'),
(230404, 230400, ',230000,230400,230404', 3, '南山区', 'mainland'),
(230405, 230400, ',230000,230400,230405', 3, '兴安区', 'mainland'),
(230406, 230400, ',230000,230400,230406', 3, '东山区', 'mainland'),
(230407, 230400, ',230000,230400,230407', 3, '兴山区', 'mainland'),
(230421, 230400, ',230000,230400,230421', 3, '萝北县', 'mainland'),
(230422, 230400, ',230000,230400,230422', 3, '绥滨县', 'mainland'),
(230423, 230400, ',230000,230400,230423', 3, '其它区', 'mainland'),
(230500, 230000, ',230000,230500', 2, '双鸭山市', 'mainland'),
(230502, 230500, ',230000,230500,230502', 3, '尖山区', 'mainland'),
(230503, 230500, ',230000,230500,230503', 3, '岭东区', 'mainland'),
(230505, 230500, ',230000,230500,230505', 3, '四方台区', 'mainland'),
(230506, 230500, ',230000,230500,230506', 3, '宝山区', 'mainland'),
(230521, 230500, ',230000,230500,230521', 3, '集贤县', 'mainland'),
(230522, 230500, ',230000,230500,230522', 3, '友谊县', 'mainland'),
(230523, 230500, ',230000,230500,230523', 3, '宝清县', 'mainland'),
(230524, 230500, ',230000,230500,230524', 3, '饶河县', 'mainland'),
(230525, 230500, ',230000,230500,230525', 3, '其它区', 'mainland'),
(230600, 230000, ',230000,230600', 2, '大庆市', 'mainland'),
(230602, 230600, ',230000,230600,230602', 3, '萨尔图区', 'mainland'),
(230603, 230600, ',230000,230600,230603', 3, '龙凤区', 'mainland'),
(230604, 230600, ',230000,230600,230604', 3, '让胡路区', 'mainland'),
(230605, 230600, ',230000,230600,230605', 3, '红岗区', 'mainland'),
(230606, 230600, ',230000,230600,230606', 3, '大同区', 'mainland'),
(230621, 230600, ',230000,230600,230621', 3, '肇州县', 'mainland'),
(230622, 230600, ',230000,230600,230622', 3, '肇源县', 'mainland'),
(230623, 230600, ',230000,230600,230623', 3, '林甸县', 'mainland'),
(230624, 230600, ',230000,230600,230624', 3, '杜尔伯特蒙古族自治县', 'mainland'),
(230625, 230600, ',230000,230600,230625', 3, '其它区', 'mainland'),
(230700, 230000, ',230000,230700', 2, '伊春市', 'mainland'),
(230702, 230700, ',230000,230700,230702', 3, '伊春区', 'mainland'),
(230703, 230700, ',230000,230700,230703', 3, '南岔区', 'mainland'),
(230704, 230700, ',230000,230700,230704', 3, '友好区', 'mainland'),
(230705, 230700, ',230000,230700,230705', 3, '西林区', 'mainland'),
(230706, 230700, ',230000,230700,230706', 3, '翠峦区', 'mainland'),
(230707, 230700, ',230000,230700,230707', 3, '新青区', 'mainland'),
(230708, 230700, ',230000,230700,230708', 3, '美溪区', 'mainland'),
(230709, 230700, ',230000,230700,230709', 3, '金山屯区', 'mainland'),
(230710, 230700, ',230000,230700,230710', 3, '五营区', 'mainland'),
(230711, 230700, ',230000,230700,230711', 3, '乌马河区', 'mainland'),
(230712, 230700, ',230000,230700,230712', 3, '汤旺河区', 'mainland'),
(230713, 230700, ',230000,230700,230713', 3, '带岭区', 'mainland'),
(230714, 230700, ',230000,230700,230714', 3, '乌伊岭区', 'mainland'),
(230715, 230700, ',230000,230700,230715', 3, '红星区', 'mainland'),
(230716, 230700, ',230000,230700,230716', 3, '上甘岭区', 'mainland'),
(230722, 230700, ',230000,230700,230722', 3, '嘉荫县', 'mainland'),
(230781, 230700, ',230000,230700,230781', 3, '铁力市', 'mainland'),
(230782, 230700, ',230000,230700,230782', 3, '其它区', 'mainland'),
(230800, 230000, ',230000,230800', 2, '佳木斯市', 'mainland'),
(230802, 230800, ',230000,230800,230802', 3, '永红区', 'mainland'),
(230803, 230800, ',230000,230800,230803', 3, '向阳区', 'mainland'),
(230804, 230800, ',230000,230800,230804', 3, '前进区', 'mainland'),
(230805, 230800, ',230000,230800,230805', 3, '东风区', 'mainland'),
(230811, 230800, ',230000,230800,230811', 3, '郊区', 'mainland'),
(230822, 230800, ',230000,230800,230822', 3, '桦南县', 'mainland'),
(230826, 230800, ',230000,230800,230826', 3, '桦川县', 'mainland'),
(230828, 230800, ',230000,230800,230828', 3, '汤原县', 'mainland'),
(230833, 230800, ',230000,230800,230833', 3, '抚远县', 'mainland'),
(230881, 230800, ',230000,230800,230881', 3, '同江市', 'mainland'),
(230882, 230800, ',230000,230800,230882', 3, '富锦市', 'mainland'),
(230883, 230800, ',230000,230800,230883', 3, '其它区', 'mainland'),
(230900, 230000, ',230000,230900', 2, '七台河市', 'mainland'),
(230902, 230900, ',230000,230900,230902', 3, '新兴区', 'mainland'),
(230903, 230900, ',230000,230900,230903', 3, '桃山区', 'mainland'),
(230904, 230900, ',230000,230900,230904', 3, '茄子河区', 'mainland'),
(230921, 230900, ',230000,230900,230921', 3, '勃利县', 'mainland'),
(230922, 230900, ',230000,230900,230922', 3, '其它区', 'mainland'),
(231000, 230000, ',230000,231000', 2, '牡丹江市', 'mainland'),
(231002, 231000, ',230000,231000,231002', 3, '东安区', 'mainland'),
(231003, 231000, ',230000,231000,231003', 3, '阳明区', 'mainland'),
(231004, 231000, ',230000,231000,231004', 3, '爱民区', 'mainland'),
(231005, 231000, ',230000,231000,231005', 3, '西安区', 'mainland'),
(231024, 231000, ',230000,231000,231024', 3, '东宁县', 'mainland'),
(231025, 231000, ',230000,231000,231025', 3, '林口县', 'mainland'),
(231081, 231000, ',230000,231000,231081', 3, '绥芬河市', 'mainland'),
(231083, 231000, ',230000,231000,231083', 3, '海林市', 'mainland'),
(231084, 231000, ',230000,231000,231084', 3, '宁安市', 'mainland'),
(231085, 231000, ',230000,231000,231085', 3, '穆棱市', 'mainland'),
(231086, 231000, ',230000,231000,231086', 3, '其它区', 'mainland'),
(231100, 230000, ',230000,231100', 2, '黑河市', 'mainland'),
(231102, 231100, ',230000,231100,231102', 3, '爱辉区', 'mainland'),
(231121, 231100, ',230000,231100,231121', 3, '嫩江县', 'mainland'),
(231123, 231100, ',230000,231100,231123', 3, '逊克县', 'mainland'),
(231124, 231100, ',230000,231100,231124', 3, '孙吴县', 'mainland'),
(231181, 231100, ',230000,231100,231181', 3, '北安市', 'mainland'),
(231182, 231100, ',230000,231100,231182', 3, '五大连池市', 'mainland'),
(231183, 231100, ',230000,231100,231183', 3, '其它区', 'mainland'),
(231200, 230000, ',230000,231200', 2, '绥化市', 'mainland'),
(231202, 231200, ',230000,231200,231202', 3, '北林区', 'mainland'),
(231221, 231200, ',230000,231200,231221', 3, '望奎县', 'mainland'),
(231222, 231200, ',230000,231200,231222', 3, '兰西县', 'mainland'),
(231223, 231200, ',230000,231200,231223', 3, '青冈县', 'mainland'),
(231224, 231200, ',230000,231200,231224', 3, '庆安县', 'mainland'),
(231225, 231200, ',230000,231200,231225', 3, '明水县', 'mainland'),
(231226, 231200, ',230000,231200,231226', 3, '绥棱县', 'mainland'),
(231281, 231200, ',230000,231200,231281', 3, '安达市', 'mainland'),
(231282, 231200, ',230000,231200,231282', 3, '肇东市', 'mainland'),
(231283, 231200, ',230000,231200,231283', 3, '海伦市', 'mainland'),
(231284, 231200, ',230000,231200,231284', 3, '其它区', 'mainland'),
(232700, 230000, ',230000,232700', 2, '大兴安岭地区', 'mainland'),
(232721, 232700, ',230000,232700,232721', 3, '呼玛县', 'mainland'),
(232722, 232700, ',230000,232700,232722', 3, '塔河县', 'mainland'),
(232723, 232700, ',230000,232700,232723', 3, '漠河县', 'mainland'),
(232724, 232700, ',230000,232700,232724', 3, '加格达奇区', 'mainland'),
(232725, 232700, ',230000,232700,232725', 3, '其它区', 'mainland'),
(310000, 100000, ',310000', 1, '上海', 'mainland'),
(310100, 310000, ',310000,310100', 2, '上海市', 'mainland'),
(310101, 310100, ',310000,310100,310101', 3, '黄浦区', 'mainland'),
(310103, 310100, ',310000,310100,310103', 3, '卢湾区', 'mainland'),
(310104, 310100, ',310000,310100,310104', 3, '徐汇区', 'mainland'),
(310105, 310100, ',310000,310100,310105', 3, '长宁区', 'mainland'),
(310106, 310100, ',310000,310100,310106', 3, '静安区', 'mainland'),
(310107, 310100, ',310000,310100,310107', 3, '普陀区', 'mainland'),
(310108, 310100, ',310000,310100,310108', 3, '闸北区', 'mainland'),
(310109, 310100, ',310000,310100,310109', 3, '虹口区', 'mainland'),
(310110, 310100, ',310000,310100,310110', 3, '杨浦区', 'mainland'),
(310112, 310100, ',310000,310100,310112', 3, '闵行区', 'mainland'),
(310113, 310100, ',310000,310100,310113', 3, '宝山区', 'mainland'),
(310114, 310100, ',310000,310100,310114', 3, '嘉定区', 'mainland'),
(310115, 310100, ',310000,310100,310115', 3, '浦东新区', 'mainland'),
(310116, 310100, ',310000,310100,310116', 3, '金山区', 'mainland'),
(310117, 310100, ',310000,310100,310117', 3, '松江区', 'mainland'),
(310118, 310100, ',310000,310100,310118', 3, '青浦区', 'mainland'),
(310119, 310100, ',310000,310100,310119', 3, '南汇区', 'mainland'),
(310120, 310100, ',310000,310100,310120', 3, '奉贤区', 'mainland'),
(310152, 310100, ',310000,310100,310152', 3, '川沙区', 'mainland'),
(310230, 310100, ',310000,310100,310230', 3, '崇明县', 'mainland'),
(310231, 310100, ',310000,310100,310231', 3, '其它区', 'mainland'),
(320000, 100000, ',320000', 1, '江苏省', 'mainland'),
(320100, 320000, ',320000,320100', 2, '南京市', 'mainland'),
(320102, 320100, ',320000,320100,320102', 3, '玄武区', 'mainland'),
(320103, 320100, ',320000,320100,320103', 3, '白下区', 'mainland'),
(320104, 320100, ',320000,320100,320104', 3, '秦淮区', 'mainland'),
(320105, 320100, ',320000,320100,320105', 3, '建邺区', 'mainland'),
(320106, 320100, ',320000,320100,320106', 3, '鼓楼区', 'mainland'),
(320107, 320100, ',320000,320100,320107', 3, '下关区', 'mainland'),
(320111, 320100, ',320000,320100,320111', 3, '浦口区', 'mainland'),
(320113, 320100, ',320000,320100,320113', 3, '栖霞区', 'mainland'),
(320114, 320100, ',320000,320100,320114', 3, '雨花台区', 'mainland'),
(320115, 320100, ',320000,320100,320115', 3, '江宁区', 'mainland'),
(320116, 320100, ',320000,320100,320116', 3, '六合区', 'mainland'),
(320124, 320100, ',320000,320100,320124', 3, '溧水县', 'mainland'),
(320125, 320100, ',320000,320100,320125', 3, '高淳县', 'mainland'),
(320126, 320100, ',320000,320100,320126', 3, '其它区', 'mainland'),
(320200, 320000, ',320000,320200', 2, '无锡市', 'mainland'),
(320202, 320200, ',320000,320200,320202', 3, '崇安区', 'mainland'),
(320203, 320200, ',320000,320200,320203', 3, '南长区', 'mainland'),
(320204, 320200, ',320000,320200,320204', 3, '北塘区', 'mainland'),
(320205, 320200, ',320000,320200,320205', 3, '锡山区', 'mainland'),
(320206, 320200, ',320000,320200,320206', 3, '惠山区', 'mainland'),
(320211, 320200, ',320000,320200,320211', 3, '滨湖区', 'mainland'),
(320281, 320200, ',320000,320200,320281', 3, '江阴市', 'mainland'),
(320282, 320200, ',320000,320200,320282', 3, '宜兴市', 'mainland'),
(320296, 320200, ',320000,320200,320296', 3, '新区', 'mainland'),
(320297, 320200, ',320000,320200,320297', 3, '其它区', 'mainland'),
(320300, 320000, ',320000,320300', 2, '徐州市', 'mainland'),
(320302, 320300, ',320000,320300,320302', 3, '鼓楼区', 'mainland'),
(320303, 320300, ',320000,320300,320303', 3, '云龙区', 'mainland'),
(320304, 320300, ',320000,320300,320304', 3, '九里区', 'mainland'),
(320305, 320300, ',320000,320300,320305', 3, '贾汪区', 'mainland'),
(320311, 320300, ',320000,320300,320311', 3, '泉山区', 'mainland'),
(320321, 320300, ',320000,320300,320321', 3, '丰县', 'mainland'),
(320322, 320300, ',320000,320300,320322', 3, '沛县', 'mainland'),
(320323, 320300, ',320000,320300,320323', 3, '铜山县', 'mainland'),
(320324, 320300, ',320000,320300,320324', 3, '睢宁县', 'mainland'),
(320381, 320300, ',320000,320300,320381', 3, '新沂市', 'mainland'),
(320382, 320300, ',320000,320300,320382', 3, '邳州市', 'mainland'),
(320383, 320300, ',320000,320300,320383', 3, '其它区', 'mainland'),
(320400, 320000, ',320000,320400', 2, '常州市', 'mainland'),
(320402, 320400, ',320000,320400,320402', 3, '天宁区', 'mainland'),
(320404, 320400, ',320000,320400,320404', 3, '钟楼区', 'mainland'),
(320405, 320400, ',320000,320400,320405', 3, '戚墅堰区', 'mainland'),
(320411, 320400, ',320000,320400,320411', 3, '新北区', 'mainland'),
(320412, 320400, ',320000,320400,320412', 3, '武进区', 'mainland'),
(320481, 320400, ',320000,320400,320481', 3, '溧阳市', 'mainland'),
(320482, 320400, ',320000,320400,320482', 3, '金坛市', 'mainland'),
(320483, 320400, ',320000,320400,320483', 3, '其它区', 'mainland'),
(320500, 320000, ',320000,320500', 2, '苏州市', 'mainland'),
(320502, 320500, ',320000,320500,320502', 3, '沧浪区', 'mainland'),
(320503, 320500, ',320000,320500,320503', 3, '平江区', 'mainland'),
(320504, 320500, ',320000,320500,320504', 3, '金阊区', 'mainland'),
(320505, 320500, ',320000,320500,320505', 3, '虎丘区', 'mainland'),
(320506, 320500, ',320000,320500,320506', 3, '吴中区', 'mainland'),
(320507, 320500, ',320000,320500,320507', 3, '相城区', 'mainland'),
(320581, 320500, ',320000,320500,320581', 3, '常熟市', 'mainland'),
(320582, 320500, ',320000,320500,320582', 3, '张家港市', 'mainland'),
(320583, 320500, ',320000,320500,320583', 3, '昆山市', 'mainland'),
(320584, 320500, ',320000,320500,320584', 3, '吴江市', 'mainland'),
(320585, 320500, ',320000,320500,320585', 3, '太仓市', 'mainland'),
(320594, 320500, ',320000,320500,320594', 3, '新区', 'mainland'),
(320595, 320500, ',320000,320500,320595', 3, '园区', 'mainland'),
(320596, 320500, ',320000,320500,320596', 3, '其它区', 'mainland'),
(320600, 320000, ',320000,320600', 2, '南通市', 'mainland'),
(320602, 320600, ',320000,320600,320602', 3, '崇川区', 'mainland'),
(320611, 320600, ',320000,320600,320611', 3, '港闸区', 'mainland'),
(320621, 320600, ',320000,320600,320621', 3, '海安县', 'mainland'),
(320623, 320600, ',320000,320600,320623', 3, '如东县', 'mainland'),
(320681, 320600, ',320000,320600,320681', 3, '启东市', 'mainland'),
(320682, 320600, ',320000,320600,320682', 3, '如皋市', 'mainland'),
(320683, 320600, ',320000,320600,320683', 3, '通州市', 'mainland'),
(320684, 320600, ',320000,320600,320684', 3, '海门市', 'mainland'),
(320693, 320600, ',320000,320600,320693', 3, '开发区', 'mainland'),
(320694, 320600, ',320000,320600,320694', 3, '其它区', 'mainland'),
(320700, 320000, ',320000,320700', 2, '连云港市', 'mainland'),
(320703, 320700, ',320000,320700,320703', 3, '连云区', 'mainland'),
(320705, 320700, ',320000,320700,320705', 3, '新浦区', 'mainland'),
(320706, 320700, ',320000,320700,320706', 3, '海州区', 'mainland'),
(320721, 320700, ',320000,320700,320721', 3, '赣榆县', 'mainland'),
(320722, 320700, ',320000,320700,320722', 3, '东海县', 'mainland'),
(320723, 320700, ',320000,320700,320723', 3, '灌云县', 'mainland'),
(320724, 320700, ',320000,320700,320724', 3, '灌南县', 'mainland'),
(320725, 320700, ',320000,320700,320725', 3, '其它区', 'mainland'),
(320800, 320000, ',320000,320800', 2, '淮安市', 'mainland'),
(320802, 320800, ',320000,320800,320802', 3, '清河区', 'mainland'),
(320803, 320800, ',320000,320800,320803', 3, '楚州区', 'mainland'),
(320804, 320800, ',320000,320800,320804', 3, '淮阴区', 'mainland'),
(320811, 320800, ',320000,320800,320811', 3, '清浦区', 'mainland'),
(320826, 320800, ',320000,320800,320826', 3, '涟水县', 'mainland'),
(320829, 320800, ',320000,320800,320829', 3, '洪泽县', 'mainland'),
(320830, 320800, ',320000,320800,320830', 3, '盱眙县', 'mainland'),
(320831, 320800, ',320000,320800,320831', 3, '金湖县', 'mainland'),
(320832, 320800, ',320000,320800,320832', 3, '其它区', 'mainland'),
(320900, 320000, ',320000,320900', 2, '盐城市', 'mainland'),
(320902, 320900, ',320000,320900,320902', 3, '亭湖区', 'mainland'),
(320903, 320900, ',320000,320900,320903', 3, '盐都区', 'mainland'),
(320921, 320900, ',320000,320900,320921', 3, '响水县', 'mainland'),
(320922, 320900, ',320000,320900,320922', 3, '滨海县', 'mainland'),
(320923, 320900, ',320000,320900,320923', 3, '阜宁县', 'mainland'),
(320924, 320900, ',320000,320900,320924', 3, '射阳县', 'mainland'),
(320925, 320900, ',320000,320900,320925', 3, '建湖县', 'mainland'),
(320981, 320900, ',320000,320900,320981', 3, '东台市', 'mainland'),
(320982, 320900, ',320000,320900,320982', 3, '大丰市', 'mainland'),
(320983, 320900, ',320000,320900,320983', 3, '其它区', 'mainland'),
(321000, 320000, ',320000,321000', 2, '扬州市', 'mainland'),
(321002, 321000, ',320000,321000,321002', 3, '广陵区', 'mainland'),
(321003, 321000, ',320000,321000,321003', 3, '邗江区', 'mainland'),
(321011, 321000, ',320000,321000,321011', 3, '维扬区', 'mainland'),
(321023, 321000, ',320000,321000,321023', 3, '宝应县', 'mainland'),
(321081, 321000, ',320000,321000,321081', 3, '仪征市', 'mainland'),
(321084, 321000, ',320000,321000,321084', 3, '高邮市', 'mainland'),
(321088, 321000, ',320000,321000,321088', 3, '江都市', 'mainland'),
(321092, 321000, ',320000,321000,321092', 3, '经济开发区', 'mainland'),
(321093, 321000, ',320000,321000,321093', 3, '其它区', 'mainland'),
(321100, 320000, ',320000,321100', 2, '镇江市', 'mainland'),
(321102, 321100, ',320000,321100,321102', 3, '京口区', 'mainland'),
(321111, 321100, ',320000,321100,321111', 3, '润州区', 'mainland'),
(321112, 321100, ',320000,321100,321112', 3, '丹徒区', 'mainland'),
(321181, 321100, ',320000,321100,321181', 3, '丹阳市', 'mainland'),
(321182, 321100, ',320000,321100,321182', 3, '扬中市', 'mainland'),
(321183, 321100, ',320000,321100,321183', 3, '句容市', 'mainland'),
(321184, 321100, ',320000,321100,321184', 3, '其它区', 'mainland'),
(321200, 320000, ',320000,321200', 2, '泰州市', 'mainland'),
(321202, 321200, ',320000,321200,321202', 3, '海陵区', 'mainland'),
(321203, 321200, ',320000,321200,321203', 3, '高港区', 'mainland'),
(321281, 321200, ',320000,321200,321281', 3, '兴化市', 'mainland'),
(321282, 321200, ',320000,321200,321282', 3, '靖江市', 'mainland'),
(321283, 321200, ',320000,321200,321283', 3, '泰兴市', 'mainland'),
(321284, 321200, ',320000,321200,321284', 3, '姜堰市', 'mainland'),
(321285, 321200, ',320000,321200,321285', 3, '其它区', 'mainland'),
(321300, 320000, ',320000,321300', 2, '宿迁市', 'mainland'),
(321302, 321300, ',320000,321300,321302', 3, '宿城区', 'mainland'),
(321311, 321300, ',320000,321300,321311', 3, '宿豫区', 'mainland'),
(321322, 321300, ',320000,321300,321322', 3, '沭阳县', 'mainland'),
(321323, 321300, ',320000,321300,321323', 3, '泗阳县', 'mainland'),
(321324, 321300, ',320000,321300,321324', 3, '泗洪县', 'mainland'),
(321325, 321300, ',320000,321300,321325', 3, '其它区', 'mainland'),
(330000, 100000, ',330000', 1, '浙江省', 'mainland'),
(330100, 330000, ',330000,330100', 2, '杭州市', 'mainland'),
(330102, 330100, ',330000,330100,330102', 3, '上城区', 'mainland'),
(330103, 330100, ',330000,330100,330103', 3, '下城区', 'mainland'),
(330104, 330100, ',330000,330100,330104', 3, '江干区', 'mainland'),
(330105, 330100, ',330000,330100,330105', 3, '拱墅区', 'mainland'),
(330106, 330100, ',330000,330100,330106', 3, '西湖区', 'mainland'),
(330108, 330100, ',330000,330100,330108', 3, '滨江区', 'mainland'),
(330109, 330100, ',330000,330100,330109', 3, '萧山区', 'mainland'),
(330110, 330100, ',330000,330100,330110', 3, '余杭区', 'mainland'),
(330122, 330100, ',330000,330100,330122', 3, '桐庐县', 'mainland'),
(330127, 330100, ',330000,330100,330127', 3, '淳安县', 'mainland'),
(330182, 330100, ',330000,330100,330182', 3, '建德市', 'mainland'),
(330183, 330100, ',330000,330100,330183', 3, '富阳市', 'mainland'),
(330185, 330100, ',330000,330100,330185', 3, '临安市', 'mainland'),
(330186, 330100, ',330000,330100,330186', 3, '其它区', 'mainland'),
(330200, 330000, ',330000,330200', 2, '宁波市', 'mainland'),
(330203, 330200, ',330000,330200,330203', 3, '海曙区', 'mainland'),
(330204, 330200, ',330000,330200,330204', 3, '江东区', 'mainland'),
(330205, 330200, ',330000,330200,330205', 3, '江北区', 'mainland'),
(330206, 330200, ',330000,330200,330206', 3, '北仑区', 'mainland'),
(330211, 330200, ',330000,330200,330211', 3, '镇海区', 'mainland'),
(330212, 330200, ',330000,330200,330212', 3, '鄞州区', 'mainland'),
(330225, 330200, ',330000,330200,330225', 3, '象山县', 'mainland'),
(330226, 330200, ',330000,330200,330226', 3, '宁海县', 'mainland'),
(330281, 330200, ',330000,330200,330281', 3, '余姚市', 'mainland'),
(330282, 330200, ',330000,330200,330282', 3, '慈溪市', 'mainland'),
(330283, 330200, ',330000,330200,330283', 3, '奉化市', 'mainland'),
(330284, 330200, ',330000,330200,330284', 3, '其它区', 'mainland'),
(330300, 330000, ',330000,330300', 2, '温州市', 'mainland'),
(330302, 330300, ',330000,330300,330302', 3, '鹿城区', 'mainland'),
(330303, 330300, ',330000,330300,330303', 3, '龙湾区', 'mainland'),
(330304, 330300, ',330000,330300,330304', 3, '瓯海区', 'mainland'),
(330322, 330300, ',330000,330300,330322', 3, '洞头县', 'mainland'),
(330324, 330300, ',330000,330300,330324', 3, '永嘉县', 'mainland'),
(330326, 330300, ',330000,330300,330326', 3, '平阳县', 'mainland'),
(330327, 330300, ',330000,330300,330327', 3, '苍南县', 'mainland'),
(330328, 330300, ',330000,330300,330328', 3, '文成县', 'mainland'),
(330329, 330300, ',330000,330300,330329', 3, '泰顺县', 'mainland'),
(330381, 330300, ',330000,330300,330381', 3, '瑞安市', 'mainland'),
(330382, 330300, ',330000,330300,330382', 3, '乐清市', 'mainland'),
(330383, 330300, ',330000,330300,330383', 3, '其它区', 'mainland'),
(330400, 330000, ',330000,330400', 2, '嘉兴市', 'mainland'),
(330402, 330400, ',330000,330400,330402', 3, '南湖区', 'mainland'),
(330411, 330400, ',330000,330400,330411', 3, '秀洲区', 'mainland'),
(330421, 330400, ',330000,330400,330421', 3, '嘉善县', 'mainland'),
(330424, 330400, ',330000,330400,330424', 3, '海盐县', 'mainland'),
(330481, 330400, ',330000,330400,330481', 3, '海宁市', 'mainland'),
(330482, 330400, ',330000,330400,330482', 3, '平湖市', 'mainland'),
(330483, 330400, ',330000,330400,330483', 3, '桐乡市', 'mainland'),
(330484, 330400, ',330000,330400,330484', 3, '其它区', 'mainland'),
(330500, 330000, ',330000,330500', 2, '湖州市', 'mainland'),
(330502, 330500, ',330000,330500,330502', 3, '吴兴区', 'mainland'),
(330503, 330500, ',330000,330500,330503', 3, '南浔区', 'mainland'),
(330521, 330500, ',330000,330500,330521', 3, '德清县', 'mainland'),
(330522, 330500, ',330000,330500,330522', 3, '长兴县', 'mainland'),
(330523, 330500, ',330000,330500,330523', 3, '安吉县', 'mainland'),
(330524, 330500, ',330000,330500,330524', 3, '其它区', 'mainland'),
(330600, 330000, ',330000,330600', 2, '绍兴市', 'mainland'),
(330602, 330600, ',330000,330600,330602', 3, '越城区', 'mainland'),
(330621, 330600, ',330000,330600,330621', 3, '绍兴县', 'mainland'),
(330624, 330600, ',330000,330600,330624', 3, '新昌县', 'mainland'),
(330681, 330600, ',330000,330600,330681', 3, '诸暨市', 'mainland'),
(330682, 330600, ',330000,330600,330682', 3, '上虞市', 'mainland'),
(330683, 330600, ',330000,330600,330683', 3, '嵊州市', 'mainland'),
(330684, 330600, ',330000,330600,330684', 3, '其它区', 'mainland'),
(330700, 330000, ',330000,330700', 2, '金华市', 'mainland'),
(330702, 330700, ',330000,330700,330702', 3, '婺城区', 'mainland'),
(330703, 330700, ',330000,330700,330703', 3, '金东区', 'mainland'),
(330723, 330700, ',330000,330700,330723', 3, '武义县', 'mainland'),
(330726, 330700, ',330000,330700,330726', 3, '浦江县', 'mainland'),
(330727, 330700, ',330000,330700,330727', 3, '磐安县', 'mainland'),
(330781, 330700, ',330000,330700,330781', 3, '兰溪市', 'mainland'),
(330782, 330700, ',330000,330700,330782', 3, '义乌市', 'mainland'),
(330783, 330700, ',330000,330700,330783', 3, '东阳市', 'mainland'),
(330784, 330700, ',330000,330700,330784', 3, '永康市', 'mainland'),
(330785, 330700, ',330000,330700,330785', 3, '其它区', 'mainland'),
(330800, 330000, ',330000,330800', 2, '衢州市', 'mainland'),
(330802, 330800, ',330000,330800,330802', 3, '柯城区', 'mainland'),
(330803, 330800, ',330000,330800,330803', 3, '衢江区', 'mainland'),
(330822, 330800, ',330000,330800,330822', 3, '常山县', 'mainland'),
(330824, 330800, ',330000,330800,330824', 3, '开化县', 'mainland'),
(330825, 330800, ',330000,330800,330825', 3, '龙游县', 'mainland'),
(330881, 330800, ',330000,330800,330881', 3, '江山市', 'mainland'),
(330882, 330800, ',330000,330800,330882', 3, '其它区', 'mainland'),
(330900, 330000, ',330000,330900', 2, '舟山市', 'mainland'),
(330902, 330900, ',330000,330900,330902', 3, '定海区', 'mainland'),
(330903, 330900, ',330000,330900,330903', 3, '普陀区', 'mainland'),
(330921, 330900, ',330000,330900,330921', 3, '岱山县', 'mainland'),
(330922, 330900, ',330000,330900,330922', 3, '嵊泗县', 'mainland'),
(330923, 330900, ',330000,330900,330923', 3, '其它区', 'mainland'),
(331000, 330000, ',330000,331000', 2, '台州市', 'mainland'),
(331002, 331000, ',330000,331000,331002', 3, '椒江区', 'mainland'),
(331003, 331000, ',330000,331000,331003', 3, '黄岩区', 'mainland'),
(331004, 331000, ',330000,331000,331004', 3, '路桥区', 'mainland'),
(331021, 331000, ',330000,331000,331021', 3, '玉环县', 'mainland'),
(331022, 331000, ',330000,331000,331022', 3, '三门县', 'mainland'),
(331023, 331000, ',330000,331000,331023', 3, '天台县', 'mainland'),
(331024, 331000, ',330000,331000,331024', 3, '仙居县', 'mainland'),
(331081, 331000, ',330000,331000,331081', 3, '温岭市', 'mainland'),
(331082, 331000, ',330000,331000,331082', 3, '临海市', 'mainland'),
(331083, 331000, ',330000,331000,331083', 3, '其它区', 'mainland'),
(331100, 330000, ',330000,331100', 2, '丽水市', 'mainland'),
(331102, 331100, ',330000,331100,331102', 3, '莲都区', 'mainland'),
(331121, 331100, ',330000,331100,331121', 3, '青田县', 'mainland'),
(331122, 331100, ',330000,331100,331122', 3, '缙云县', 'mainland'),
(331123, 331100, ',330000,331100,331123', 3, '遂昌县', 'mainland'),
(331124, 331100, ',330000,331100,331124', 3, '松阳县', 'mainland'),
(331125, 331100, ',330000,331100,331125', 3, '云和县', 'mainland'),
(331126, 331100, ',330000,331100,331126', 3, '庆元县', 'mainland'),
(331127, 331100, ',330000,331100,331127', 3, '景宁畲族自治县', 'mainland'),
(331181, 331100, ',330000,331100,331181', 3, '龙泉市', 'mainland'),
(331182, 331100, ',330000,331100,331182', 3, '其它区', 'mainland'),
(340000, 100000, ',340000', 1, '安徽省', 'mainland'),
(340100, 340000, ',340000,340100', 2, '合肥市', 'mainland'),
(340102, 340100, ',340000,340100,340102', 3, '瑶海区', 'mainland'),
(340103, 340100, ',340000,340100,340103', 3, '庐阳区', 'mainland'),
(340104, 340100, ',340000,340100,340104', 3, '蜀山区', 'mainland'),
(340111, 340100, ',340000,340100,340111', 3, '包河区', 'mainland'),
(340121, 340100, ',340000,340100,340121', 3, '长丰县', 'mainland'),
(340122, 340100, ',340000,340100,340122', 3, '肥东县', 'mainland'),
(340123, 340100, ',340000,340100,340123', 3, '肥西县', 'mainland'),
(340151, 340100, ',340000,340100,340151', 3, '高新区', 'mainland'),
(340191, 340100, ',340000,340100,340191', 3, '中区', 'mainland'),
(340192, 340100, ',340000,340100,340192', 3, '其它区', 'mainland'),
(340200, 340000, ',340000,340200', 2, '芜湖市', 'mainland'),
(340202, 340200, ',340000,340200,340202', 3, '镜湖区', 'mainland'),
(340203, 340200, ',340000,340200,340203', 3, '弋江区', 'mainland'),
(340207, 340200, ',340000,340200,340207', 3, '鸠江区', 'mainland'),
(340208, 340200, ',340000,340200,340208', 3, '三山区', 'mainland'),
(340221, 340200, ',340000,340200,340221', 3, '芜湖县', 'mainland'),
(340222, 340200, ',340000,340200,340222', 3, '繁昌县', 'mainland'),
(340223, 340200, ',340000,340200,340223', 3, '南陵县', 'mainland'),
(340224, 340200, ',340000,340200,340224', 3, '其它区', 'mainland'),
(340300, 340000, ',340000,340300', 2, '蚌埠市', 'mainland'),
(340302, 340300, ',340000,340300,340302', 3, '龙子湖区', 'mainland'),
(340303, 340300, ',340000,340300,340303', 3, '蚌山区', 'mainland'),
(340304, 340300, ',340000,340300,340304', 3, '禹会区', 'mainland'),
(340311, 340300, ',340000,340300,340311', 3, '淮上区', 'mainland'),
(340321, 340300, ',340000,340300,340321', 3, '怀远县', 'mainland'),
(340322, 340300, ',340000,340300,340322', 3, '五河县', 'mainland'),
(340323, 340300, ',340000,340300,340323', 3, '固镇县', 'mainland'),
(340324, 340300, ',340000,340300,340324', 3, '其它区', 'mainland'),
(340400, 340000, ',340000,340400', 2, '淮南市', 'mainland'),
(340402, 340400, ',340000,340400,340402', 3, '大通区', 'mainland'),
(340403, 340400, ',340000,340400,340403', 3, '田家庵区', 'mainland'),
(340404, 340400, ',340000,340400,340404', 3, '谢家集区', 'mainland'),
(340405, 340400, ',340000,340400,340405', 3, '八公山区', 'mainland'),
(340406, 340400, ',340000,340400,340406', 3, '潘集区', 'mainland'),
(340421, 340400, ',340000,340400,340421', 3, '凤台县', 'mainland'),
(340422, 340400, ',340000,340400,340422', 3, '其它区', 'mainland'),
(340500, 340000, ',340000,340500', 2, '马鞍山市', 'mainland'),
(340502, 340500, ',340000,340500,340502', 3, '金家庄区', 'mainland'),
(340503, 340500, ',340000,340500,340503', 3, '花山区', 'mainland'),
(340504, 340500, ',340000,340500,340504', 3, '雨山区', 'mainland'),
(340521, 340500, ',340000,340500,340521', 3, '当涂县', 'mainland'),
(340522, 340500, ',340000,340500,340522', 3, '其它区', 'mainland'),
(340600, 340000, ',340000,340600', 2, '淮北市', 'mainland'),
(340602, 340600, ',340000,340600,340602', 3, '杜集区', 'mainland'),
(340603, 340600, ',340000,340600,340603', 3, '相山区', 'mainland'),
(340604, 340600, ',340000,340600,340604', 3, '烈山区', 'mainland'),
(340621, 340600, ',340000,340600,340621', 3, '濉溪县', 'mainland'),
(340622, 340600, ',340000,340600,340622', 3, '其它区', 'mainland'),
(340700, 340000, ',340000,340700', 2, '铜陵市', 'mainland'),
(340702, 340700, ',340000,340700,340702', 3, '铜官山区', 'mainland'),
(340703, 340700, ',340000,340700,340703', 3, '狮子山区', 'mainland'),
(340711, 340700, ',340000,340700,340711', 3, '郊区', 'mainland'),
(340721, 340700, ',340000,340700,340721', 3, '铜陵县', 'mainland'),
(340722, 340700, ',340000,340700,340722', 3, '其它区', 'mainland'),
(340800, 340000, ',340000,340800', 2, '安庆市', 'mainland'),
(340802, 340800, ',340000,340800,340802', 3, '迎江区', 'mainland'),
(340803, 340800, ',340000,340800,340803', 3, '大观区', 'mainland'),
(340811, 340800, ',340000,340800,340811', 3, '宜秀区', 'mainland'),
(340822, 340800, ',340000,340800,340822', 3, '怀宁县', 'mainland'),
(340823, 340800, ',340000,340800,340823', 3, '枞阳县', 'mainland'),
(340824, 340800, ',340000,340800,340824', 3, '潜山县', 'mainland'),
(340825, 340800, ',340000,340800,340825', 3, '太湖县', 'mainland'),
(340826, 340800, ',340000,340800,340826', 3, '宿松县', 'mainland'),
(340827, 340800, ',340000,340800,340827', 3, '望江县', 'mainland'),
(340828, 340800, ',340000,340800,340828', 3, '岳西县', 'mainland'),
(340881, 340800, ',340000,340800,340881', 3, '桐城市', 'mainland'),
(340882, 340800, ',340000,340800,340882', 3, '其它区', 'mainland'),
(341000, 340000, ',340000,341000', 2, '黄山市', 'mainland'),
(341002, 341000, ',340000,341000,341002', 3, '屯溪区', 'mainland'),
(341003, 341000, ',340000,341000,341003', 3, '黄山区', 'mainland'),
(341004, 341000, ',340000,341000,341004', 3, '徽州区', 'mainland'),
(341021, 341000, ',340000,341000,341021', 3, '歙县', 'mainland'),
(341022, 341000, ',340000,341000,341022', 3, '休宁县', 'mainland'),
(341023, 341000, ',340000,341000,341023', 3, '黟县', 'mainland'),
(341024, 341000, ',340000,341000,341024', 3, '祁门县', 'mainland'),
(341025, 341000, ',340000,341000,341025', 3, '其它区', 'mainland'),
(341100, 340000, ',340000,341100', 2, '滁州市', 'mainland'),
(341102, 341100, ',340000,341100,341102', 3, '琅琊区', 'mainland'),
(341103, 341100, ',340000,341100,341103', 3, '南谯区', 'mainland'),
(341122, 341100, ',340000,341100,341122', 3, '来安县', 'mainland'),
(341124, 341100, ',340000,341100,341124', 3, '全椒县', 'mainland'),
(341125, 341100, ',340000,341100,341125', 3, '定远县', 'mainland'),
(341126, 341100, ',340000,341100,341126', 3, '凤阳县', 'mainland'),
(341181, 341100, ',340000,341100,341181', 3, '天长市', 'mainland'),
(341182, 341100, ',340000,341100,341182', 3, '明光市', 'mainland'),
(341183, 341100, ',340000,341100,341183', 3, '其它区', 'mainland'),
(341200, 340000, ',340000,341200', 2, '阜阳市', 'mainland'),
(341202, 341200, ',340000,341200,341202', 3, '颍州区', 'mainland'),
(341203, 341200, ',340000,341200,341203', 3, '颍东区', 'mainland'),
(341204, 341200, ',340000,341200,341204', 3, '颍泉区', 'mainland'),
(341221, 341200, ',340000,341200,341221', 3, '临泉县', 'mainland'),
(341222, 341200, ',340000,341200,341222', 3, '太和县', 'mainland'),
(341225, 341200, ',340000,341200,341225', 3, '阜南县', 'mainland'),
(341226, 341200, ',340000,341200,341226', 3, '颍上县', 'mainland'),
(341282, 341200, ',340000,341200,341282', 3, '界首市', 'mainland'),
(341283, 341200, ',340000,341200,341283', 3, '其它区', 'mainland'),
(341300, 340000, ',340000,341300', 2, '宿州市', 'mainland'),
(341302, 341300, ',340000,341300,341302', 3, '埇桥区', 'mainland'),
(341321, 341300, ',340000,341300,341321', 3, '砀山县', 'mainland'),
(341322, 341300, ',340000,341300,341322', 3, '萧县', 'mainland'),
(341323, 341300, ',340000,341300,341323', 3, '灵璧县', 'mainland'),
(341324, 341300, ',340000,341300,341324', 3, '泗县', 'mainland'),
(341325, 341300, ',340000,341300,341325', 3, '其它区', 'mainland'),
(341400, 340000, ',340000,341400', 2, '巢湖市', 'mainland'),
(341402, 341400, ',340000,341400,341402', 3, '居巢区', 'mainland'),
(341421, 341400, ',340000,341400,341421', 3, '庐江县', 'mainland'),
(341422, 341400, ',340000,341400,341422', 3, '无为县', 'mainland'),
(341423, 341400, ',340000,341400,341423', 3, '含山县', 'mainland'),
(341424, 341400, ',340000,341400,341424', 3, '和县', 'mainland'),
(341425, 341400, ',340000,341400,341425', 3, '其它区', 'mainland'),
(341500, 340000, ',340000,341500', 2, '六安市', 'mainland'),
(341502, 341500, ',340000,341500,341502', 3, '金安区', 'mainland'),
(341503, 341500, ',340000,341500,341503', 3, '裕安区', 'mainland'),
(341521, 341500, ',340000,341500,341521', 3, '寿县', 'mainland'),
(341522, 341500, ',340000,341500,341522', 3, '霍邱县', 'mainland'),
(341523, 341500, ',340000,341500,341523', 3, '舒城县', 'mainland'),
(341524, 341500, ',340000,341500,341524', 3, '金寨县', 'mainland'),
(341525, 341500, ',340000,341500,341525', 3, '霍山县', 'mainland'),
(341526, 341500, ',340000,341500,341526', 3, '其它区', 'mainland'),
(341600, 340000, ',340000,341600', 2, '亳州市', 'mainland'),
(341602, 341600, ',340000,341600,341602', 3, '谯城区', 'mainland'),
(341621, 341600, ',340000,341600,341621', 3, '涡阳县', 'mainland'),
(341622, 341600, ',340000,341600,341622', 3, '蒙城县', 'mainland'),
(341623, 341600, ',340000,341600,341623', 3, '利辛县', 'mainland'),
(341624, 341600, ',340000,341600,341624', 3, '其它区', 'mainland'),
(341700, 340000, ',340000,341700', 2, '池州市', 'mainland'),
(341702, 341700, ',340000,341700,341702', 3, '贵池区', 'mainland'),
(341721, 341700, ',340000,341700,341721', 3, '东至县', 'mainland'),
(341722, 341700, ',340000,341700,341722', 3, '石台县', 'mainland'),
(341723, 341700, ',340000,341700,341723', 3, '青阳县', 'mainland'),
(341724, 341700, ',340000,341700,341724', 3, '其它区', 'mainland'),
(341800, 340000, ',340000,341800', 2, '宣城市', 'mainland'),
(341802, 341800, ',340000,341800,341802', 3, '宣州区', 'mainland'),
(341821, 341800, ',340000,341800,341821', 3, '郎溪县', 'mainland'),
(341822, 341800, ',340000,341800,341822', 3, '广德县', 'mainland'),
(341823, 341800, ',340000,341800,341823', 3, '泾县', 'mainland'),
(341824, 341800, ',340000,341800,341824', 3, '绩溪县', 'mainland'),
(341825, 341800, ',340000,341800,341825', 3, '旌德县', 'mainland'),
(341881, 341800, ',340000,341800,341881', 3, '宁国市', 'mainland'),
(341882, 341800, ',340000,341800,341882', 3, '其它区', 'mainland'),
(350000, 100000, ',350000', 1, '福建省', 'mainland'),
(350100, 350000, ',350000,350100', 2, '福州市', 'mainland'),
(350102, 350100, ',350000,350100,350102', 3, '鼓楼区', 'mainland'),
(350103, 350100, ',350000,350100,350103', 3, '台江区', 'mainland'),
(350104, 350100, ',350000,350100,350104', 3, '仓山区', 'mainland'),
(350105, 350100, ',350000,350100,350105', 3, '马尾区', 'mainland'),
(350111, 350100, ',350000,350100,350111', 3, '晋安区', 'mainland'),
(350121, 350100, ',350000,350100,350121', 3, '闽侯县', 'mainland'),
(350122, 350100, ',350000,350100,350122', 3, '连江县', 'mainland'),
(350123, 350100, ',350000,350100,350123', 3, '罗源县', 'mainland'),
(350124, 350100, ',350000,350100,350124', 3, '闽清县', 'mainland'),
(350125, 350100, ',350000,350100,350125', 3, '永泰县', 'mainland'),
(350128, 350100, ',350000,350100,350128', 3, '平潭县', 'mainland'),
(350181, 350100, ',350000,350100,350181', 3, '福清市', 'mainland'),
(350182, 350100, ',350000,350100,350182', 3, '长乐市', 'mainland'),
(350183, 350100, ',350000,350100,350183', 3, '其它区', 'mainland'),
(350200, 350000, ',350000,350200', 2, '厦门市', 'mainland'),
(350203, 350200, ',350000,350200,350203', 3, '思明区', 'mainland'),
(350205, 350200, ',350000,350200,350205', 3, '海沧区', 'mainland'),
(350206, 350200, ',350000,350200,350206', 3, '湖里区', 'mainland'),
(350211, 350200, ',350000,350200,350211', 3, '集美区', 'mainland'),
(350212, 350200, ',350000,350200,350212', 3, '同安区', 'mainland'),
(350213, 350200, ',350000,350200,350213', 3, '翔安区', 'mainland'),
(350214, 350200, ',350000,350200,350214', 3, '其它区', 'mainland'),
(350300, 350000, ',350000,350300', 2, '莆田市', 'mainland'),
(350302, 350300, ',350000,350300,350302', 3, '城厢区', 'mainland'),
(350303, 350300, ',350000,350300,350303', 3, '涵江区', 'mainland'),
(350304, 350300, ',350000,350300,350304', 3, '荔城区', 'mainland'),
(350305, 350300, ',350000,350300,350305', 3, '秀屿区', 'mainland'),
(350322, 350300, ',350000,350300,350322', 3, '仙游县', 'mainland'),
(350323, 350300, ',350000,350300,350323', 3, '其它区', 'mainland'),
(350400, 350000, ',350000,350400', 2, '三明市', 'mainland'),
(350402, 350400, ',350000,350400,350402', 3, '梅列区', 'mainland'),
(350403, 350400, ',350000,350400,350403', 3, '三元区', 'mainland'),
(350421, 350400, ',350000,350400,350421', 3, '明溪县', 'mainland'),
(350423, 350400, ',350000,350400,350423', 3, '清流县', 'mainland'),
(350424, 350400, ',350000,350400,350424', 3, '宁化县', 'mainland'),
(350425, 350400, ',350000,350400,350425', 3, '大田县', 'mainland'),
(350426, 350400, ',350000,350400,350426', 3, '尤溪县', 'mainland'),
(350427, 350400, ',350000,350400,350427', 3, '沙县', 'mainland'),
(350428, 350400, ',350000,350400,350428', 3, '将乐县', 'mainland'),
(350429, 350400, ',350000,350400,350429', 3, '泰宁县', 'mainland'),
(350430, 350400, ',350000,350400,350430', 3, '建宁县', 'mainland'),
(350481, 350400, ',350000,350400,350481', 3, '永安市', 'mainland'),
(350482, 350400, ',350000,350400,350482', 3, '其它区', 'mainland'),
(350500, 350000, ',350000,350500', 2, '泉州市', 'mainland'),
(350502, 350500, ',350000,350500,350502', 3, '鲤城区', 'mainland'),
(350503, 350500, ',350000,350500,350503', 3, '丰泽区', 'mainland'),
(350504, 350500, ',350000,350500,350504', 3, '洛江区', 'mainland'),
(350505, 350500, ',350000,350500,350505', 3, '泉港区', 'mainland'),
(350521, 350500, ',350000,350500,350521', 3, '惠安县', 'mainland'),
(350524, 350500, ',350000,350500,350524', 3, '安溪县', 'mainland'),
(350525, 350500, ',350000,350500,350525', 3, '永春县', 'mainland'),
(350526, 350500, ',350000,350500,350526', 3, '德化县', 'mainland'),
(350527, 350500, ',350000,350500,350527', 3, '金门县', 'mainland'),
(350581, 350500, ',350000,350500,350581', 3, '石狮市', 'mainland'),
(350582, 350500, ',350000,350500,350582', 3, '晋江市', 'mainland'),
(350583, 350500, ',350000,350500,350583', 3, '南安市', 'mainland'),
(350584, 350500, ',350000,350500,350584', 3, '其它区', 'mainland'),
(350600, 350000, ',350000,350600', 2, '漳州市', 'mainland'),
(350602, 350600, ',350000,350600,350602', 3, '芗城区', 'mainland'),
(350603, 350600, ',350000,350600,350603', 3, '龙文区', 'mainland'),
(350622, 350600, ',350000,350600,350622', 3, '云霄县', 'mainland'),
(350623, 350600, ',350000,350600,350623', 3, '漳浦县', 'mainland'),
(350624, 350600, ',350000,350600,350624', 3, '诏安县', 'mainland'),
(350625, 350600, ',350000,350600,350625', 3, '长泰县', 'mainland'),
(350626, 350600, ',350000,350600,350626', 3, '东山县', 'mainland'),
(350627, 350600, ',350000,350600,350627', 3, '南靖县', 'mainland'),
(350628, 350600, ',350000,350600,350628', 3, '平和县', 'mainland'),
(350629, 350600, ',350000,350600,350629', 3, '华安县', 'mainland'),
(350681, 350600, ',350000,350600,350681', 3, '龙海市', 'mainland'),
(350682, 350600, ',350000,350600,350682', 3, '其它区', 'mainland'),
(350700, 350000, ',350000,350700', 2, '南平市', 'mainland'),
(350702, 350700, ',350000,350700,350702', 3, '延平区', 'mainland'),
(350721, 350700, ',350000,350700,350721', 3, '顺昌县', 'mainland'),
(350722, 350700, ',350000,350700,350722', 3, '浦城县', 'mainland'),
(350723, 350700, ',350000,350700,350723', 3, '光泽县', 'mainland'),
(350724, 350700, ',350000,350700,350724', 3, '松溪县', 'mainland'),
(350725, 350700, ',350000,350700,350725', 3, '政和县', 'mainland'),
(350781, 350700, ',350000,350700,350781', 3, '邵武市', 'mainland'),
(350782, 350700, ',350000,350700,350782', 3, '武夷山市', 'mainland'),
(350783, 350700, ',350000,350700,350783', 3, '建瓯市', 'mainland'),
(350784, 350700, ',350000,350700,350784', 3, '建阳市', 'mainland'),
(350785, 350700, ',350000,350700,350785', 3, '其它区', 'mainland'),
(350800, 350000, ',350000,350800', 2, '龙岩市', 'mainland'),
(350802, 350800, ',350000,350800,350802', 3, '新罗区', 'mainland'),
(350821, 350800, ',350000,350800,350821', 3, '长汀县', 'mainland'),
(350822, 350800, ',350000,350800,350822', 3, '永定县', 'mainland'),
(350823, 350800, ',350000,350800,350823', 3, '上杭县', 'mainland'),
(350824, 350800, ',350000,350800,350824', 3, '武平县', 'mainland'),
(350825, 350800, ',350000,350800,350825', 3, '连城县', 'mainland'),
(350881, 350800, ',350000,350800,350881', 3, '漳平市', 'mainland'),
(350882, 350800, ',350000,350800,350882', 3, '其它区', 'mainland'),
(350900, 350000, ',350000,350900', 2, '宁德市', 'mainland'),
(350902, 350900, ',350000,350900,350902', 3, '蕉城区', 'mainland'),
(350921, 350900, ',350000,350900,350921', 3, '霞浦县', 'mainland'),
(350922, 350900, ',350000,350900,350922', 3, '古田县', 'mainland'),
(350923, 350900, ',350000,350900,350923', 3, '屏南县', 'mainland'),
(350924, 350900, ',350000,350900,350924', 3, '寿宁县', 'mainland'),
(350925, 350900, ',350000,350900,350925', 3, '周宁县', 'mainland'),
(350926, 350900, ',350000,350900,350926', 3, '柘荣县', 'mainland'),
(350981, 350900, ',350000,350900,350981', 3, '福安市', 'mainland'),
(350982, 350900, ',350000,350900,350982', 3, '福鼎市', 'mainland'),
(350983, 350900, ',350000,350900,350983', 3, '其它区', 'mainland'),
(360000, 100000, ',360000', 1, '江西省', 'mainland'),
(360100, 360000, ',360000,360100', 2, '南昌市', 'mainland'),
(360102, 360100, ',360000,360100,360102', 3, '东湖区', 'mainland'),
(360103, 360100, ',360000,360100,360103', 3, '西湖区', 'mainland'),
(360104, 360100, ',360000,360100,360104', 3, '青云谱区', 'mainland'),
(360105, 360100, ',360000,360100,360105', 3, '湾里区', 'mainland'),
(360111, 360100, ',360000,360100,360111', 3, '青山湖区', 'mainland'),
(360121, 360100, ',360000,360100,360121', 3, '南昌县', 'mainland'),
(360122, 360100, ',360000,360100,360122', 3, '新建县', 'mainland'),
(360123, 360100, ',360000,360100,360123', 3, '安义县', 'mainland'),
(360124, 360100, ',360000,360100,360124', 3, '进贤县', 'mainland'),
(360125, 360100, ',360000,360100,360125', 3, '红谷滩新区', 'mainland'),
(360126, 360100, ',360000,360100,360126', 3, '经济技术开发区', 'mainland'),
(360127, 360100, ',360000,360100,360127', 3, '昌北区', 'mainland'),
(360128, 360100, ',360000,360100,360128', 3, '其它区', 'mainland'),
(360200, 360000, ',360000,360200', 2, '景德镇市', 'mainland'),
(360202, 360200, ',360000,360200,360202', 3, '昌江区', 'mainland'),
(360203, 360200, ',360000,360200,360203', 3, '珠山区', 'mainland'),
(360222, 360200, ',360000,360200,360222', 3, '浮梁县', 'mainland'),
(360281, 360200, ',360000,360200,360281', 3, '乐平市', 'mainland'),
(360282, 360200, ',360000,360200,360282', 3, '其它区', 'mainland'),
(360300, 360000, ',360000,360300', 2, '萍乡市', 'mainland'),
(360302, 360300, ',360000,360300,360302', 3, '安源区', 'mainland'),
(360313, 360300, ',360000,360300,360313', 3, '湘东区', 'mainland'),
(360321, 360300, ',360000,360300,360321', 3, '莲花县', 'mainland'),
(360322, 360300, ',360000,360300,360322', 3, '上栗县', 'mainland'),
(360323, 360300, ',360000,360300,360323', 3, '芦溪县', 'mainland'),
(360324, 360300, ',360000,360300,360324', 3, '其它区', 'mainland'),
(360400, 360000, ',360000,360400', 2, '九江市', 'mainland'),
(360402, 360400, ',360000,360400,360402', 3, '庐山区', 'mainland'),
(360403, 360400, ',360000,360400,360403', 3, '浔阳区', 'mainland'),
(360421, 360400, ',360000,360400,360421', 3, '九江县', 'mainland'),
(360423, 360400, ',360000,360400,360423', 3, '武宁县', 'mainland'),
(360424, 360400, ',360000,360400,360424', 3, '修水县', 'mainland'),
(360425, 360400, ',360000,360400,360425', 3, '永修县', 'mainland'),
(360426, 360400, ',360000,360400,360426', 3, '德安县', 'mainland'),
(360427, 360400, ',360000,360400,360427', 3, '星子县', 'mainland'),
(360428, 360400, ',360000,360400,360428', 3, '都昌县', 'mainland'),
(360429, 360400, ',360000,360400,360429', 3, '湖口县', 'mainland'),
(360430, 360400, ',360000,360400,360430', 3, '彭泽县', 'mainland');
INSERT INTO `area` (`area_id`, `parent_id`, `path`, `grade`, `name`, `language`) VALUES
(360481, 360400, ',360000,360400,360481', 3, '瑞昌市', 'mainland'),
(360482, 360400, ',360000,360400,360482', 3, '其它区', 'mainland'),
(360500, 360000, ',360000,360500', 2, '新余市', 'mainland'),
(360502, 360500, ',360000,360500,360502', 3, '渝水区', 'mainland'),
(360521, 360500, ',360000,360500,360521', 3, '分宜县', 'mainland'),
(360522, 360500, ',360000,360500,360522', 3, '其它区', 'mainland'),
(360600, 360000, ',360000,360600', 2, '鹰潭市', 'mainland'),
(360602, 360600, ',360000,360600,360602', 3, '月湖区', 'mainland'),
(360622, 360600, ',360000,360600,360622', 3, '余江县', 'mainland'),
(360681, 360600, ',360000,360600,360681', 3, '贵溪市', 'mainland'),
(360682, 360600, ',360000,360600,360682', 3, '其它区', 'mainland'),
(360700, 360000, ',360000,360700', 2, '赣州市', 'mainland'),
(360702, 360700, ',360000,360700,360702', 3, '章贡区', 'mainland'),
(360721, 360700, ',360000,360700,360721', 3, '赣县', 'mainland'),
(360722, 360700, ',360000,360700,360722', 3, '信丰县', 'mainland'),
(360723, 360700, ',360000,360700,360723', 3, '大余县', 'mainland'),
(360724, 360700, ',360000,360700,360724', 3, '上犹县', 'mainland'),
(360725, 360700, ',360000,360700,360725', 3, '崇义县', 'mainland'),
(360726, 360700, ',360000,360700,360726', 3, '安远县', 'mainland'),
(360727, 360700, ',360000,360700,360727', 3, '龙南县', 'mainland'),
(360728, 360700, ',360000,360700,360728', 3, '定南县', 'mainland'),
(360729, 360700, ',360000,360700,360729', 3, '全南县', 'mainland'),
(360730, 360700, ',360000,360700,360730', 3, '宁都县', 'mainland'),
(360731, 360700, ',360000,360700,360731', 3, '于都县', 'mainland'),
(360732, 360700, ',360000,360700,360732', 3, '兴国县', 'mainland'),
(360733, 360700, ',360000,360700,360733', 3, '会昌县', 'mainland'),
(360734, 360700, ',360000,360700,360734', 3, '寻乌县', 'mainland'),
(360735, 360700, ',360000,360700,360735', 3, '石城县', 'mainland'),
(360751, 360700, ',360000,360700,360751', 3, '黄金区', 'mainland'),
(360781, 360700, ',360000,360700,360781', 3, '瑞金市', 'mainland'),
(360782, 360700, ',360000,360700,360782', 3, '南康市', 'mainland'),
(360783, 360700, ',360000,360700,360783', 3, '其它区', 'mainland'),
(360800, 360000, ',360000,360800', 2, '吉安市', 'mainland'),
(360802, 360800, ',360000,360800,360802', 3, '吉州区', 'mainland'),
(360803, 360800, ',360000,360800,360803', 3, '青原区', 'mainland'),
(360821, 360800, ',360000,360800,360821', 3, '吉安县', 'mainland'),
(360822, 360800, ',360000,360800,360822', 3, '吉水县', 'mainland'),
(360823, 360800, ',360000,360800,360823', 3, '峡江县', 'mainland'),
(360824, 360800, ',360000,360800,360824', 3, '新干县', 'mainland'),
(360825, 360800, ',360000,360800,360825', 3, '永丰县', 'mainland'),
(360826, 360800, ',360000,360800,360826', 3, '泰和县', 'mainland'),
(360827, 360800, ',360000,360800,360827', 3, '遂川县', 'mainland'),
(360828, 360800, ',360000,360800,360828', 3, '万安县', 'mainland'),
(360829, 360800, ',360000,360800,360829', 3, '安福县', 'mainland'),
(360830, 360800, ',360000,360800,360830', 3, '永新县', 'mainland'),
(360881, 360800, ',360000,360800,360881', 3, '井冈山市', 'mainland'),
(360882, 360800, ',360000,360800,360882', 3, '其它区', 'mainland'),
(360900, 360000, ',360000,360900', 2, '宜春市', 'mainland'),
(360902, 360900, ',360000,360900,360902', 3, '袁州区', 'mainland'),
(360921, 360900, ',360000,360900,360921', 3, '奉新县', 'mainland'),
(360922, 360900, ',360000,360900,360922', 3, '万载县', 'mainland'),
(360923, 360900, ',360000,360900,360923', 3, '上高县', 'mainland'),
(360924, 360900, ',360000,360900,360924', 3, '宜丰县', 'mainland'),
(360925, 360900, ',360000,360900,360925', 3, '靖安县', 'mainland'),
(360926, 360900, ',360000,360900,360926', 3, '铜鼓县', 'mainland'),
(360981, 360900, ',360000,360900,360981', 3, '丰城市', 'mainland'),
(360982, 360900, ',360000,360900,360982', 3, '樟树市', 'mainland'),
(360983, 360900, ',360000,360900,360983', 3, '高安市', 'mainland'),
(360984, 360900, ',360000,360900,360984', 3, '其它区', 'mainland'),
(361000, 360000, ',360000,361000', 2, '抚州市', 'mainland'),
(361002, 361000, ',360000,361000,361002', 3, '临川区', 'mainland'),
(361021, 361000, ',360000,361000,361021', 3, '南城县', 'mainland'),
(361022, 361000, ',360000,361000,361022', 3, '黎川县', 'mainland'),
(361023, 361000, ',360000,361000,361023', 3, '南丰县', 'mainland'),
(361024, 361000, ',360000,361000,361024', 3, '崇仁县', 'mainland'),
(361025, 361000, ',360000,361000,361025', 3, '乐安县', 'mainland'),
(361026, 361000, ',360000,361000,361026', 3, '宜黄县', 'mainland'),
(361027, 361000, ',360000,361000,361027', 3, '金溪县', 'mainland'),
(361028, 361000, ',360000,361000,361028', 3, '资溪县', 'mainland'),
(361029, 361000, ',360000,361000,361029', 3, '东乡县', 'mainland'),
(361030, 361000, ',360000,361000,361030', 3, '广昌县', 'mainland'),
(361031, 361000, ',360000,361000,361031', 3, '其它区', 'mainland'),
(361100, 360000, ',360000,361100', 2, '上饶市', 'mainland'),
(361102, 361100, ',360000,361100,361102', 3, '信州区', 'mainland'),
(361121, 361100, ',360000,361100,361121', 3, '上饶县', 'mainland'),
(361122, 361100, ',360000,361100,361122', 3, '广丰县', 'mainland'),
(361123, 361100, ',360000,361100,361123', 3, '玉山县', 'mainland'),
(361124, 361100, ',360000,361100,361124', 3, '铅山县', 'mainland'),
(361125, 361100, ',360000,361100,361125', 3, '横峰县', 'mainland'),
(361126, 361100, ',360000,361100,361126', 3, '弋阳县', 'mainland'),
(361127, 361100, ',360000,361100,361127', 3, '余干县', 'mainland'),
(361128, 361100, ',360000,361100,361128', 3, '鄱阳县', 'mainland'),
(361129, 361100, ',360000,361100,361129', 3, '万年县', 'mainland'),
(361130, 361100, ',360000,361100,361130', 3, '婺源县', 'mainland'),
(361181, 361100, ',360000,361100,361181', 3, '德兴市', 'mainland'),
(361182, 361100, ',360000,361100,361182', 3, '其它区', 'mainland'),
(370000, 100000, ',370000', 1, '山东省', 'mainland'),
(370100, 370000, ',370000,370100', 2, '济南市', 'mainland'),
(370102, 370100, ',370000,370100,370102', 3, '历下区', 'mainland'),
(370103, 370100, ',370000,370100,370103', 3, '市中区', 'mainland'),
(370104, 370100, ',370000,370100,370104', 3, '槐荫区', 'mainland'),
(370105, 370100, ',370000,370100,370105', 3, '天桥区', 'mainland'),
(370112, 370100, ',370000,370100,370112', 3, '历城区', 'mainland'),
(370113, 370100, ',370000,370100,370113', 3, '长清区', 'mainland'),
(370124, 370100, ',370000,370100,370124', 3, '平阴县', 'mainland'),
(370125, 370100, ',370000,370100,370125', 3, '济阳县', 'mainland'),
(370126, 370100, ',370000,370100,370126', 3, '商河县', 'mainland'),
(370181, 370100, ',370000,370100,370181', 3, '章丘市', 'mainland'),
(370182, 370100, ',370000,370100,370182', 3, '其它区', 'mainland'),
(370200, 370000, ',370000,370200', 2, '青岛市', 'mainland'),
(370202, 370200, ',370000,370200,370202', 3, '市南区', 'mainland'),
(370203, 370200, ',370000,370200,370203', 3, '市北区', 'mainland'),
(370205, 370200, ',370000,370200,370205', 3, '四方区', 'mainland'),
(370211, 370200, ',370000,370200,370211', 3, '黄岛区', 'mainland'),
(370212, 370200, ',370000,370200,370212', 3, '崂山区', 'mainland'),
(370213, 370200, ',370000,370200,370213', 3, '李沧区', 'mainland'),
(370214, 370200, ',370000,370200,370214', 3, '城阳区', 'mainland'),
(370251, 370200, ',370000,370200,370251', 3, '开发区', 'mainland'),
(370281, 370200, ',370000,370200,370281', 3, '胶州市', 'mainland'),
(370282, 370200, ',370000,370200,370282', 3, '即墨市', 'mainland'),
(370283, 370200, ',370000,370200,370283', 3, '平度市', 'mainland'),
(370284, 370200, ',370000,370200,370284', 3, '胶南市', 'mainland'),
(370285, 370200, ',370000,370200,370285', 3, '莱西市', 'mainland'),
(370286, 370200, ',370000,370200,370286', 3, '其它区', 'mainland'),
(370300, 370000, ',370000,370300', 2, '淄博市', 'mainland'),
(370302, 370300, ',370000,370300,370302', 3, '淄川区', 'mainland'),
(370303, 370300, ',370000,370300,370303', 3, '张店区', 'mainland'),
(370304, 370300, ',370000,370300,370304', 3, '博山区', 'mainland'),
(370305, 370300, ',370000,370300,370305', 3, '临淄区', 'mainland'),
(370306, 370300, ',370000,370300,370306', 3, '周村区', 'mainland'),
(370321, 370300, ',370000,370300,370321', 3, '桓台县', 'mainland'),
(370322, 370300, ',370000,370300,370322', 3, '高青县', 'mainland'),
(370323, 370300, ',370000,370300,370323', 3, '沂源县', 'mainland'),
(370324, 370300, ',370000,370300,370324', 3, '其它区', 'mainland'),
(370400, 370000, ',370000,370400', 2, '枣庄市', 'mainland'),
(370402, 370400, ',370000,370400,370402', 3, '市中区', 'mainland'),
(370403, 370400, ',370000,370400,370403', 3, '薛城区', 'mainland'),
(370404, 370400, ',370000,370400,370404', 3, '峄城区', 'mainland'),
(370405, 370400, ',370000,370400,370405', 3, '台儿庄区', 'mainland'),
(370406, 370400, ',370000,370400,370406', 3, '山亭区', 'mainland'),
(370481, 370400, ',370000,370400,370481', 3, '滕州市', 'mainland'),
(370482, 370400, ',370000,370400,370482', 3, '其它区', 'mainland'),
(370500, 370000, ',370000,370500', 2, '东营市', 'mainland'),
(370502, 370500, ',370000,370500,370502', 3, '东营区', 'mainland'),
(370503, 370500, ',370000,370500,370503', 3, '河口区', 'mainland'),
(370521, 370500, ',370000,370500,370521', 3, '垦利县', 'mainland'),
(370522, 370500, ',370000,370500,370522', 3, '利津县', 'mainland'),
(370523, 370500, ',370000,370500,370523', 3, '广饶县', 'mainland'),
(370589, 370500, ',370000,370500,370589', 3, '西城区', 'mainland'),
(370590, 370500, ',370000,370500,370590', 3, '东城区', 'mainland'),
(370591, 370500, ',370000,370500,370591', 3, '其它区', 'mainland'),
(370600, 370000, ',370000,370600', 2, '烟台市', 'mainland'),
(370602, 370600, ',370000,370600,370602', 3, '芝罘区', 'mainland'),
(370611, 370600, ',370000,370600,370611', 3, '福山区', 'mainland'),
(370612, 370600, ',370000,370600,370612', 3, '牟平区', 'mainland'),
(370613, 370600, ',370000,370600,370613', 3, '莱山区', 'mainland'),
(370634, 370600, ',370000,370600,370634', 3, '长岛县', 'mainland'),
(370681, 370600, ',370000,370600,370681', 3, '龙口市', 'mainland'),
(370682, 370600, ',370000,370600,370682', 3, '莱阳市', 'mainland'),
(370683, 370600, ',370000,370600,370683', 3, '莱州市', 'mainland'),
(370684, 370600, ',370000,370600,370684', 3, '蓬莱市', 'mainland'),
(370685, 370600, ',370000,370600,370685', 3, '招远市', 'mainland'),
(370686, 370600, ',370000,370600,370686', 3, '栖霞市', 'mainland'),
(370687, 370600, ',370000,370600,370687', 3, '海阳市', 'mainland'),
(370688, 370600, ',370000,370600,370688', 3, '其它区', 'mainland'),
(370700, 370000, ',370000,370700', 2, '潍坊市', 'mainland'),
(370702, 370700, ',370000,370700,370702', 3, '潍城区', 'mainland'),
(370703, 370700, ',370000,370700,370703', 3, '寒亭区', 'mainland'),
(370704, 370700, ',370000,370700,370704', 3, '坊子区', 'mainland'),
(370705, 370700, ',370000,370700,370705', 3, '奎文区', 'mainland'),
(370724, 370700, ',370000,370700,370724', 3, '临朐县', 'mainland'),
(370725, 370700, ',370000,370700,370725', 3, '昌乐县', 'mainland'),
(370751, 370700, ',370000,370700,370751', 3, '开发区', 'mainland'),
(370781, 370700, ',370000,370700,370781', 3, '青州市', 'mainland'),
(370782, 370700, ',370000,370700,370782', 3, '诸城市', 'mainland'),
(370783, 370700, ',370000,370700,370783', 3, '寿光市', 'mainland'),
(370784, 370700, ',370000,370700,370784', 3, '安丘市', 'mainland'),
(370785, 370700, ',370000,370700,370785', 3, '高密市', 'mainland'),
(370786, 370700, ',370000,370700,370786', 3, '昌邑市', 'mainland'),
(370787, 370700, ',370000,370700,370787', 3, '其它区', 'mainland'),
(370800, 370000, ',370000,370800', 2, '济宁市', 'mainland'),
(370802, 370800, ',370000,370800,370802', 3, '市中区', 'mainland'),
(370811, 370800, ',370000,370800,370811', 3, '任城区', 'mainland'),
(370826, 370800, ',370000,370800,370826', 3, '微山县', 'mainland'),
(370827, 370800, ',370000,370800,370827', 3, '鱼台县', 'mainland'),
(370828, 370800, ',370000,370800,370828', 3, '金乡县', 'mainland'),
(370829, 370800, ',370000,370800,370829', 3, '嘉祥县', 'mainland'),
(370830, 370800, ',370000,370800,370830', 3, '汶上县', 'mainland'),
(370831, 370800, ',370000,370800,370831', 3, '泗水县', 'mainland'),
(370832, 370800, ',370000,370800,370832', 3, '梁山县', 'mainland'),
(370881, 370800, ',370000,370800,370881', 3, '曲阜市', 'mainland'),
(370882, 370800, ',370000,370800,370882', 3, '兖州市', 'mainland'),
(370883, 370800, ',370000,370800,370883', 3, '邹城市', 'mainland'),
(370884, 370800, ',370000,370800,370884', 3, '其它区', 'mainland'),
(370900, 370000, ',370000,370900', 2, '泰安市', 'mainland'),
(370902, 370900, ',370000,370900,370902', 3, '泰山区', 'mainland'),
(370903, 370900, ',370000,370900,370903', 3, '岱岳区', 'mainland'),
(370921, 370900, ',370000,370900,370921', 3, '宁阳县', 'mainland'),
(370923, 370900, ',370000,370900,370923', 3, '东平县', 'mainland'),
(370982, 370900, ',370000,370900,370982', 3, '新泰市', 'mainland'),
(370983, 370900, ',370000,370900,370983', 3, '肥城市', 'mainland'),
(370984, 370900, ',370000,370900,370984', 3, '其它区', 'mainland'),
(371000, 370000, ',370000,371000', 2, '威海市', 'mainland'),
(371002, 371000, ',370000,371000,371002', 3, '环翠区', 'mainland'),
(371081, 371000, ',370000,371000,371081', 3, '文登市', 'mainland'),
(371082, 371000, ',370000,371000,371082', 3, '荣成市', 'mainland'),
(371083, 371000, ',370000,371000,371083', 3, '乳山市', 'mainland'),
(371084, 371000, ',370000,371000,371084', 3, '其它区', 'mainland'),
(371100, 370000, ',370000,371100', 2, '日照市', 'mainland'),
(371102, 371100, ',370000,371100,371102', 3, '东港区', 'mainland'),
(371103, 371100, ',370000,371100,371103', 3, '岚山区', 'mainland'),
(371121, 371100, ',370000,371100,371121', 3, '五莲县', 'mainland'),
(371122, 371100, ',370000,371100,371122', 3, '莒县', 'mainland'),
(371123, 371100, ',370000,371100,371123', 3, '其它区', 'mainland'),
(371200, 370000, ',370000,371200', 2, '莱芜市', 'mainland'),
(371202, 371200, ',370000,371200,371202', 3, '莱城区', 'mainland'),
(371203, 371200, ',370000,371200,371203', 3, '钢城区', 'mainland'),
(371204, 371200, ',370000,371200,371204', 3, '其它区', 'mainland'),
(371300, 370000, ',370000,371300', 2, '临沂市', 'mainland'),
(371302, 371300, ',370000,371300,371302', 3, '兰山区', 'mainland'),
(371311, 371300, ',370000,371300,371311', 3, '罗庄区', 'mainland'),
(371312, 371300, ',370000,371300,371312', 3, '河东区', 'mainland'),
(371321, 371300, ',370000,371300,371321', 3, '沂南县', 'mainland'),
(371322, 371300, ',370000,371300,371322', 3, '郯城县', 'mainland'),
(371323, 371300, ',370000,371300,371323', 3, '沂水县', 'mainland'),
(371324, 371300, ',370000,371300,371324', 3, '苍山县', 'mainland'),
(371325, 371300, ',370000,371300,371325', 3, '费县', 'mainland'),
(371326, 371300, ',370000,371300,371326', 3, '平邑县', 'mainland'),
(371327, 371300, ',370000,371300,371327', 3, '莒南县', 'mainland'),
(371328, 371300, ',370000,371300,371328', 3, '蒙阴县', 'mainland'),
(371329, 371300, ',370000,371300,371329', 3, '临沭县', 'mainland'),
(371330, 371300, ',370000,371300,371330', 3, '其它区', 'mainland'),
(371400, 370000, ',370000,371400', 2, '德州市', 'mainland'),
(371402, 371400, ',370000,371400,371402', 3, '德城区', 'mainland'),
(371421, 371400, ',370000,371400,371421', 3, '陵县', 'mainland'),
(371422, 371400, ',370000,371400,371422', 3, '宁津县', 'mainland'),
(371423, 371400, ',370000,371400,371423', 3, '庆云县', 'mainland'),
(371424, 371400, ',370000,371400,371424', 3, '临邑县', 'mainland'),
(371425, 371400, ',370000,371400,371425', 3, '齐河县', 'mainland'),
(371426, 371400, ',370000,371400,371426', 3, '平原县', 'mainland'),
(371427, 371400, ',370000,371400,371427', 3, '夏津县', 'mainland'),
(371428, 371400, ',370000,371400,371428', 3, '武城县', 'mainland'),
(371451, 371400, ',370000,371400,371451', 3, '开发区', 'mainland'),
(371481, 371400, ',370000,371400,371481', 3, '乐陵市', 'mainland'),
(371482, 371400, ',370000,371400,371482', 3, '禹城市', 'mainland'),
(371483, 371400, ',370000,371400,371483', 3, '其它区', 'mainland'),
(371500, 370000, ',370000,371500', 2, '聊城市', 'mainland'),
(371502, 371500, ',370000,371500,371502', 3, '东昌府区', 'mainland'),
(371521, 371500, ',370000,371500,371521', 3, '阳谷县', 'mainland'),
(371522, 371500, ',370000,371500,371522', 3, '莘县', 'mainland'),
(371523, 371500, ',370000,371500,371523', 3, '茌平县', 'mainland'),
(371524, 371500, ',370000,371500,371524', 3, '东阿县', 'mainland'),
(371525, 371500, ',370000,371500,371525', 3, '冠县', 'mainland'),
(371526, 371500, ',370000,371500,371526', 3, '高唐县', 'mainland'),
(371581, 371500, ',370000,371500,371581', 3, '临清市', 'mainland'),
(371582, 371500, ',370000,371500,371582', 3, '其它区', 'mainland'),
(371600, 370000, ',370000,371600', 2, '滨州市', 'mainland'),
(371602, 371600, ',370000,371600,371602', 3, '滨城区', 'mainland'),
(371621, 371600, ',370000,371600,371621', 3, '惠民县', 'mainland'),
(371622, 371600, ',370000,371600,371622', 3, '阳信县', 'mainland'),
(371623, 371600, ',370000,371600,371623', 3, '无棣县', 'mainland'),
(371624, 371600, ',370000,371600,371624', 3, '沾化县', 'mainland'),
(371625, 371600, ',370000,371600,371625', 3, '博兴县', 'mainland'),
(371626, 371600, ',370000,371600,371626', 3, '邹平县', 'mainland'),
(371627, 371600, ',370000,371600,371627', 3, '其它区', 'mainland'),
(371700, 370000, ',370000,371700', 2, '菏泽市', 'mainland'),
(371702, 371700, ',370000,371700,371702', 3, '牡丹区', 'mainland'),
(371721, 371700, ',370000,371700,371721', 3, '曹县', 'mainland'),
(371722, 371700, ',370000,371700,371722', 3, '单县', 'mainland'),
(371723, 371700, ',370000,371700,371723', 3, '成武县', 'mainland'),
(371724, 371700, ',370000,371700,371724', 3, '巨野县', 'mainland'),
(371725, 371700, ',370000,371700,371725', 3, '郓城县', 'mainland'),
(371726, 371700, ',370000,371700,371726', 3, '鄄城县', 'mainland'),
(371727, 371700, ',370000,371700,371727', 3, '定陶县', 'mainland'),
(371728, 371700, ',370000,371700,371728', 3, '东明县', 'mainland'),
(371729, 371700, ',370000,371700,371729', 3, '其它区', 'mainland'),
(410000, 100000, ',410000', 1, '河南省', 'mainland'),
(410100, 410000, ',410000,410100', 2, '郑州市', 'mainland'),
(410102, 410100, ',410000,410100,410102', 3, '中原区', 'mainland'),
(410103, 410100, ',410000,410100,410103', 3, '二七区', 'mainland'),
(410104, 410100, ',410000,410100,410104', 3, '管城回族区', 'mainland'),
(410105, 410100, ',410000,410100,410105', 3, '金水区', 'mainland'),
(410106, 410100, ',410000,410100,410106', 3, '上街区', 'mainland'),
(410108, 410100, ',410000,410100,410108', 3, '惠济区', 'mainland'),
(410122, 410100, ',410000,410100,410122', 3, '中牟县', 'mainland'),
(410181, 410100, ',410000,410100,410181', 3, '巩义市', 'mainland'),
(410182, 410100, ',410000,410100,410182', 3, '荥阳市', 'mainland'),
(410183, 410100, ',410000,410100,410183', 3, '新密市', 'mainland'),
(410184, 410100, ',410000,410100,410184', 3, '新郑市', 'mainland'),
(410185, 410100, ',410000,410100,410185', 3, '登封市', 'mainland'),
(410186, 410100, ',410000,410100,410186', 3, '郑东新区', 'mainland'),
(410187, 410100, ',410000,410100,410187', 3, '高新区', 'mainland'),
(410188, 410100, ',410000,410100,410188', 3, '其它区', 'mainland'),
(410200, 410000, ',410000,410200', 2, '开封市', 'mainland'),
(410202, 410200, ',410000,410200,410202', 3, '龙亭区', 'mainland'),
(410203, 410200, ',410000,410200,410203', 3, '顺河回族区', 'mainland'),
(410204, 410200, ',410000,410200,410204', 3, '鼓楼区', 'mainland'),
(410205, 410200, ',410000,410200,410205', 3, '禹王台区', 'mainland'),
(410211, 410200, ',410000,410200,410211', 3, '金明区', 'mainland'),
(410221, 410200, ',410000,410200,410221', 3, '杞县', 'mainland'),
(410222, 410200, ',410000,410200,410222', 3, '通许县', 'mainland'),
(410223, 410200, ',410000,410200,410223', 3, '尉氏县', 'mainland'),
(410224, 410200, ',410000,410200,410224', 3, '开封县', 'mainland'),
(410225, 410200, ',410000,410200,410225', 3, '兰考县', 'mainland'),
(410226, 410200, ',410000,410200,410226', 3, '其它区', 'mainland'),
(410300, 410000, ',410000,410300', 2, '洛阳市', 'mainland'),
(410302, 410300, ',410000,410300,410302', 3, '老城区', 'mainland'),
(410303, 410300, ',410000,410300,410303', 3, '西工区', 'mainland'),
(410304, 410300, ',410000,410300,410304', 3, '廛河回族区', 'mainland'),
(410305, 410300, ',410000,410300,410305', 3, '涧西区', 'mainland'),
(410306, 410300, ',410000,410300,410306', 3, '吉利区', 'mainland'),
(410307, 410300, ',410000,410300,410307', 3, '洛龙区', 'mainland'),
(410322, 410300, ',410000,410300,410322', 3, '孟津县', 'mainland'),
(410323, 410300, ',410000,410300,410323', 3, '新安县', 'mainland'),
(410324, 410300, ',410000,410300,410324', 3, '栾川县', 'mainland'),
(410325, 410300, ',410000,410300,410325', 3, '嵩县', 'mainland'),
(410326, 410300, ',410000,410300,410326', 3, '汝阳县', 'mainland'),
(410327, 410300, ',410000,410300,410327', 3, '宜阳县', 'mainland'),
(410328, 410300, ',410000,410300,410328', 3, '洛宁县', 'mainland'),
(410329, 410300, ',410000,410300,410329', 3, '伊川县', 'mainland'),
(410381, 410300, ',410000,410300,410381', 3, '偃师市', 'mainland'),
(410400, 410000, ',410000,410400', 2, '平顶山市', 'mainland'),
(410402, 410400, ',410000,410400,410402', 3, '新华区', 'mainland'),
(410403, 410400, ',410000,410400,410403', 3, '卫东区', 'mainland'),
(410404, 410400, ',410000,410400,410404', 3, '石龙区', 'mainland'),
(410411, 410400, ',410000,410400,410411', 3, '湛河区', 'mainland'),
(410421, 410400, ',410000,410400,410421', 3, '宝丰县', 'mainland'),
(410422, 410400, ',410000,410400,410422', 3, '叶县', 'mainland'),
(410423, 410400, ',410000,410400,410423', 3, '鲁山县', 'mainland'),
(410425, 410400, ',410000,410400,410425', 3, '郏县', 'mainland'),
(410481, 410400, ',410000,410400,410481', 3, '舞钢市', 'mainland'),
(410482, 410400, ',410000,410400,410482', 3, '汝州市', 'mainland'),
(410483, 410400, ',410000,410400,410483', 3, '其它区', 'mainland'),
(410500, 410000, ',410000,410500', 2, '安阳市', 'mainland'),
(410502, 410500, ',410000,410500,410502', 3, '文峰区', 'mainland'),
(410503, 410500, ',410000,410500,410503', 3, '北关区', 'mainland'),
(410505, 410500, ',410000,410500,410505', 3, '殷都区', 'mainland'),
(410506, 410500, ',410000,410500,410506', 3, '龙安区', 'mainland'),
(410522, 410500, ',410000,410500,410522', 3, '安阳县', 'mainland'),
(410523, 410500, ',410000,410500,410523', 3, '汤阴县', 'mainland'),
(410526, 410500, ',410000,410500,410526', 3, '滑县', 'mainland'),
(410527, 410500, ',410000,410500,410527', 3, '内黄县', 'mainland'),
(410581, 410500, ',410000,410500,410581', 3, '林州市', 'mainland'),
(410582, 410500, ',410000,410500,410582', 3, '其它区', 'mainland'),
(410600, 410000, ',410000,410600', 2, '鹤壁市', 'mainland'),
(410602, 410600, ',410000,410600,410602', 3, '鹤山区', 'mainland'),
(410603, 410600, ',410000,410600,410603', 3, '山城区', 'mainland'),
(410611, 410600, ',410000,410600,410611', 3, '淇滨区', 'mainland'),
(410621, 410600, ',410000,410600,410621', 3, '浚县', 'mainland'),
(410622, 410600, ',410000,410600,410622', 3, '淇县', 'mainland'),
(410623, 410600, ',410000,410600,410623', 3, '其它区', 'mainland'),
(410700, 410000, ',410000,410700', 2, '新乡市', 'mainland'),
(410702, 410700, ',410000,410700,410702', 3, '红旗区', 'mainland'),
(410703, 410700, ',410000,410700,410703', 3, '卫滨区', 'mainland'),
(410704, 410700, ',410000,410700,410704', 3, '凤泉区', 'mainland'),
(410711, 410700, ',410000,410700,410711', 3, '牧野区', 'mainland'),
(410721, 410700, ',410000,410700,410721', 3, '新乡县', 'mainland'),
(410724, 410700, ',410000,410700,410724', 3, '获嘉县', 'mainland'),
(410725, 410700, ',410000,410700,410725', 3, '原阳县', 'mainland'),
(410726, 410700, ',410000,410700,410726', 3, '延津县', 'mainland'),
(410727, 410700, ',410000,410700,410727', 3, '封丘县', 'mainland'),
(410728, 410700, ',410000,410700,410728', 3, '长垣县', 'mainland'),
(410781, 410700, ',410000,410700,410781', 3, '卫辉市', 'mainland'),
(410782, 410700, ',410000,410700,410782', 3, '辉县市', 'mainland'),
(410783, 410700, ',410000,410700,410783', 3, '其它区', 'mainland'),
(410800, 410000, ',410000,410800', 2, '焦作市', 'mainland'),
(410802, 410800, ',410000,410800,410802', 3, '解放区', 'mainland'),
(410803, 410800, ',410000,410800,410803', 3, '中站区', 'mainland'),
(410804, 410800, ',410000,410800,410804', 3, '马村区', 'mainland'),
(410811, 410800, ',410000,410800,410811', 3, '山阳区', 'mainland'),
(410821, 410800, ',410000,410800,410821', 3, '修武县', 'mainland'),
(410822, 410800, ',410000,410800,410822', 3, '博爱县', 'mainland'),
(410823, 410800, ',410000,410800,410823', 3, '武陟县', 'mainland'),
(410825, 410800, ',410000,410800,410825', 3, '温县', 'mainland'),
(410881, 410000, ',410000,410881', 3, '济源市', 'mainland'),
(410882, 410800, ',410000,410800,410882', 3, '沁阳市', 'mainland'),
(410883, 410800, ',410000,410800,410883', 3, '孟州市', 'mainland'),
(410884, 410800, ',410000,410800,410884', 3, '其它区', 'mainland'),
(410900, 410000, ',410000,410900', 2, '濮阳市', 'mainland'),
(410902, 410900, ',410000,410900,410902', 3, '华龙区', 'mainland'),
(410922, 410900, ',410000,410900,410922', 3, '清丰县', 'mainland'),
(410923, 410900, ',410000,410900,410923', 3, '南乐县', 'mainland'),
(410926, 410900, ',410000,410900,410926', 3, '范县', 'mainland'),
(410927, 410900, ',410000,410900,410927', 3, '台前县', 'mainland'),
(410928, 410900, ',410000,410900,410928', 3, '濮阳县', 'mainland'),
(410929, 410900, ',410000,410900,410929', 3, '其它区', 'mainland'),
(411000, 410000, ',410000,411000', 2, '许昌市', 'mainland'),
(411002, 411000, ',410000,411000,411002', 3, '魏都区', 'mainland'),
(411023, 411000, ',410000,411000,411023', 3, '许昌县', 'mainland'),
(411024, 411000, ',410000,411000,411024', 3, '鄢陵县', 'mainland'),
(411025, 411000, ',410000,411000,411025', 3, '襄城县', 'mainland'),
(411081, 411000, ',410000,411000,411081', 3, '禹州市', 'mainland'),
(411082, 411000, ',410000,411000,411082', 3, '长葛市', 'mainland'),
(411083, 411000, ',410000,411000,411083', 3, '其它区', 'mainland'),
(411100, 410000, ',410000,411100', 2, '漯河市', 'mainland'),
(411102, 411100, ',410000,411100,411102', 3, '源汇区', 'mainland'),
(411103, 411100, ',410000,411100,411103', 3, '郾城区', 'mainland'),
(411104, 411100, ',410000,411100,411104', 3, '召陵区', 'mainland'),
(411121, 411100, ',410000,411100,411121', 3, '舞阳县', 'mainland'),
(411122, 411100, ',410000,411100,411122', 3, '临颍县', 'mainland'),
(411123, 411100, ',410000,411100,411123', 3, '其它区', 'mainland'),
(411200, 410000, ',410000,411200', 2, '三门峡市', 'mainland'),
(411202, 411200, ',410000,411200,411202', 3, '湖滨区', 'mainland'),
(411221, 411200, ',410000,411200,411221', 3, '渑池县', 'mainland'),
(411222, 411200, ',410000,411200,411222', 3, '陕县', 'mainland'),
(411224, 411200, ',410000,411200,411224', 3, '卢氏县', 'mainland'),
(411281, 411200, ',410000,411200,411281', 3, '义马市', 'mainland'),
(411282, 411200, ',410000,411200,411282', 3, '灵宝市', 'mainland'),
(411283, 411200, ',410000,411200,411283', 3, '其它区', 'mainland'),
(411300, 410000, ',410000,411300', 2, '南阳市', 'mainland'),
(411302, 411300, ',410000,411300,411302', 3, '宛城区', 'mainland'),
(411303, 411300, ',410000,411300,411303', 3, '卧龙区', 'mainland'),
(411321, 411300, ',410000,411300,411321', 3, '南召县', 'mainland'),
(411322, 411300, ',410000,411300,411322', 3, '方城县', 'mainland'),
(411323, 411300, ',410000,411300,411323', 3, '西峡县', 'mainland'),
(411324, 411300, ',410000,411300,411324', 3, '镇平县', 'mainland'),
(411325, 411300, ',410000,411300,411325', 3, '内乡县', 'mainland'),
(411326, 411300, ',410000,411300,411326', 3, '淅川县', 'mainland'),
(411327, 411300, ',410000,411300,411327', 3, '社旗县', 'mainland'),
(411328, 411300, ',410000,411300,411328', 3, '唐河县', 'mainland'),
(411329, 411300, ',410000,411300,411329', 3, '新野县', 'mainland'),
(411330, 411300, ',410000,411300,411330', 3, '桐柏县', 'mainland'),
(411381, 411300, ',410000,411300,411381', 3, '邓州市', 'mainland'),
(411382, 411300, ',410000,411300,411382', 3, '其它区', 'mainland'),
(411400, 410000, ',410000,411400', 2, '商丘市', 'mainland'),
(411402, 411400, ',410000,411400,411402', 3, '梁园区', 'mainland'),
(411403, 411400, ',410000,411400,411403', 3, '睢阳区', 'mainland'),
(411421, 411400, ',410000,411400,411421', 3, '民权县', 'mainland'),
(411422, 411400, ',410000,411400,411422', 3, '睢县', 'mainland'),
(411423, 411400, ',410000,411400,411423', 3, '宁陵县', 'mainland'),
(411424, 411400, ',410000,411400,411424', 3, '柘城县', 'mainland'),
(411425, 411400, ',410000,411400,411425', 3, '虞城县', 'mainland'),
(411426, 411400, ',410000,411400,411426', 3, '夏邑县', 'mainland'),
(411481, 411400, ',410000,411400,411481', 3, '永城市', 'mainland'),
(411482, 411400, ',410000,411400,411482', 3, '其它区', 'mainland'),
(411500, 410000, ',410000,411500', 2, '信阳市', 'mainland'),
(411502, 411500, ',410000,411500,411502', 3, '浉河区', 'mainland'),
(411503, 411500, ',410000,411500,411503', 3, '平桥区', 'mainland'),
(411521, 411500, ',410000,411500,411521', 3, '罗山县', 'mainland'),
(411522, 411500, ',410000,411500,411522', 3, '光山县', 'mainland'),
(411523, 411500, ',410000,411500,411523', 3, '新县', 'mainland'),
(411524, 411500, ',410000,411500,411524', 3, '商城县', 'mainland'),
(411525, 411500, ',410000,411500,411525', 3, '固始县', 'mainland'),
(411526, 411500, ',410000,411500,411526', 3, '潢川县', 'mainland'),
(411527, 411500, ',410000,411500,411527', 3, '淮滨县', 'mainland'),
(411528, 411500, ',410000,411500,411528', 3, '息县', 'mainland'),
(411529, 411500, ',410000,411500,411529', 3, '其它区', 'mainland'),
(411600, 410000, ',410000,411600', 2, '周口市', 'mainland'),
(411602, 411600, ',410000,411600,411602', 3, '川汇区', 'mainland'),
(411621, 411600, ',410000,411600,411621', 3, '扶沟县', 'mainland'),
(411622, 411600, ',410000,411600,411622', 3, '西华县', 'mainland'),
(411623, 411600, ',410000,411600,411623', 3, '商水县', 'mainland'),
(411624, 411600, ',410000,411600,411624', 3, '沈丘县', 'mainland'),
(411625, 411600, ',410000,411600,411625', 3, '郸城县', 'mainland'),
(411626, 411600, ',410000,411600,411626', 3, '淮阳县', 'mainland'),
(411627, 411600, ',410000,411600,411627', 3, '太康县', 'mainland'),
(411628, 411600, ',410000,411600,411628', 3, '鹿邑县', 'mainland'),
(411681, 411600, ',410000,411600,411681', 3, '项城市', 'mainland'),
(411682, 411600, ',410000,411600,411682', 3, '其它区', 'mainland'),
(411700, 410000, ',410000,411700', 2, '驻马店市', 'mainland'),
(411702, 411700, ',410000,411700,411702', 3, '驿城区', 'mainland'),
(411721, 411700, ',410000,411700,411721', 3, '西平县', 'mainland'),
(411722, 411700, ',410000,411700,411722', 3, '上蔡县', 'mainland'),
(411723, 411700, ',410000,411700,411723', 3, '平舆县', 'mainland'),
(411724, 411700, ',410000,411700,411724', 3, '正阳县', 'mainland'),
(411725, 411700, ',410000,411700,411725', 3, '确山县', 'mainland'),
(411726, 411700, ',410000,411700,411726', 3, '泌阳县', 'mainland'),
(411727, 411700, ',410000,411700,411727', 3, '汝南县', 'mainland'),
(411728, 411700, ',410000,411700,411728', 3, '遂平县', 'mainland'),
(411729, 411700, ',410000,411700,411729', 3, '新蔡县', 'mainland'),
(411730, 411700, ',410000,411700,411730', 3, '其它区', 'mainland'),
(420000, 100000, ',420000', 1, '湖北省', 'mainland'),
(420100, 420000, ',420000,420100', 2, '武汉市', 'mainland'),
(420102, 420100, ',420000,420100,420102', 3, '江岸区', 'mainland'),
(420103, 420100, ',420000,420100,420103', 3, '江汉区', 'mainland'),
(420104, 420100, ',420000,420100,420104', 3, '硚口区', 'mainland'),
(420105, 420100, ',420000,420100,420105', 3, '汉阳区', 'mainland'),
(420106, 420100, ',420000,420100,420106', 3, '武昌区', 'mainland'),
(420107, 420100, ',420000,420100,420107', 3, '青山区', 'mainland'),
(420111, 420100, ',420000,420100,420111', 3, '洪山区', 'mainland'),
(420112, 420100, ',420000,420100,420112', 3, '东西湖区', 'mainland'),
(420113, 420100, ',420000,420100,420113', 3, '汉南区', 'mainland'),
(420114, 420100, ',420000,420100,420114', 3, '蔡甸区', 'mainland'),
(420115, 420100, ',420000,420100,420115', 3, '江夏区', 'mainland'),
(420116, 420100, ',420000,420100,420116', 3, '黄陂区', 'mainland'),
(420117, 420100, ',420000,420100,420117', 3, '新洲区', 'mainland'),
(420118, 420100, ',420000,420100,420118', 3, '其它区', 'mainland'),
(420200, 420000, ',420000,420200', 2, '黄石市', 'mainland'),
(420202, 420200, ',420000,420200,420202', 3, '黄石港区', 'mainland'),
(420203, 420200, ',420000,420200,420203', 3, '西塞山区', 'mainland'),
(420204, 420200, ',420000,420200,420204', 3, '下陆区', 'mainland'),
(420205, 420200, ',420000,420200,420205', 3, '铁山区', 'mainland'),
(420222, 420200, ',420000,420200,420222', 3, '阳新县', 'mainland'),
(420281, 420200, ',420000,420200,420281', 3, '大冶市', 'mainland'),
(420282, 420200, ',420000,420200,420282', 3, '其它区', 'mainland'),
(420300, 420000, ',420000,420300', 2, '十堰市', 'mainland'),
(420302, 420300, ',420000,420300,420302', 3, '茅箭区', 'mainland'),
(420303, 420300, ',420000,420300,420303', 3, '张湾区', 'mainland'),
(420321, 420300, ',420000,420300,420321', 3, '郧县', 'mainland'),
(420322, 420300, ',420000,420300,420322', 3, '郧西县', 'mainland'),
(420323, 420300, ',420000,420300,420323', 3, '竹山县', 'mainland'),
(420324, 420300, ',420000,420300,420324', 3, '竹溪县', 'mainland'),
(420325, 420300, ',420000,420300,420325', 3, '房县', 'mainland'),
(420381, 420300, ',420000,420300,420381', 3, '丹江口市', 'mainland'),
(420382, 420300, ',420000,420300,420382', 3, '城区', 'mainland'),
(420383, 420300, ',420000,420300,420383', 3, '其它区', 'mainland'),
(420500, 420000, ',420000,420500', 2, '宜昌市', 'mainland'),
(420502, 420500, ',420000,420500,420502', 3, '西陵区', 'mainland'),
(420503, 420500, ',420000,420500,420503', 3, '伍家岗区', 'mainland'),
(420504, 420500, ',420000,420500,420504', 3, '点军区', 'mainland'),
(420505, 420500, ',420000,420500,420505', 3, '猇亭区', 'mainland'),
(420506, 420500, ',420000,420500,420506', 3, '夷陵区', 'mainland'),
(420525, 420500, ',420000,420500,420525', 3, '远安县', 'mainland'),
(420526, 420500, ',420000,420500,420526', 3, '兴山县', 'mainland'),
(420527, 420500, ',420000,420500,420527', 3, '秭归县', 'mainland'),
(420528, 420500, ',420000,420500,420528', 3, '长阳土家族自治县', 'mainland'),
(420529, 420500, ',420000,420500,420529', 3, '五峰土家族自治县', 'mainland'),
(420551, 420500, ',420000,420500,420551', 3, '葛洲坝区', 'mainland'),
(420552, 420500, ',420000,420500,420552', 3, '开发区', 'mainland'),
(420581, 420500, ',420000,420500,420581', 3, '宜都市', 'mainland'),
(420582, 420500, ',420000,420500,420582', 3, '当阳市', 'mainland'),
(420583, 420500, ',420000,420500,420583', 3, '枝江市', 'mainland'),
(420584, 420500, ',420000,420500,420584', 3, '其它区', 'mainland'),
(420600, 420000, ',420000,420600', 2, '襄樊市', 'mainland'),
(420602, 420600, ',420000,420600,420602', 3, '襄城区', 'mainland'),
(420606, 420600, ',420000,420600,420606', 3, '樊城区', 'mainland'),
(420607, 420600, ',420000,420600,420607', 3, '襄阳区', 'mainland'),
(420624, 420600, ',420000,420600,420624', 3, '南漳县', 'mainland'),
(420625, 420600, ',420000,420600,420625', 3, '谷城县', 'mainland'),
(420626, 420600, ',420000,420600,420626', 3, '保康县', 'mainland'),
(420682, 420600, ',420000,420600,420682', 3, '老河口市', 'mainland'),
(420683, 420600, ',420000,420600,420683', 3, '枣阳市', 'mainland'),
(420684, 420600, ',420000,420600,420684', 3, '宜城市', 'mainland'),
(420685, 420600, ',420000,420600,420685', 3, '其它区', 'mainland'),
(420700, 420000, ',420000,420700', 2, '鄂州市', 'mainland'),
(420702, 420700, ',420000,420700,420702', 3, '梁子湖区', 'mainland'),
(420703, 420700, ',420000,420700,420703', 3, '华容区', 'mainland'),
(420704, 420700, ',420000,420700,420704', 3, '鄂城区', 'mainland'),
(420705, 420700, ',420000,420700,420705', 3, '其它区', 'mainland'),
(420800, 420000, ',420000,420800', 2, '荆门市', 'mainland'),
(420802, 420800, ',420000,420800,420802', 3, '东宝区', 'mainland'),
(420804, 420800, ',420000,420800,420804', 3, '掇刀区', 'mainland'),
(420821, 420800, ',420000,420800,420821', 3, '京山县', 'mainland'),
(420822, 420800, ',420000,420800,420822', 3, '沙洋县', 'mainland'),
(420881, 420800, ',420000,420800,420881', 3, '钟祥市', 'mainland'),
(420882, 420800, ',420000,420800,420882', 3, '其它区', 'mainland'),
(420900, 420000, ',420000,420900', 2, '孝感市', 'mainland'),
(420902, 420900, ',420000,420900,420902', 3, '孝南区', 'mainland'),
(420921, 420900, ',420000,420900,420921', 3, '孝昌县', 'mainland'),
(420922, 420900, ',420000,420900,420922', 3, '大悟县', 'mainland'),
(420923, 420900, ',420000,420900,420923', 3, '云梦县', 'mainland'),
(420981, 420900, ',420000,420900,420981', 3, '应城市', 'mainland'),
(420982, 420900, ',420000,420900,420982', 3, '安陆市', 'mainland'),
(420984, 420900, ',420000,420900,420984', 3, '汉川市', 'mainland'),
(420985, 420900, ',420000,420900,420985', 3, '其它区', 'mainland'),
(421000, 420000, ',420000,421000', 2, '荆州市', 'mainland'),
(421002, 421000, ',420000,421000,421002', 3, '沙市区', 'mainland'),
(421003, 421000, ',420000,421000,421003', 3, '荆州区', 'mainland'),
(421022, 421000, ',420000,421000,421022', 3, '公安县', 'mainland'),
(421023, 421000, ',420000,421000,421023', 3, '监利县', 'mainland'),
(421024, 421000, ',420000,421000,421024', 3, '江陵县', 'mainland'),
(421081, 421000, ',420000,421000,421081', 3, '石首市', 'mainland'),
(421083, 421000, ',420000,421000,421083', 3, '洪湖市', 'mainland'),
(421087, 421000, ',420000,421000,421087', 3, '松滋市', 'mainland'),
(421088, 421000, ',420000,421000,421088', 3, '其它区', 'mainland'),
(421100, 420000, ',420000,421100', 2, '黄冈市', 'mainland'),
(421102, 421100, ',420000,421100,421102', 3, '黄州区', 'mainland'),
(421121, 421100, ',420000,421100,421121', 3, '团风县', 'mainland'),
(421122, 421100, ',420000,421100,421122', 3, '红安县', 'mainland'),
(421123, 421100, ',420000,421100,421123', 3, '罗田县', 'mainland'),
(421124, 421100, ',420000,421100,421124', 3, '英山县', 'mainland'),
(421125, 421100, ',420000,421100,421125', 3, '浠水县', 'mainland'),
(421126, 421100, ',420000,421100,421126', 3, '蕲春县', 'mainland'),
(421127, 421100, ',420000,421100,421127', 3, '黄梅县', 'mainland'),
(421181, 421100, ',420000,421100,421181', 3, '麻城市', 'mainland'),
(421182, 421100, ',420000,421100,421182', 3, '武穴市', 'mainland'),
(421183, 421100, ',420000,421100,421183', 3, '其它区', 'mainland'),
(421200, 420000, ',420000,421200', 2, '咸宁市', 'mainland'),
(421202, 421200, ',420000,421200,421202', 3, '咸安区', 'mainland'),
(421221, 421200, ',420000,421200,421221', 3, '嘉鱼县', 'mainland'),
(421222, 421200, ',420000,421200,421222', 3, '通城县', 'mainland'),
(421223, 421200, ',420000,421200,421223', 3, '崇阳县', 'mainland'),
(421224, 421200, ',420000,421200,421224', 3, '通山县', 'mainland'),
(421281, 421200, ',420000,421200,421281', 3, '赤壁市', 'mainland'),
(421282, 421200, ',420000,421200,421282', 3, '温泉城区', 'mainland'),
(421283, 421200, ',420000,421200,421283', 3, '其它区', 'mainland'),
(421300, 420000, ',420000,421300', 2, '随州市', 'mainland'),
(421302, 421300, ',420000,421300,421302', 3, '曾都区', 'mainland'),
(421381, 421300, ',420000,421300,421381', 3, '广水市', 'mainland'),
(421382, 421300, ',420000,421300,421382', 3, '其它区', 'mainland'),
(422800, 420000, ',420000,422800', 2, '恩施土家族苗族自治州', 'mainland'),
(422801, 422800, ',420000,422800,422801', 3, '恩施市', 'mainland'),
(422802, 422800, ',420000,422800,422802', 3, '利川市', 'mainland'),
(422822, 422800, ',420000,422800,422822', 3, '建始县', 'mainland'),
(422823, 422800, ',420000,422800,422823', 3, '巴东县', 'mainland'),
(422825, 422800, ',420000,422800,422825', 3, '宣恩县', 'mainland'),
(422826, 422800, ',420000,422800,422826', 3, '咸丰县', 'mainland'),
(422827, 422800, ',420000,422800,422827', 3, '来凤县', 'mainland'),
(422828, 422800, ',420000,422800,422828', 3, '鹤峰县', 'mainland'),
(422829, 422800, ',420000,422800,422829', 3, '其它区', 'mainland'),
(429004, 420000, ',420000,429004', 3, '仙桃市', 'mainland'),
(429005, 420000, ',420000,429005', 3, '潜江市', 'mainland'),
(429006, 420000, ',420000,429006', 3, '天门市', 'mainland'),
(429021, 420000, ',420000,429021', 3, '神农架林区', 'mainland'),
(430000, 100000, ',430000', 1, '湖南省', 'mainland'),
(430100, 430000, ',430000,430100', 2, '长沙市', 'mainland'),
(430102, 430100, ',430000,430100,430102', 3, '芙蓉区', 'mainland'),
(430103, 430100, ',430000,430100,430103', 3, '天心区', 'mainland'),
(430104, 430100, ',430000,430100,430104', 3, '岳麓区', 'mainland'),
(430105, 430100, ',430000,430100,430105', 3, '开福区', 'mainland'),
(430111, 430100, ',430000,430100,430111', 3, '雨花区', 'mainland'),
(430121, 430100, ',430000,430100,430121', 3, '长沙县', 'mainland'),
(430122, 430100, ',430000,430100,430122', 3, '望城县', 'mainland'),
(430124, 430100, ',430000,430100,430124', 3, '宁乡县', 'mainland'),
(430181, 430100, ',430000,430100,430181', 3, '浏阳市', 'mainland'),
(430182, 430100, ',430000,430100,430182', 3, '其它区', 'mainland'),
(430200, 430000, ',430000,430200', 2, '株洲市', 'mainland'),
(430202, 430200, ',430000,430200,430202', 3, '荷塘区', 'mainland'),
(430203, 430200, ',430000,430200,430203', 3, '芦淞区', 'mainland'),
(430204, 430200, ',430000,430200,430204', 3, '石峰区', 'mainland'),
(430211, 430200, ',430000,430200,430211', 3, '天元区', 'mainland'),
(430221, 430200, ',430000,430200,430221', 3, '株洲县', 'mainland'),
(430223, 430200, ',430000,430200,430223', 3, '攸县', 'mainland'),
(430224, 430200, ',430000,430200,430224', 3, '茶陵县', 'mainland'),
(430225, 430200, ',430000,430200,430225', 3, '炎陵县', 'mainland'),
(430281, 430200, ',430000,430200,430281', 3, '醴陵市', 'mainland'),
(430282, 430200, ',430000,430200,430282', 3, '其它区', 'mainland'),
(430300, 430000, ',430000,430300', 2, '湘潭市', 'mainland'),
(430302, 430300, ',430000,430300,430302', 3, '雨湖区', 'mainland'),
(430304, 430300, ',430000,430300,430304', 3, '岳塘区', 'mainland'),
(430321, 430300, ',430000,430300,430321', 3, '湘潭县', 'mainland'),
(430381, 430300, ',430000,430300,430381', 3, '湘乡市', 'mainland'),
(430382, 430300, ',430000,430300,430382', 3, '韶山市', 'mainland'),
(430383, 430300, ',430000,430300,430383', 3, '其它区', 'mainland'),
(430400, 430000, ',430000,430400', 2, '衡阳市', 'mainland'),
(430405, 430400, ',430000,430400,430405', 3, '珠晖区', 'mainland'),
(430406, 430400, ',430000,430400,430406', 3, '雁峰区', 'mainland'),
(430407, 430400, ',430000,430400,430407', 3, '石鼓区', 'mainland'),
(430408, 430400, ',430000,430400,430408', 3, '蒸湘区', 'mainland'),
(430412, 430400, ',430000,430400,430412', 3, '南岳区', 'mainland'),
(430421, 430400, ',430000,430400,430421', 3, '衡阳县', 'mainland'),
(430422, 430400, ',430000,430400,430422', 3, '衡南县', 'mainland'),
(430423, 430400, ',430000,430400,430423', 3, '衡山县', 'mainland'),
(430424, 430400, ',430000,430400,430424', 3, '衡东县', 'mainland'),
(430426, 430400, ',430000,430400,430426', 3, '祁东县', 'mainland'),
(430481, 430400, ',430000,430400,430481', 3, '耒阳市', 'mainland'),
(430482, 430400, ',430000,430400,430482', 3, '常宁市', 'mainland'),
(430483, 430400, ',430000,430400,430483', 3, '其它区', 'mainland'),
(430500, 430000, ',430000,430500', 2, '邵阳市', 'mainland'),
(430502, 430500, ',430000,430500,430502', 3, '双清区', 'mainland'),
(430503, 430500, ',430000,430500,430503', 3, '大祥区', 'mainland'),
(430511, 430500, ',430000,430500,430511', 3, '北塔区', 'mainland'),
(430521, 430500, ',430000,430500,430521', 3, '邵东县', 'mainland'),
(430522, 430500, ',430000,430500,430522', 3, '新邵县', 'mainland'),
(430523, 430500, ',430000,430500,430523', 3, '邵阳县', 'mainland'),
(430524, 430500, ',430000,430500,430524', 3, '隆回县', 'mainland'),
(430525, 430500, ',430000,430500,430525', 3, '洞口县', 'mainland'),
(430527, 430500, ',430000,430500,430527', 3, '绥宁县', 'mainland'),
(430528, 430500, ',430000,430500,430528', 3, '新宁县', 'mainland'),
(430529, 430500, ',430000,430500,430529', 3, '城步苗族自治县', 'mainland'),
(430581, 430500, ',430000,430500,430581', 3, '武冈市', 'mainland'),
(430582, 430500, ',430000,430500,430582', 3, '其它区', 'mainland'),
(430600, 430000, ',430000,430600', 2, '岳阳市', 'mainland'),
(430602, 430600, ',430000,430600,430602', 3, '岳阳楼区', 'mainland'),
(430603, 430600, ',430000,430600,430603', 3, '云溪区', 'mainland'),
(430611, 430600, ',430000,430600,430611', 3, '君山区', 'mainland'),
(430621, 430600, ',430000,430600,430621', 3, '岳阳县', 'mainland'),
(430623, 430600, ',430000,430600,430623', 3, '华容县', 'mainland'),
(430624, 430600, ',430000,430600,430624', 3, '湘阴县', 'mainland'),
(430626, 430600, ',430000,430600,430626', 3, '平江县', 'mainland'),
(430681, 430600, ',430000,430600,430681', 3, '汨罗市', 'mainland'),
(430682, 430600, ',430000,430600,430682', 3, '临湘市', 'mainland'),
(430683, 430600, ',430000,430600,430683', 3, '其它区', 'mainland'),
(430700, 430000, ',430000,430700', 2, '常德市', 'mainland'),
(430702, 430700, ',430000,430700,430702', 3, '武陵区', 'mainland'),
(430703, 430700, ',430000,430700,430703', 3, '鼎城区', 'mainland'),
(430721, 430700, ',430000,430700,430721', 3, '安乡县', 'mainland'),
(430722, 430700, ',430000,430700,430722', 3, '汉寿县', 'mainland'),
(430723, 430700, ',430000,430700,430723', 3, '澧县', 'mainland'),
(430724, 430700, ',430000,430700,430724', 3, '临澧县', 'mainland'),
(430725, 430700, ',430000,430700,430725', 3, '桃源县', 'mainland'),
(430726, 430700, ',430000,430700,430726', 3, '石门县', 'mainland'),
(430781, 430700, ',430000,430700,430781', 3, '津市市', 'mainland'),
(430782, 430700, ',430000,430700,430782', 3, '其它区', 'mainland'),
(430800, 430000, ',430000,430800', 2, '张家界市', 'mainland'),
(430802, 430800, ',430000,430800,430802', 3, '永定区', 'mainland'),
(430811, 430800, ',430000,430800,430811', 3, '武陵源区', 'mainland'),
(430821, 430800, ',430000,430800,430821', 3, '慈利县', 'mainland'),
(430822, 430800, ',430000,430800,430822', 3, '桑植县', 'mainland'),
(430823, 430800, ',430000,430800,430823', 3, '其它区', 'mainland'),
(430900, 430000, ',430000,430900', 2, '益阳市', 'mainland'),
(430902, 430900, ',430000,430900,430902', 3, '资阳区', 'mainland'),
(430903, 430900, ',430000,430900,430903', 3, '赫山区', 'mainland'),
(430921, 430900, ',430000,430900,430921', 3, '南县', 'mainland'),
(430922, 430900, ',430000,430900,430922', 3, '桃江县', 'mainland'),
(430923, 430900, ',430000,430900,430923', 3, '安化县', 'mainland'),
(430981, 430900, ',430000,430900,430981', 3, '沅江市', 'mainland'),
(430982, 430900, ',430000,430900,430982', 3, '其它区', 'mainland'),
(431000, 430000, ',430000,431000', 2, '郴州市', 'mainland'),
(431002, 431000, ',430000,431000,431002', 3, '北湖区', 'mainland'),
(431003, 431000, ',430000,431000,431003', 3, '苏仙区', 'mainland'),
(431021, 431000, ',430000,431000,431021', 3, '桂阳县', 'mainland'),
(431022, 431000, ',430000,431000,431022', 3, '宜章县', 'mainland'),
(431023, 431000, ',430000,431000,431023', 3, '永兴县', 'mainland'),
(431024, 431000, ',430000,431000,431024', 3, '嘉禾县', 'mainland'),
(431025, 431000, ',430000,431000,431025', 3, '临武县', 'mainland'),
(431026, 431000, ',430000,431000,431026', 3, '汝城县', 'mainland'),
(431027, 431000, ',430000,431000,431027', 3, '桂东县', 'mainland'),
(431028, 431000, ',430000,431000,431028', 3, '安仁县', 'mainland'),
(431081, 431000, ',430000,431000,431081', 3, '资兴市', 'mainland'),
(431082, 431000, ',430000,431000,431082', 3, '其它区', 'mainland'),
(431100, 430000, ',430000,431100', 2, '永州市', 'mainland'),
(431102, 431100, ',430000,431100,431102', 3, '零陵区', 'mainland'),
(431103, 431100, ',430000,431100,431103', 3, '冷水滩区', 'mainland'),
(431121, 431100, ',430000,431100,431121', 3, '祁阳县', 'mainland'),
(431122, 431100, ',430000,431100,431122', 3, '东安县', 'mainland'),
(431123, 431100, ',430000,431100,431123', 3, '双牌县', 'mainland'),
(431124, 431100, ',430000,431100,431124', 3, '道县', 'mainland'),
(431125, 431100, ',430000,431100,431125', 3, '江永县', 'mainland'),
(431126, 431100, ',430000,431100,431126', 3, '宁远县', 'mainland'),
(431127, 431100, ',430000,431100,431127', 3, '蓝山县', 'mainland'),
(431128, 431100, ',430000,431100,431128', 3, '新田县', 'mainland'),
(431129, 431100, ',430000,431100,431129', 3, '江华瑶族自治县', 'mainland'),
(431130, 431100, ',430000,431100,431130', 3, '其它区', 'mainland'),
(431200, 430000, ',430000,431200', 2, '怀化市', 'mainland'),
(431202, 431200, ',430000,431200,431202', 3, '鹤城区', 'mainland'),
(431221, 431200, ',430000,431200,431221', 3, '中方县', 'mainland'),
(431222, 431200, ',430000,431200,431222', 3, '沅陵县', 'mainland'),
(431223, 431200, ',430000,431200,431223', 3, '辰溪县', 'mainland'),
(431224, 431200, ',430000,431200,431224', 3, '溆浦县', 'mainland'),
(431225, 431200, ',430000,431200,431225', 3, '会同县', 'mainland'),
(431226, 431200, ',430000,431200,431226', 3, '麻阳苗族自治县', 'mainland'),
(431227, 431200, ',430000,431200,431227', 3, '新晃侗族自治县', 'mainland'),
(431228, 431200, ',430000,431200,431228', 3, '芷江侗族自治县', 'mainland'),
(431229, 431200, ',430000,431200,431229', 3, '靖州苗族侗族自治县', 'mainland'),
(431230, 431200, ',430000,431200,431230', 3, '通道侗族自治县', 'mainland'),
(431281, 431200, ',430000,431200,431281', 3, '洪江市', 'mainland'),
(431282, 431200, ',430000,431200,431282', 3, '其它区', 'mainland'),
(431300, 430000, ',430000,431300', 2, '娄底市', 'mainland');
INSERT INTO `area` (`area_id`, `parent_id`, `path`, `grade`, `name`, `language`) VALUES
(431302, 431300, ',430000,431300,431302', 3, '娄星区', 'mainland'),
(431321, 431300, ',430000,431300,431321', 3, '双峰县', 'mainland'),
(431322, 431300, ',430000,431300,431322', 3, '新化县', 'mainland'),
(431381, 431300, ',430000,431300,431381', 3, '冷水江市', 'mainland'),
(431382, 431300, ',430000,431300,431382', 3, '涟源市', 'mainland'),
(431383, 431300, ',430000,431300,431383', 3, '其它区', 'mainland'),
(433100, 430000, ',430000,433100', 2, '湘西土家族苗族自治州', 'mainland'),
(433101, 433100, ',430000,433100,433101', 3, '吉首市', 'mainland'),
(433122, 433100, ',430000,433100,433122', 3, '泸溪县', 'mainland'),
(433123, 433100, ',430000,433100,433123', 3, '凤凰县', 'mainland'),
(433124, 433100, ',430000,433100,433124', 3, '花垣县', 'mainland'),
(433125, 433100, ',430000,433100,433125', 3, '保靖县', 'mainland'),
(433126, 433100, ',430000,433100,433126', 3, '古丈县', 'mainland'),
(433127, 433100, ',430000,433100,433127', 3, '永顺县', 'mainland'),
(433130, 433100, ',430000,433100,433130', 3, '龙山县', 'mainland'),
(433131, 433100, ',430000,433100,433131', 3, '其它区', 'mainland'),
(440000, 100000, ',440000', 1, '广东省', 'mainland'),
(440100, 440000, ',440000,440100', 2, '广州市', 'mainland'),
(440103, 440100, ',440000,440100,440103', 3, '荔湾区', 'mainland'),
(440104, 440100, ',440000,440100,440104', 3, '越秀区', 'mainland'),
(440105, 440100, ',440000,440100,440105', 3, '海珠区', 'mainland'),
(440106, 440100, ',440000,440100,440106', 3, '天河区', 'mainland'),
(440111, 440100, ',440000,440100,440111', 3, '白云区', 'mainland'),
(440112, 440100, ',440000,440100,440112', 3, '黄埔区', 'mainland'),
(440113, 440100, ',440000,440100,440113', 3, '番禺区', 'mainland'),
(440114, 440100, ',440000,440100,440114', 3, '花都区', 'mainland'),
(440115, 440100, ',440000,440100,440115', 3, '南沙区', 'mainland'),
(440116, 440100, ',440000,440100,440116', 3, '萝岗区', 'mainland'),
(440183, 440100, ',440000,440100,440183', 3, '增城市', 'mainland'),
(440184, 440100, ',440000,440100,440184', 3, '从化市', 'mainland'),
(440188, 440100, ',440000,440100,440188', 3, '东山区', 'mainland'),
(440189, 440100, ',440000,440100,440189', 3, '其它区', 'mainland'),
(440200, 440000, ',440000,440200', 2, '韶关市', 'mainland'),
(440203, 440200, ',440000,440200,440203', 3, '武江区', 'mainland'),
(440204, 440200, ',440000,440200,440204', 3, '浈江区', 'mainland'),
(440205, 440200, ',440000,440200,440205', 3, '曲江区', 'mainland'),
(440222, 440200, ',440000,440200,440222', 3, '始兴县', 'mainland'),
(440224, 440200, ',440000,440200,440224', 3, '仁化县', 'mainland'),
(440229, 440200, ',440000,440200,440229', 3, '翁源县', 'mainland'),
(440232, 440200, ',440000,440200,440232', 3, '乳源瑶族自治县', 'mainland'),
(440233, 440200, ',440000,440200,440233', 3, '新丰县', 'mainland'),
(440281, 440200, ',440000,440200,440281', 3, '乐昌市', 'mainland'),
(440282, 440200, ',440000,440200,440282', 3, '南雄市', 'mainland'),
(440283, 440200, ',440000,440200,440283', 3, '其它区', 'mainland'),
(440300, 440000, ',440000,440300', 2, '深圳市', 'mainland'),
(440303, 440300, ',440000,440300,440303', 3, '罗湖区', 'mainland'),
(440304, 440300, ',440000,440300,440304', 3, '福田区', 'mainland'),
(440305, 440300, ',440000,440300,440305', 3, '南山区', 'mainland'),
(440306, 440300, ',440000,440300,440306', 3, '宝安区', 'mainland'),
(440307, 440300, ',440000,440300,440307', 3, '龙岗区', 'mainland'),
(440308, 440300, ',440000,440300,440308', 3, '盐田区', 'mainland'),
(440309, 440300, ',440000,440300,440309', 3, '其它区', 'mainland'),
(440400, 440000, ',440000,440400', 2, '珠海市', 'mainland'),
(440402, 440400, ',440000,440400,440402', 3, '香洲区', 'mainland'),
(440403, 440400, ',440000,440400,440403', 3, '斗门区', 'mainland'),
(440404, 440400, ',440000,440400,440404', 3, '金湾区', 'mainland'),
(440486, 440400, ',440000,440400,440486', 3, '金唐区', 'mainland'),
(440487, 440400, ',440000,440400,440487', 3, '南湾区', 'mainland'),
(440488, 440400, ',440000,440400,440488', 3, '其它区', 'mainland'),
(440500, 440000, ',440000,440500', 2, '汕头市', 'mainland'),
(440507, 440500, ',440000,440500,440507', 3, '龙湖区', 'mainland'),
(440511, 440500, ',440000,440500,440511', 3, '金平区', 'mainland'),
(440512, 440500, ',440000,440500,440512', 3, '濠江区', 'mainland'),
(440513, 440500, ',440000,440500,440513', 3, '潮阳区', 'mainland'),
(440514, 440500, ',440000,440500,440514', 3, '潮南区', 'mainland'),
(440515, 440500, ',440000,440500,440515', 3, '澄海区', 'mainland'),
(440523, 440500, ',440000,440500,440523', 3, '南澳县', 'mainland'),
(440524, 440500, ',440000,440500,440524', 3, '其它区', 'mainland'),
(440600, 440000, ',440000,440600', 2, '佛山市', 'mainland'),
(440604, 440600, ',440000,440600,440604', 3, '禅城区', 'mainland'),
(440605, 440600, ',440000,440600,440605', 3, '南海区', 'mainland'),
(440606, 440600, ',440000,440600,440606', 3, '顺德区', 'mainland'),
(440607, 440600, ',440000,440600,440607', 3, '三水区', 'mainland'),
(440608, 440600, ',440000,440600,440608', 3, '高明区', 'mainland'),
(440609, 440600, ',440000,440600,440609', 3, '其它区', 'mainland'),
(440700, 440000, ',440000,440700', 2, '江门市', 'mainland'),
(440703, 440700, ',440000,440700,440703', 3, '蓬江区', 'mainland'),
(440704, 440700, ',440000,440700,440704', 3, '江海区', 'mainland'),
(440705, 440700, ',440000,440700,440705', 3, '新会区', 'mainland'),
(440781, 440700, ',440000,440700,440781', 3, '台山市', 'mainland'),
(440783, 440700, ',440000,440700,440783', 3, '开平市', 'mainland'),
(440784, 440700, ',440000,440700,440784', 3, '鹤山市', 'mainland'),
(440785, 440700, ',440000,440700,440785', 3, '恩平市', 'mainland'),
(440786, 440700, ',440000,440700,440786', 3, '其它区', 'mainland'),
(440800, 440000, ',440000,440800', 2, '湛江市', 'mainland'),
(440802, 440800, ',440000,440800,440802', 3, '赤坎区', 'mainland'),
(440803, 440800, ',440000,440800,440803', 3, '霞山区', 'mainland'),
(440804, 440800, ',440000,440800,440804', 3, '坡头区', 'mainland'),
(440811, 440800, ',440000,440800,440811', 3, '麻章区', 'mainland'),
(440823, 440800, ',440000,440800,440823', 3, '遂溪县', 'mainland'),
(440825, 440800, ',440000,440800,440825', 3, '徐闻县', 'mainland'),
(440881, 440800, ',440000,440800,440881', 3, '廉江市', 'mainland'),
(440882, 440800, ',440000,440800,440882', 3, '雷州市', 'mainland'),
(440883, 440800, ',440000,440800,440883', 3, '吴川市', 'mainland'),
(440884, 440800, ',440000,440800,440884', 3, '其它区', 'mainland'),
(440900, 440000, ',440000,440900', 2, '茂名市', 'mainland'),
(440902, 440900, ',440000,440900,440902', 3, '茂南区', 'mainland'),
(440903, 440900, ',440000,440900,440903', 3, '茂港区', 'mainland'),
(440923, 440900, ',440000,440900,440923', 3, '电白县', 'mainland'),
(440981, 440900, ',440000,440900,440981', 3, '高州市', 'mainland'),
(440982, 440900, ',440000,440900,440982', 3, '化州市', 'mainland'),
(440983, 440900, ',440000,440900,440983', 3, '信宜市', 'mainland'),
(440984, 440900, ',440000,440900,440984', 3, '其它区', 'mainland'),
(441200, 440000, ',440000,441200', 2, '肇庆市', 'mainland'),
(441202, 441200, ',440000,441200,441202', 3, '端州区', 'mainland'),
(441203, 441200, ',440000,441200,441203', 3, '鼎湖区', 'mainland'),
(441223, 441200, ',440000,441200,441223', 3, '广宁县', 'mainland'),
(441224, 441200, ',440000,441200,441224', 3, '怀集县', 'mainland'),
(441225, 441200, ',440000,441200,441225', 3, '封开县', 'mainland'),
(441226, 441200, ',440000,441200,441226', 3, '德庆县', 'mainland'),
(441283, 441200, ',440000,441200,441283', 3, '高要市', 'mainland'),
(441284, 441200, ',440000,441200,441284', 3, '四会市', 'mainland'),
(441285, 441200, ',440000,441200,441285', 3, '其它区', 'mainland'),
(441300, 440000, ',440000,441300', 2, '惠州市', 'mainland'),
(441302, 441300, ',440000,441300,441302', 3, '惠城区', 'mainland'),
(441303, 441300, ',440000,441300,441303', 3, '惠阳区', 'mainland'),
(441322, 441300, ',440000,441300,441322', 3, '博罗县', 'mainland'),
(441323, 441300, ',440000,441300,441323', 3, '惠东县', 'mainland'),
(441324, 441300, ',440000,441300,441324', 3, '龙门县', 'mainland'),
(441325, 441300, ',440000,441300,441325', 3, '其它区', 'mainland'),
(441400, 440000, ',440000,441400', 2, '梅州市', 'mainland'),
(441402, 441400, ',440000,441400,441402', 3, '梅江区', 'mainland'),
(441421, 441400, ',440000,441400,441421', 3, '梅县', 'mainland'),
(441422, 441400, ',440000,441400,441422', 3, '大埔县', 'mainland'),
(441423, 441400, ',440000,441400,441423', 3, '丰顺县', 'mainland'),
(441424, 441400, ',440000,441400,441424', 3, '五华县', 'mainland'),
(441426, 441400, ',440000,441400,441426', 3, '平远县', 'mainland'),
(441427, 441400, ',440000,441400,441427', 3, '蕉岭县', 'mainland'),
(441481, 441400, ',440000,441400,441481', 3, '兴宁市', 'mainland'),
(441482, 441400, ',440000,441400,441482', 3, '其它区', 'mainland'),
(441500, 440000, ',440000,441500', 2, '汕尾市', 'mainland'),
(441502, 441500, ',440000,441500,441502', 3, '城区', 'mainland'),
(441521, 441500, ',440000,441500,441521', 3, '海丰县', 'mainland'),
(441523, 441500, ',440000,441500,441523', 3, '陆河县', 'mainland'),
(441581, 441500, ',440000,441500,441581', 3, '陆丰市', 'mainland'),
(441582, 441500, ',440000,441500,441582', 3, '其它区', 'mainland'),
(441600, 440000, ',440000,441600', 2, '河源市', 'mainland'),
(441602, 441600, ',440000,441600,441602', 3, '源城区', 'mainland'),
(441621, 441600, ',440000,441600,441621', 3, '紫金县', 'mainland'),
(441622, 441600, ',440000,441600,441622', 3, '龙川县', 'mainland'),
(441623, 441600, ',440000,441600,441623', 3, '连平县', 'mainland'),
(441624, 441600, ',440000,441600,441624', 3, '和平县', 'mainland'),
(441625, 441600, ',440000,441600,441625', 3, '东源县', 'mainland'),
(441626, 441600, ',440000,441600,441626', 3, '其它区', 'mainland'),
(441700, 440000, ',440000,441700', 2, '阳江市', 'mainland'),
(441702, 441700, ',440000,441700,441702', 3, '江城区', 'mainland'),
(441721, 441700, ',440000,441700,441721', 3, '阳西县', 'mainland'),
(441723, 441700, ',440000,441700,441723', 3, '阳东县', 'mainland'),
(441781, 441700, ',440000,441700,441781', 3, '阳春市', 'mainland'),
(441782, 441700, ',440000,441700,441782', 3, '其它区', 'mainland'),
(441800, 440000, ',440000,441800', 2, '清远市', 'mainland'),
(441802, 441800, ',440000,441800,441802', 3, '清城区', 'mainland'),
(441821, 441800, ',440000,441800,441821', 3, '佛冈县', 'mainland'),
(441823, 441800, ',440000,441800,441823', 3, '阳山县', 'mainland'),
(441825, 441800, ',440000,441800,441825', 3, '连山壮族瑶族自治县', 'mainland'),
(441826, 441800, ',440000,441800,441826', 3, '连南瑶族自治县', 'mainland'),
(441827, 441800, ',440000,441800,441827', 3, '清新县', 'mainland'),
(441881, 441800, ',440000,441800,441881', 3, '英德市', 'mainland'),
(441882, 441800, ',440000,441800,441882', 3, '连州市', 'mainland'),
(441883, 441800, ',440000,441800,441883', 3, '其它区', 'mainland'),
(441900, 440000, ',440000,441900', 2, '东莞市', 'mainland'),
(442000, 440000, ',440000,442000', 2, '中山市', 'mainland'),
(445100, 440000, ',440000,445100', 2, '潮州市', 'mainland'),
(445102, 445100, ',440000,445100,445102', 3, '湘桥区', 'mainland'),
(445121, 445100, ',440000,445100,445121', 3, '潮安县', 'mainland'),
(445122, 445100, ',440000,445100,445122', 3, '饶平县', 'mainland'),
(445185, 445100, ',440000,445100,445185', 3, '枫溪区', 'mainland'),
(445186, 445100, ',440000,445100,445186', 3, '其它区', 'mainland'),
(445200, 440000, ',440000,445200', 2, '揭阳市', 'mainland'),
(445202, 445200, ',440000,445200,445202', 3, '榕城区', 'mainland'),
(445221, 445200, ',440000,445200,445221', 3, '揭东县', 'mainland'),
(445222, 445200, ',440000,445200,445222', 3, '揭西县', 'mainland'),
(445224, 445200, ',440000,445200,445224', 3, '惠来县', 'mainland'),
(445281, 445200, ',440000,445200,445281', 3, '普宁市', 'mainland'),
(445284, 445200, ',440000,445200,445284', 3, '东山区', 'mainland'),
(445285, 445200, ',440000,445200,445285', 3, '其它区', 'mainland'),
(445300, 440000, ',440000,445300', 2, '云浮市', 'mainland'),
(445302, 445300, ',440000,445300,445302', 3, '云城区', 'mainland'),
(445321, 445300, ',440000,445300,445321', 3, '新兴县', 'mainland'),
(445322, 445300, ',440000,445300,445322', 3, '郁南县', 'mainland'),
(445323, 445300, ',440000,445300,445323', 3, '云安县', 'mainland'),
(445381, 445300, ',440000,445300,445381', 3, '罗定市', 'mainland'),
(445382, 445300, ',440000,445300,445382', 3, '其它区', 'mainland'),
(450000, 100000, ',450000', 1, '广西壮族自治区', 'mainland'),
(450100, 450000, ',450000,450100', 2, '南宁市', 'mainland'),
(450102, 450100, ',450000,450100,450102', 3, '兴宁区', 'mainland'),
(450103, 450100, ',450000,450100,450103', 3, '青秀区', 'mainland'),
(450105, 450100, ',450000,450100,450105', 3, '江南区', 'mainland'),
(450107, 450100, ',450000,450100,450107', 3, '西乡塘区', 'mainland'),
(450108, 450100, ',450000,450100,450108', 3, '良庆区', 'mainland'),
(450109, 450100, ',450000,450100,450109', 3, '邕宁区', 'mainland'),
(450122, 450100, ',450000,450100,450122', 3, '武鸣县', 'mainland'),
(450123, 450100, ',450000,450100,450123', 3, '隆安县', 'mainland'),
(450124, 450100, ',450000,450100,450124', 3, '马山县', 'mainland'),
(450125, 450100, ',450000,450100,450125', 3, '上林县', 'mainland'),
(450126, 450100, ',450000,450100,450126', 3, '宾阳县', 'mainland'),
(450127, 450100, ',450000,450100,450127', 3, '横县', 'mainland'),
(450128, 450100, ',450000,450100,450128', 3, '其它区', 'mainland'),
(450200, 450000, ',450000,450200', 2, '柳州市', 'mainland'),
(450202, 450200, ',450000,450200,450202', 3, '城中区', 'mainland'),
(450203, 450200, ',450000,450200,450203', 3, '鱼峰区', 'mainland'),
(450204, 450200, ',450000,450200,450204', 3, '柳南区', 'mainland'),
(450205, 450200, ',450000,450200,450205', 3, '柳北区', 'mainland'),
(450221, 450200, ',450000,450200,450221', 3, '柳江县', 'mainland'),
(450222, 450200, ',450000,450200,450222', 3, '柳城县', 'mainland'),
(450223, 450200, ',450000,450200,450223', 3, '鹿寨县', 'mainland'),
(450224, 450200, ',450000,450200,450224', 3, '融安县', 'mainland'),
(450225, 450200, ',450000,450200,450225', 3, '融水苗族自治县', 'mainland'),
(450226, 450200, ',450000,450200,450226', 3, '三江侗族自治县', 'mainland'),
(450227, 450200, ',450000,450200,450227', 3, '其它区', 'mainland'),
(450300, 450000, ',450000,450300', 2, '桂林市', 'mainland'),
(450302, 450300, ',450000,450300,450302', 3, '秀峰区', 'mainland'),
(450303, 450300, ',450000,450300,450303', 3, '叠彩区', 'mainland'),
(450304, 450300, ',450000,450300,450304', 3, '象山区', 'mainland'),
(450305, 450300, ',450000,450300,450305', 3, '七星区', 'mainland'),
(450311, 450300, ',450000,450300,450311', 3, '雁山区', 'mainland'),
(450321, 450300, ',450000,450300,450321', 3, '阳朔县', 'mainland'),
(450322, 450300, ',450000,450300,450322', 3, '临桂县', 'mainland'),
(450323, 450300, ',450000,450300,450323', 3, '灵川县', 'mainland'),
(450324, 450300, ',450000,450300,450324', 3, '全州县', 'mainland'),
(450325, 450300, ',450000,450300,450325', 3, '兴安县', 'mainland'),
(450326, 450300, ',450000,450300,450326', 3, '永福县', 'mainland'),
(450327, 450300, ',450000,450300,450327', 3, '灌阳县', 'mainland'),
(450328, 450300, ',450000,450300,450328', 3, '龙胜各族自治县', 'mainland'),
(450329, 450300, ',450000,450300,450329', 3, '资源县', 'mainland'),
(450330, 450300, ',450000,450300,450330', 3, '平乐县', 'mainland'),
(450331, 450300, ',450000,450300,450331', 3, '荔浦县', 'mainland'),
(450332, 450300, ',450000,450300,450332', 3, '恭城瑶族自治县', 'mainland'),
(450333, 450300, ',450000,450300,450333', 3, '其它区', 'mainland'),
(450400, 450000, ',450000,450400', 2, '梧州市', 'mainland'),
(450403, 450400, ',450000,450400,450403', 3, '万秀区', 'mainland'),
(450404, 450400, ',450000,450400,450404', 3, '蝶山区', 'mainland'),
(450405, 450400, ',450000,450400,450405', 3, '长洲区', 'mainland'),
(450421, 450400, ',450000,450400,450421', 3, '苍梧县', 'mainland'),
(450422, 450400, ',450000,450400,450422', 3, '藤县', 'mainland'),
(450423, 450400, ',450000,450400,450423', 3, '蒙山县', 'mainland'),
(450481, 450400, ',450000,450400,450481', 3, '岑溪市', 'mainland'),
(450482, 450400, ',450000,450400,450482', 3, '其它区', 'mainland'),
(450500, 450000, ',450000,450500', 2, '北海市', 'mainland'),
(450502, 450500, ',450000,450500,450502', 3, '海城区', 'mainland'),
(450503, 450500, ',450000,450500,450503', 3, '银海区', 'mainland'),
(450512, 450500, ',450000,450500,450512', 3, '铁山港区', 'mainland'),
(450521, 450500, ',450000,450500,450521', 3, '合浦县', 'mainland'),
(450522, 450500, ',450000,450500,450522', 3, '其它区', 'mainland'),
(450600, 450000, ',450000,450600', 2, '防城港市', 'mainland'),
(450602, 450600, ',450000,450600,450602', 3, '港口区', 'mainland'),
(450603, 450600, ',450000,450600,450603', 3, '防城区', 'mainland'),
(450621, 450600, ',450000,450600,450621', 3, '上思县', 'mainland'),
(450681, 450600, ',450000,450600,450681', 3, '东兴市', 'mainland'),
(450682, 450600, ',450000,450600,450682', 3, '其它区', 'mainland'),
(450700, 450000, ',450000,450700', 2, '钦州市', 'mainland'),
(450702, 450700, ',450000,450700,450702', 3, '钦南区', 'mainland'),
(450703, 450700, ',450000,450700,450703', 3, '钦北区', 'mainland'),
(450721, 450700, ',450000,450700,450721', 3, '灵山县', 'mainland'),
(450722, 450700, ',450000,450700,450722', 3, '浦北县', 'mainland'),
(450723, 450700, ',450000,450700,450723', 3, '其它区', 'mainland'),
(450800, 450000, ',450000,450800', 2, '贵港市', 'mainland'),
(450802, 450800, ',450000,450800,450802', 3, '港北区', 'mainland'),
(450803, 450800, ',450000,450800,450803', 3, '港南区', 'mainland'),
(450804, 450800, ',450000,450800,450804', 3, '覃塘区', 'mainland'),
(450821, 450800, ',450000,450800,450821', 3, '平南县', 'mainland'),
(450881, 450800, ',450000,450800,450881', 3, '桂平市', 'mainland'),
(450882, 450800, ',450000,450800,450882', 3, '其它区', 'mainland'),
(450900, 450000, ',450000,450900', 2, '玉林市', 'mainland'),
(450902, 450900, ',450000,450900,450902', 3, '玉州区', 'mainland'),
(450921, 450900, ',450000,450900,450921', 3, '容县', 'mainland'),
(450922, 450900, ',450000,450900,450922', 3, '陆川县', 'mainland'),
(450923, 450900, ',450000,450900,450923', 3, '博白县', 'mainland'),
(450924, 450900, ',450000,450900,450924', 3, '兴业县', 'mainland'),
(450981, 450900, ',450000,450900,450981', 3, '北流市', 'mainland'),
(450982, 450900, ',450000,450900,450982', 3, '其它区', 'mainland'),
(451000, 450000, ',450000,451000', 2, '百色市', 'mainland'),
(451002, 451000, ',450000,451000,451002', 3, '右江区', 'mainland'),
(451021, 451000, ',450000,451000,451021', 3, '田阳县', 'mainland'),
(451022, 451000, ',450000,451000,451022', 3, '田东县', 'mainland'),
(451023, 451000, ',450000,451000,451023', 3, '平果县', 'mainland'),
(451024, 451000, ',450000,451000,451024', 3, '德保县', 'mainland'),
(451025, 451000, ',450000,451000,451025', 3, '靖西县', 'mainland'),
(451026, 451000, ',450000,451000,451026', 3, '那坡县', 'mainland'),
(451027, 451000, ',450000,451000,451027', 3, '凌云县', 'mainland'),
(451028, 451000, ',450000,451000,451028', 3, '乐业县', 'mainland'),
(451029, 451000, ',450000,451000,451029', 3, '田林县', 'mainland'),
(451030, 451000, ',450000,451000,451030', 3, '西林县', 'mainland'),
(451031, 451000, ',450000,451000,451031', 3, '隆林各族自治县', 'mainland'),
(451032, 451000, ',450000,451000,451032', 3, '其它区', 'mainland'),
(451100, 450000, ',450000,451100', 2, '贺州市', 'mainland'),
(451102, 451100, ',450000,451100,451102', 3, '八步区', 'mainland'),
(451121, 451100, ',450000,451100,451121', 3, '昭平县', 'mainland'),
(451122, 451100, ',450000,451100,451122', 3, '钟山县', 'mainland'),
(451123, 451100, ',450000,451100,451123', 3, '富川瑶族自治县', 'mainland'),
(451124, 451100, ',450000,451100,451124', 3, '其它区', 'mainland'),
(451200, 450000, ',450000,451200', 2, '河池市', 'mainland'),
(451202, 451200, ',450000,451200,451202', 3, '金城江区', 'mainland'),
(451221, 451200, ',450000,451200,451221', 3, '南丹县', 'mainland'),
(451222, 451200, ',450000,451200,451222', 3, '天峨县', 'mainland'),
(451223, 451200, ',450000,451200,451223', 3, '凤山县', 'mainland'),
(451224, 451200, ',450000,451200,451224', 3, '东兰县', 'mainland'),
(451225, 451200, ',450000,451200,451225', 3, '罗城仫佬族自治县', 'mainland'),
(451226, 451200, ',450000,451200,451226', 3, '环江毛南族自治县', 'mainland'),
(451227, 451200, ',450000,451200,451227', 3, '巴马瑶族自治县', 'mainland'),
(451228, 451200, ',450000,451200,451228', 3, '都安瑶族自治县', 'mainland'),
(451229, 451200, ',450000,451200,451229', 3, '大化瑶族自治县', 'mainland'),
(451281, 451200, ',450000,451200,451281', 3, '宜州市', 'mainland'),
(451282, 451200, ',450000,451200,451282', 3, '其它区', 'mainland'),
(451300, 450000, ',450000,451300', 2, '来宾市', 'mainland'),
(451302, 451300, ',450000,451300,451302', 3, '兴宾区', 'mainland'),
(451321, 451300, ',450000,451300,451321', 3, '忻城县', 'mainland'),
(451322, 451300, ',450000,451300,451322', 3, '象州县', 'mainland'),
(451323, 451300, ',450000,451300,451323', 3, '武宣县', 'mainland'),
(451324, 451300, ',450000,451300,451324', 3, '金秀瑶族自治县', 'mainland'),
(451381, 451300, ',450000,451300,451381', 3, '合山市', 'mainland'),
(451382, 451300, ',450000,451300,451382', 3, '其它区', 'mainland'),
(451400, 450000, ',450000,451400', 2, '崇左市', 'mainland'),
(451402, 451400, ',450000,451400,451402', 3, '江州区', 'mainland'),
(451421, 451400, ',450000,451400,451421', 3, '扶绥县', 'mainland'),
(451422, 451400, ',450000,451400,451422', 3, '宁明县', 'mainland'),
(451423, 451400, ',450000,451400,451423', 3, '龙州县', 'mainland'),
(451424, 451400, ',450000,451400,451424', 3, '大新县', 'mainland'),
(451425, 451400, ',450000,451400,451425', 3, '天等县', 'mainland'),
(451481, 451400, ',450000,451400,451481', 3, '凭祥市', 'mainland'),
(451482, 451400, ',450000,451400,451482', 3, '其它区', 'mainland'),
(460000, 100000, ',460000', 1, '海南省', 'mainland'),
(460100, 460000, ',460000,460100', 2, '海口市', 'mainland'),
(460105, 460100, ',460000,460100,460105', 3, '秀英区', 'mainland'),
(460106, 460100, ',460000,460100,460106', 3, '龙华区', 'mainland'),
(460107, 460100, ',460000,460100,460107', 3, '琼山区', 'mainland'),
(460108, 460100, ',460000,460100,460108', 3, '美兰区', 'mainland'),
(460109, 460100, ',460000,460100,460109', 3, '其它区', 'mainland'),
(460200, 460000, ',460000,460200', 2, '三亚市', 'mainland'),
(469001, 460000, ',460000,469001', 3, '五指山市', 'mainland'),
(469002, 460000, ',460000,469002', 3, '琼海市', 'mainland'),
(469003, 460000, ',460000,469003', 3, '儋州市', 'mainland'),
(469005, 460000, ',460000,469005', 3, '文昌市', 'mainland'),
(469006, 460000, ',460000,469006', 3, '万宁市', 'mainland'),
(469007, 460000, ',460000,469007', 3, '东方市', 'mainland'),
(469025, 460000, ',460000,469025', 3, '定安县', 'mainland'),
(469026, 460000, ',460000,469026', 3, '屯昌县', 'mainland'),
(469027, 460000, ',460000,469027', 3, '澄迈县', 'mainland'),
(469028, 460000, ',460000,469028', 3, '临高县', 'mainland'),
(469030, 460000, ',460000,469030', 3, '白沙黎族自治县', 'mainland'),
(469031, 460000, ',460000,469031', 3, '昌江黎族自治县', 'mainland'),
(469033, 460000, ',460000,469033', 3, '乐东黎族自治县', 'mainland'),
(469034, 460000, ',460000,469034', 3, '陵水黎族自治县', 'mainland'),
(469035, 460000, ',460000,469035', 3, '保亭黎族苗族自治县', 'mainland'),
(469036, 460000, ',460000,469036', 3, '琼中黎族苗族自治县', 'mainland'),
(469037, 460000, ',460000,469037', 3, '西沙群岛', 'mainland'),
(469038, 460000, ',460000,469038', 3, '南沙群岛', 'mainland'),
(469039, 460000, ',460000,469039', 3, '中沙群岛的岛礁及其海域', 'mainland'),
(471004, 410300, ',410000,410300,471004', 3, '高新区', 'mainland'),
(471005, 410300, ',410000,410300,471005', 3, '其它区', 'mainland'),
(500000, 100000, ',500000', 1, '重庆', 'mainland'),
(500100, 500000, ',500000,500100', 2, '重庆市', 'mainland'),
(500101, 500100, ',500000,500100,500101', 3, '万州区', 'mainland'),
(500102, 500100, ',500000,500100,500102', 3, '涪陵区', 'mainland'),
(500103, 500100, ',500000,500100,500103', 3, '渝中区', 'mainland'),
(500104, 500100, ',500000,500100,500104', 3, '大渡口区', 'mainland'),
(500105, 500100, ',500000,500100,500105', 3, '江北区', 'mainland'),
(500106, 500100, ',500000,500100,500106', 3, '沙坪坝区', 'mainland'),
(500107, 500100, ',500000,500100,500107', 3, '九龙坡区', 'mainland'),
(500108, 500100, ',500000,500100,500108', 3, '南岸区', 'mainland'),
(500109, 500100, ',500000,500100,500109', 3, '北碚区', 'mainland'),
(500110, 500100, ',500000,500100,500110', 3, '万盛区', 'mainland'),
(500111, 500100, ',500000,500100,500111', 3, '双桥区', 'mainland'),
(500112, 500100, ',500000,500100,500112', 3, '渝北区', 'mainland'),
(500113, 500100, ',500000,500100,500113', 3, '巴南区', 'mainland'),
(500114, 500100, ',500000,500100,500114', 3, '黔江区', 'mainland'),
(500115, 500100, ',500000,500100,500115', 3, '长寿区', 'mainland'),
(500222, 500100, ',500000,500100,500222', 3, '綦江县', 'mainland'),
(500223, 500100, ',500000,500100,500223', 3, '潼南县', 'mainland'),
(500224, 500100, ',500000,500100,500224', 3, '铜梁县', 'mainland'),
(500225, 500100, ',500000,500100,500225', 3, '大足县', 'mainland'),
(500226, 500100, ',500000,500100,500226', 3, '荣昌县', 'mainland'),
(500227, 500100, ',500000,500100,500227', 3, '璧山县', 'mainland'),
(500228, 500100, ',500000,500100,500228', 3, '梁平县', 'mainland'),
(500229, 500100, ',500000,500100,500229', 3, '城口县', 'mainland'),
(500230, 500100, ',500000,500100,500230', 3, '丰都县', 'mainland'),
(500231, 500100, ',500000,500100,500231', 3, '垫江县', 'mainland'),
(500232, 500100, ',500000,500100,500232', 3, '武隆县', 'mainland'),
(500233, 500100, ',500000,500100,500233', 3, '忠县', 'mainland'),
(500234, 500100, ',500000,500100,500234', 3, '开县', 'mainland'),
(500235, 500100, ',500000,500100,500235', 3, '云阳县', 'mainland'),
(500236, 500100, ',500000,500100,500236', 3, '奉节县', 'mainland'),
(500237, 500100, ',500000,500100,500237', 3, '巫山县', 'mainland'),
(500238, 500100, ',500000,500100,500238', 3, '巫溪县', 'mainland'),
(500240, 500100, ',500000,500100,500240', 3, '石柱土家族自治县', 'mainland'),
(500241, 500100, ',500000,500100,500241', 3, '秀山土家族苗族自治县', 'mainland'),
(500242, 500100, ',500000,500100,500242', 3, '酉阳土家族苗族自治县', 'mainland'),
(500243, 500100, ',500000,500100,500243', 3, '彭水苗族土家族自治县', 'mainland'),
(500381, 500100, ',500000,500100,500381', 3, '江津区', 'mainland'),
(500382, 500100, ',500000,500100,500382', 3, '合川区', 'mainland'),
(500383, 500100, ',500000,500100,500383', 3, '永川区', 'mainland'),
(500384, 500100, ',500000,500100,500384', 3, '南川区', 'mainland'),
(500385, 500100, ',500000,500100,500385', 3, '其它区', 'mainland'),
(510000, 100000, ',510000', 1, '四川省', 'mainland'),
(510100, 510000, ',510000,510100', 2, '成都市', 'mainland'),
(510104, 510100, ',510000,510100,510104', 3, '锦江区', 'mainland'),
(510105, 510100, ',510000,510100,510105', 3, '青羊区', 'mainland'),
(510106, 510100, ',510000,510100,510106', 3, '金牛区', 'mainland'),
(510107, 510100, ',510000,510100,510107', 3, '武侯区', 'mainland'),
(510108, 510100, ',510000,510100,510108', 3, '成华区', 'mainland'),
(510112, 510100, ',510000,510100,510112', 3, '龙泉驿区', 'mainland'),
(510113, 510100, ',510000,510100,510113', 3, '青白江区', 'mainland'),
(510114, 510100, ',510000,510100,510114', 3, '新都区', 'mainland'),
(510115, 510100, ',510000,510100,510115', 3, '温江区', 'mainland'),
(510121, 510100, ',510000,510100,510121', 3, '金堂县', 'mainland'),
(510122, 510100, ',510000,510100,510122', 3, '双流县', 'mainland'),
(510124, 510100, ',510000,510100,510124', 3, '郫县', 'mainland'),
(510129, 510100, ',510000,510100,510129', 3, '大邑县', 'mainland'),
(510131, 510100, ',510000,510100,510131', 3, '蒲江县', 'mainland'),
(510132, 510100, ',510000,510100,510132', 3, '新津县', 'mainland'),
(510181, 510100, ',510000,510100,510181', 3, '都江堰市', 'mainland'),
(510182, 510100, ',510000,510100,510182', 3, '彭州市', 'mainland'),
(510183, 510100, ',510000,510100,510183', 3, '邛崃市', 'mainland'),
(510184, 510100, ',510000,510100,510184', 3, '崇州市', 'mainland'),
(510185, 510100, ',510000,510100,510185', 3, '其它区', 'mainland'),
(510300, 510000, ',510000,510300', 2, '自贡市', 'mainland'),
(510302, 510300, ',510000,510300,510302', 3, '自流井区', 'mainland'),
(510303, 510300, ',510000,510300,510303', 3, '贡井区', 'mainland'),
(510304, 510300, ',510000,510300,510304', 3, '大安区', 'mainland'),
(510311, 510300, ',510000,510300,510311', 3, '沿滩区', 'mainland'),
(510321, 510300, ',510000,510300,510321', 3, '荣县', 'mainland'),
(510322, 510300, ',510000,510300,510322', 3, '富顺县', 'mainland'),
(510323, 510300, ',510000,510300,510323', 3, '其它区', 'mainland'),
(510400, 510000, ',510000,510400', 2, '攀枝花市', 'mainland'),
(510402, 510400, ',510000,510400,510402', 3, '东区', 'mainland'),
(510403, 510400, ',510000,510400,510403', 3, '西区', 'mainland'),
(510411, 510400, ',510000,510400,510411', 3, '仁和区', 'mainland'),
(510421, 510400, ',510000,510400,510421', 3, '米易县', 'mainland'),
(510422, 510400, ',510000,510400,510422', 3, '盐边县', 'mainland'),
(510423, 510400, ',510000,510400,510423', 3, '其它区', 'mainland'),
(510500, 510000, ',510000,510500', 2, '泸州市', 'mainland'),
(510502, 510500, ',510000,510500,510502', 3, '江阳区', 'mainland'),
(510503, 510500, ',510000,510500,510503', 3, '纳溪区', 'mainland'),
(510504, 510500, ',510000,510500,510504', 3, '龙马潭区', 'mainland'),
(510521, 510500, ',510000,510500,510521', 3, '泸县', 'mainland'),
(510522, 510500, ',510000,510500,510522', 3, '合江县', 'mainland'),
(510524, 510500, ',510000,510500,510524', 3, '叙永县', 'mainland'),
(510525, 510500, ',510000,510500,510525', 3, '古蔺县', 'mainland'),
(510526, 510500, ',510000,510500,510526', 3, '其它区', 'mainland'),
(510600, 510000, ',510000,510600', 2, '德阳市', 'mainland'),
(510603, 510600, ',510000,510600,510603', 3, '旌阳区', 'mainland'),
(510623, 510600, ',510000,510600,510623', 3, '中江县', 'mainland'),
(510626, 510600, ',510000,510600,510626', 3, '罗江县', 'mainland'),
(510681, 510600, ',510000,510600,510681', 3, '广汉市', 'mainland'),
(510682, 510600, ',510000,510600,510682', 3, '什邡市', 'mainland'),
(510683, 510600, ',510000,510600,510683', 3, '绵竹市', 'mainland'),
(510684, 510600, ',510000,510600,510684', 3, '其它区', 'mainland'),
(510700, 510000, ',510000,510700', 2, '绵阳市', 'mainland'),
(510703, 510700, ',510000,510700,510703', 3, '涪城区', 'mainland'),
(510704, 510700, ',510000,510700,510704', 3, '游仙区', 'mainland'),
(510722, 510700, ',510000,510700,510722', 3, '三台县', 'mainland'),
(510723, 510700, ',510000,510700,510723', 3, '盐亭县', 'mainland'),
(510724, 510700, ',510000,510700,510724', 3, '安县', 'mainland'),
(510725, 510700, ',510000,510700,510725', 3, '梓潼县', 'mainland'),
(510726, 510700, ',510000,510700,510726', 3, '北川羌族自治县', 'mainland'),
(510727, 510700, ',510000,510700,510727', 3, '平武县', 'mainland'),
(510751, 510700, ',510000,510700,510751', 3, '高新区', 'mainland'),
(510781, 510700, ',510000,510700,510781', 3, '江油市', 'mainland'),
(510782, 510700, ',510000,510700,510782', 3, '其它区', 'mainland'),
(510800, 510000, ',510000,510800', 2, '广元市', 'mainland'),
(510802, 510800, ',510000,510800,510802', 3, '利州区', 'mainland'),
(510811, 510800, ',510000,510800,510811', 3, '元坝区', 'mainland'),
(510812, 510800, ',510000,510800,510812', 3, '朝天区', 'mainland'),
(510821, 510800, ',510000,510800,510821', 3, '旺苍县', 'mainland'),
(510822, 510800, ',510000,510800,510822', 3, '青川县', 'mainland'),
(510823, 510800, ',510000,510800,510823', 3, '剑阁县', 'mainland'),
(510824, 510800, ',510000,510800,510824', 3, '苍溪县', 'mainland'),
(510825, 510800, ',510000,510800,510825', 3, '其它区', 'mainland'),
(510900, 510000, ',510000,510900', 2, '遂宁市', 'mainland'),
(510903, 510900, ',510000,510900,510903', 3, '船山区', 'mainland'),
(510904, 510900, ',510000,510900,510904', 3, '安居区', 'mainland'),
(510921, 510900, ',510000,510900,510921', 3, '蓬溪县', 'mainland'),
(510922, 510900, ',510000,510900,510922', 3, '射洪县', 'mainland'),
(510923, 510900, ',510000,510900,510923', 3, '大英县', 'mainland'),
(510924, 510900, ',510000,510900,510924', 3, '其它区', 'mainland'),
(511000, 510000, ',510000,511000', 2, '内江市', 'mainland'),
(511002, 511000, ',510000,511000,511002', 3, '市中区', 'mainland'),
(511011, 511000, ',510000,511000,511011', 3, '东兴区', 'mainland'),
(511024, 511000, ',510000,511000,511024', 3, '威远县', 'mainland'),
(511025, 511000, ',510000,511000,511025', 3, '资中县', 'mainland'),
(511028, 511000, ',510000,511000,511028', 3, '隆昌县', 'mainland'),
(511029, 511000, ',510000,511000,511029', 3, '其它区', 'mainland'),
(511100, 510000, ',510000,511100', 2, '乐山市', 'mainland'),
(511102, 511100, ',510000,511100,511102', 3, '市中区', 'mainland'),
(511111, 511100, ',510000,511100,511111', 3, '沙湾区', 'mainland'),
(511112, 511100, ',510000,511100,511112', 3, '五通桥区', 'mainland'),
(511113, 511100, ',510000,511100,511113', 3, '金口河区', 'mainland'),
(511123, 511100, ',510000,511100,511123', 3, '犍为县', 'mainland'),
(511124, 511100, ',510000,511100,511124', 3, '井研县', 'mainland'),
(511126, 511100, ',510000,511100,511126', 3, '夹江县', 'mainland'),
(511129, 511100, ',510000,511100,511129', 3, '沐川县', 'mainland'),
(511132, 511100, ',510000,511100,511132', 3, '峨边彝族自治县', 'mainland'),
(511133, 511100, ',510000,511100,511133', 3, '马边彝族自治县', 'mainland'),
(511181, 511100, ',510000,511100,511181', 3, '峨眉山市', 'mainland'),
(511182, 511100, ',510000,511100,511182', 3, '其它区', 'mainland'),
(511300, 510000, ',510000,511300', 2, '南充市', 'mainland'),
(511302, 511300, ',510000,511300,511302', 3, '顺庆区', 'mainland'),
(511303, 511300, ',510000,511300,511303', 3, '高坪区', 'mainland'),
(511304, 511300, ',510000,511300,511304', 3, '嘉陵区', 'mainland'),
(511321, 511300, ',510000,511300,511321', 3, '南部县', 'mainland'),
(511322, 511300, ',510000,511300,511322', 3, '营山县', 'mainland'),
(511323, 511300, ',510000,511300,511323', 3, '蓬安县', 'mainland'),
(511324, 511300, ',510000,511300,511324', 3, '仪陇县', 'mainland'),
(511325, 511300, ',510000,511300,511325', 3, '西充县', 'mainland'),
(511381, 511300, ',510000,511300,511381', 3, '阆中市', 'mainland'),
(511382, 511300, ',510000,511300,511382', 3, '其它区', 'mainland'),
(511400, 510000, ',510000,511400', 2, '眉山市', 'mainland'),
(511402, 511400, ',510000,511400,511402', 3, '东坡区', 'mainland'),
(511421, 511400, ',510000,511400,511421', 3, '仁寿县', 'mainland'),
(511422, 511400, ',510000,511400,511422', 3, '彭山县', 'mainland'),
(511423, 511400, ',510000,511400,511423', 3, '洪雅县', 'mainland'),
(511424, 511400, ',510000,511400,511424', 3, '丹棱县', 'mainland'),
(511425, 511400, ',510000,511400,511425', 3, '青神县', 'mainland'),
(511426, 511400, ',510000,511400,511426', 3, '其它区', 'mainland'),
(511500, 510000, ',510000,511500', 2, '宜宾市', 'mainland'),
(511502, 511500, ',510000,511500,511502', 3, '翠屏区', 'mainland'),
(511521, 511500, ',510000,511500,511521', 3, '宜宾县', 'mainland'),
(511522, 511500, ',510000,511500,511522', 3, '南溪县', 'mainland'),
(511523, 511500, ',510000,511500,511523', 3, '江安县', 'mainland'),
(511524, 511500, ',510000,511500,511524', 3, '长宁县', 'mainland'),
(511525, 511500, ',510000,511500,511525', 3, '高县', 'mainland'),
(511526, 511500, ',510000,511500,511526', 3, '珙县', 'mainland'),
(511527, 511500, ',510000,511500,511527', 3, '筠连县', 'mainland'),
(511528, 511500, ',510000,511500,511528', 3, '兴文县', 'mainland'),
(511529, 511500, ',510000,511500,511529', 3, '屏山县', 'mainland'),
(511530, 511500, ',510000,511500,511530', 3, '其它区', 'mainland'),
(511600, 510000, ',510000,511600', 2, '广安市', 'mainland'),
(511602, 511600, ',510000,511600,511602', 3, '广安区', 'mainland'),
(511621, 511600, ',510000,511600,511621', 3, '岳池县', 'mainland'),
(511622, 511600, ',510000,511600,511622', 3, '武胜县', 'mainland'),
(511623, 511600, ',510000,511600,511623', 3, '邻水县', 'mainland'),
(511681, 511600, ',510000,511600,511681', 3, '华蓥市', 'mainland'),
(511682, 511600, ',510000,511600,511682', 3, '市辖区', 'mainland'),
(511683, 511600, ',510000,511600,511683', 3, '其它区', 'mainland'),
(511700, 510000, ',510000,511700', 2, '达州市', 'mainland'),
(511702, 511700, ',510000,511700,511702', 3, '通川区', 'mainland'),
(511721, 511700, ',510000,511700,511721', 3, '达县', 'mainland'),
(511722, 511700, ',510000,511700,511722', 3, '宣汉县', 'mainland'),
(511723, 511700, ',510000,511700,511723', 3, '开江县', 'mainland'),
(511724, 511700, ',510000,511700,511724', 3, '大竹县', 'mainland'),
(511725, 511700, ',510000,511700,511725', 3, '渠县', 'mainland'),
(511781, 511700, ',510000,511700,511781', 3, '万源市', 'mainland'),
(511782, 511700, ',510000,511700,511782', 3, '其它区', 'mainland'),
(511800, 510000, ',510000,511800', 2, '雅安市', 'mainland'),
(511802, 511800, ',510000,511800,511802', 3, '雨城区', 'mainland'),
(511821, 511800, ',510000,511800,511821', 3, '名山县', 'mainland'),
(511822, 511800, ',510000,511800,511822', 3, '荥经县', 'mainland'),
(511823, 511800, ',510000,511800,511823', 3, '汉源县', 'mainland'),
(511824, 511800, ',510000,511800,511824', 3, '石棉县', 'mainland'),
(511825, 511800, ',510000,511800,511825', 3, '天全县', 'mainland'),
(511826, 511800, ',510000,511800,511826', 3, '芦山县', 'mainland'),
(511827, 511800, ',510000,511800,511827', 3, '宝兴县', 'mainland'),
(511828, 511800, ',510000,511800,511828', 3, '其它区', 'mainland'),
(511900, 510000, ',510000,511900', 2, '巴中市', 'mainland'),
(511902, 511900, ',510000,511900,511902', 3, '巴州区', 'mainland'),
(511921, 511900, ',510000,511900,511921', 3, '通江县', 'mainland'),
(511922, 511900, ',510000,511900,511922', 3, '南江县', 'mainland'),
(511923, 511900, ',510000,511900,511923', 3, '平昌县', 'mainland'),
(511924, 511900, ',510000,511900,511924', 3, '其它区', 'mainland'),
(512000, 510000, ',510000,512000', 2, '资阳市', 'mainland'),
(512002, 512000, ',510000,512000,512002', 3, '雁江区', 'mainland'),
(512021, 512000, ',510000,512000,512021', 3, '安岳县', 'mainland'),
(512022, 512000, ',510000,512000,512022', 3, '乐至县', 'mainland'),
(512081, 512000, ',510000,512000,512081', 3, '简阳市', 'mainland'),
(512082, 512000, ',510000,512000,512082', 3, '其它区', 'mainland'),
(513200, 510000, ',510000,513200', 2, '阿坝藏族羌族自治州', 'mainland'),
(513221, 513200, ',510000,513200,513221', 3, '汶川县', 'mainland'),
(513222, 513200, ',510000,513200,513222', 3, '理县', 'mainland'),
(513223, 513200, ',510000,513200,513223', 3, '茂县', 'mainland'),
(513224, 513200, ',510000,513200,513224', 3, '松潘县', 'mainland'),
(513225, 513200, ',510000,513200,513225', 3, '九寨沟县', 'mainland'),
(513226, 513200, ',510000,513200,513226', 3, '金川县', 'mainland'),
(513227, 513200, ',510000,513200,513227', 3, '小金县', 'mainland'),
(513228, 513200, ',510000,513200,513228', 3, '黑水县', 'mainland'),
(513229, 513200, ',510000,513200,513229', 3, '马尔康县', 'mainland'),
(513230, 513200, ',510000,513200,513230', 3, '壤塘县', 'mainland'),
(513231, 513200, ',510000,513200,513231', 3, '阿坝县', 'mainland'),
(513232, 513200, ',510000,513200,513232', 3, '若尔盖县', 'mainland'),
(513233, 513200, ',510000,513200,513233', 3, '红原县', 'mainland'),
(513234, 513200, ',510000,513200,513234', 3, '其它区', 'mainland'),
(513300, 510000, ',510000,513300', 2, '甘孜藏族自治州', 'mainland'),
(513321, 513300, ',510000,513300,513321', 3, '康定县', 'mainland'),
(513322, 513300, ',510000,513300,513322', 3, '泸定县', 'mainland'),
(513323, 513300, ',510000,513300,513323', 3, '丹巴县', 'mainland'),
(513324, 513300, ',510000,513300,513324', 3, '九龙县', 'mainland'),
(513325, 513300, ',510000,513300,513325', 3, '雅江县', 'mainland'),
(513326, 513300, ',510000,513300,513326', 3, '道孚县', 'mainland'),
(513327, 513300, ',510000,513300,513327', 3, '炉霍县', 'mainland'),
(513328, 513300, ',510000,513300,513328', 3, '甘孜县', 'mainland'),
(513329, 513300, ',510000,513300,513329', 3, '新龙县', 'mainland'),
(513330, 513300, ',510000,513300,513330', 3, '德格县', 'mainland'),
(513331, 513300, ',510000,513300,513331', 3, '白玉县', 'mainland'),
(513332, 513300, ',510000,513300,513332', 3, '石渠县', 'mainland'),
(513333, 513300, ',510000,513300,513333', 3, '色达县', 'mainland'),
(513334, 513300, ',510000,513300,513334', 3, '理塘县', 'mainland'),
(513335, 513300, ',510000,513300,513335', 3, '巴塘县', 'mainland'),
(513336, 513300, ',510000,513300,513336', 3, '乡城县', 'mainland'),
(513337, 513300, ',510000,513300,513337', 3, '稻城县', 'mainland'),
(513338, 513300, ',510000,513300,513338', 3, '得荣县', 'mainland'),
(513339, 513300, ',510000,513300,513339', 3, '其它区', 'mainland'),
(513400, 510000, ',510000,513400', 2, '凉山彝族自治州', 'mainland'),
(513401, 513400, ',510000,513400,513401', 3, '西昌市', 'mainland'),
(513422, 513400, ',510000,513400,513422', 3, '木里藏族自治县', 'mainland'),
(513423, 513400, ',510000,513400,513423', 3, '盐源县', 'mainland'),
(513424, 513400, ',510000,513400,513424', 3, '德昌县', 'mainland'),
(513425, 513400, ',510000,513400,513425', 3, '会理县', 'mainland'),
(513426, 513400, ',510000,513400,513426', 3, '会东县', 'mainland'),
(513427, 513400, ',510000,513400,513427', 3, '宁南县', 'mainland'),
(513428, 513400, ',510000,513400,513428', 3, '普格县', 'mainland'),
(513429, 513400, ',510000,513400,513429', 3, '布拖县', 'mainland'),
(513430, 513400, ',510000,513400,513430', 3, '金阳县', 'mainland'),
(513431, 513400, ',510000,513400,513431', 3, '昭觉县', 'mainland'),
(513432, 513400, ',510000,513400,513432', 3, '喜德县', 'mainland'),
(513433, 513400, ',510000,513400,513433', 3, '冕宁县', 'mainland'),
(513434, 513400, ',510000,513400,513434', 3, '越西县', 'mainland'),
(513435, 513400, ',510000,513400,513435', 3, '甘洛县', 'mainland'),
(513436, 513400, ',510000,513400,513436', 3, '美姑县', 'mainland'),
(513437, 513400, ',510000,513400,513437', 3, '雷波县', 'mainland'),
(513438, 513400, ',510000,513400,513438', 3, '其它区', 'mainland'),
(520000, 100000, ',520000', 1, '贵州省', 'mainland'),
(520100, 520000, ',520000,520100', 2, '贵阳市', 'mainland'),
(520102, 520100, ',520000,520100,520102', 3, '南明区', 'mainland'),
(520103, 520100, ',520000,520100,520103', 3, '云岩区', 'mainland'),
(520111, 520100, ',520000,520100,520111', 3, '花溪区', 'mainland'),
(520112, 520100, ',520000,520100,520112', 3, '乌当区', 'mainland'),
(520113, 520100, ',520000,520100,520113', 3, '白云区', 'mainland'),
(520114, 520100, ',520000,520100,520114', 3, '小河区', 'mainland'),
(520121, 520100, ',520000,520100,520121', 3, '开阳县', 'mainland'),
(520122, 520100, ',520000,520100,520122', 3, '息烽县', 'mainland'),
(520123, 520100, ',520000,520100,520123', 3, '修文县', 'mainland'),
(520151, 520100, ',520000,520100,520151', 3, '金阳开发区', 'mainland'),
(520181, 520100, ',520000,520100,520181', 3, '清镇市', 'mainland'),
(520182, 520100, ',520000,520100,520182', 3, '其它区', 'mainland'),
(520200, 520000, ',520000,520200', 2, '六盘水市', 'mainland'),
(520201, 520200, ',520000,520200,520201', 3, '钟山区', 'mainland'),
(520203, 520200, ',520000,520200,520203', 3, '六枝特区', 'mainland'),
(520221, 520200, ',520000,520200,520221', 3, '水城县', 'mainland'),
(520222, 520200, ',520000,520200,520222', 3, '盘县', 'mainland'),
(520223, 520200, ',520000,520200,520223', 3, '其它区', 'mainland'),
(520300, 520000, ',520000,520300', 2, '遵义市', 'mainland'),
(520302, 520300, ',520000,520300,520302', 3, '红花岗区', 'mainland'),
(520303, 520300, ',520000,520300,520303', 3, '汇川区', 'mainland'),
(520321, 520300, ',520000,520300,520321', 3, '遵义县', 'mainland'),
(520322, 520300, ',520000,520300,520322', 3, '桐梓县', 'mainland'),
(520323, 520300, ',520000,520300,520323', 3, '绥阳县', 'mainland'),
(520324, 520300, ',520000,520300,520324', 3, '正安县', 'mainland'),
(520325, 520300, ',520000,520300,520325', 3, '道真仡佬族苗族自治县', 'mainland'),
(520326, 520300, ',520000,520300,520326', 3, '务川仡佬族苗族自治县', 'mainland'),
(520327, 520300, ',520000,520300,520327', 3, '凤冈县', 'mainland'),
(520328, 520300, ',520000,520300,520328', 3, '湄潭县', 'mainland'),
(520329, 520300, ',520000,520300,520329', 3, '余庆县', 'mainland'),
(520330, 520300, ',520000,520300,520330', 3, '习水县', 'mainland'),
(520381, 520300, ',520000,520300,520381', 3, '赤水市', 'mainland'),
(520382, 520300, ',520000,520300,520382', 3, '仁怀市', 'mainland'),
(520383, 520300, ',520000,520300,520383', 3, '其它区', 'mainland'),
(520400, 520000, ',520000,520400', 2, '安顺市', 'mainland'),
(520402, 520400, ',520000,520400,520402', 3, '西秀区', 'mainland'),
(520421, 520400, ',520000,520400,520421', 3, '平坝县', 'mainland'),
(520422, 520400, ',520000,520400,520422', 3, '普定县', 'mainland'),
(520423, 520400, ',520000,520400,520423', 3, '镇宁布依族苗族自治县', 'mainland'),
(520424, 520400, ',520000,520400,520424', 3, '关岭布依族苗族自治县', 'mainland'),
(520425, 520400, ',520000,520400,520425', 3, '紫云苗族布依族自治县', 'mainland'),
(520426, 520400, ',520000,520400,520426', 3, '其它区', 'mainland'),
(522200, 520000, ',520000,522200', 2, '铜仁地区', 'mainland'),
(522201, 522200, ',520000,522200,522201', 3, '铜仁市', 'mainland'),
(522222, 522200, ',520000,522200,522222', 3, '江口县', 'mainland'),
(522223, 522200, ',520000,522200,522223', 3, '玉屏侗族自治县', 'mainland'),
(522224, 522200, ',520000,522200,522224', 3, '石阡县', 'mainland'),
(522225, 522200, ',520000,522200,522225', 3, '思南县', 'mainland'),
(522226, 522200, ',520000,522200,522226', 3, '印江土家族苗族自治县', 'mainland'),
(522227, 522200, ',520000,522200,522227', 3, '德江县', 'mainland'),
(522228, 522200, ',520000,522200,522228', 3, '沿河土家族自治县', 'mainland'),
(522229, 522200, ',520000,522200,522229', 3, '松桃苗族自治县', 'mainland'),
(522230, 522200, ',520000,522200,522230', 3, '万山特区', 'mainland'),
(522231, 522200, ',520000,522200,522231', 3, '其它区', 'mainland'),
(522300, 520000, ',520000,522300', 2, '黔西南布依族苗族自治州', 'mainland'),
(522301, 522300, ',520000,522300,522301', 3, '兴义市', 'mainland'),
(522322, 522300, ',520000,522300,522322', 3, '兴仁县', 'mainland'),
(522323, 522300, ',520000,522300,522323', 3, '普安县', 'mainland'),
(522324, 522300, ',520000,522300,522324', 3, '晴隆县', 'mainland'),
(522325, 522300, ',520000,522300,522325', 3, '贞丰县', 'mainland'),
(522326, 522300, ',520000,522300,522326', 3, '望谟县', 'mainland'),
(522327, 522300, ',520000,522300,522327', 3, '册亨县', 'mainland'),
(522328, 522300, ',520000,522300,522328', 3, '安龙县', 'mainland'),
(522329, 522300, ',520000,522300,522329', 3, '其它区', 'mainland'),
(522400, 520000, ',520000,522400', 2, '毕节地区', 'mainland'),
(522401, 522400, ',520000,522400,522401', 3, '毕节市', 'mainland'),
(522422, 522400, ',520000,522400,522422', 3, '大方县', 'mainland'),
(522423, 522400, ',520000,522400,522423', 3, '黔西县', 'mainland'),
(522424, 522400, ',520000,522400,522424', 3, '金沙县', 'mainland'),
(522425, 522400, ',520000,522400,522425', 3, '织金县', 'mainland'),
(522426, 522400, ',520000,522400,522426', 3, '纳雍县', 'mainland'),
(522427, 522400, ',520000,522400,522427', 3, '威宁彝族回族苗族自治县', 'mainland'),
(522428, 522400, ',520000,522400,522428', 3, '赫章县', 'mainland'),
(522429, 522400, ',520000,522400,522429', 3, '其它区', 'mainland'),
(522600, 520000, ',520000,522600', 2, '黔东南苗族侗族自治州', 'mainland'),
(522601, 522600, ',520000,522600,522601', 3, '凯里市', 'mainland'),
(522622, 522600, ',520000,522600,522622', 3, '黄平县', 'mainland'),
(522623, 522600, ',520000,522600,522623', 3, '施秉县', 'mainland'),
(522624, 522600, ',520000,522600,522624', 3, '三穗县', 'mainland'),
(522625, 522600, ',520000,522600,522625', 3, '镇远县', 'mainland'),
(522626, 522600, ',520000,522600,522626', 3, '岑巩县', 'mainland'),
(522627, 522600, ',520000,522600,522627', 3, '天柱县', 'mainland'),
(522628, 522600, ',520000,522600,522628', 3, '锦屏县', 'mainland'),
(522629, 522600, ',520000,522600,522629', 3, '剑河县', 'mainland'),
(522630, 522600, ',520000,522600,522630', 3, '台江县', 'mainland'),
(522631, 522600, ',520000,522600,522631', 3, '黎平县', 'mainland'),
(522632, 522600, ',520000,522600,522632', 3, '榕江县', 'mainland'),
(522633, 522600, ',520000,522600,522633', 3, '从江县', 'mainland'),
(522634, 522600, ',520000,522600,522634', 3, '雷山县', 'mainland'),
(522635, 522600, ',520000,522600,522635', 3, '麻江县', 'mainland'),
(522636, 522600, ',520000,522600,522636', 3, '丹寨县', 'mainland'),
(522637, 522600, ',520000,522600,522637', 3, '其它区', 'mainland'),
(522700, 520000, ',520000,522700', 2, '黔南布依族苗族自治州', 'mainland'),
(522701, 522700, ',520000,522700,522701', 3, '都匀市', 'mainland'),
(522702, 522700, ',520000,522700,522702', 3, '福泉市', 'mainland'),
(522722, 522700, ',520000,522700,522722', 3, '荔波县', 'mainland'),
(522723, 522700, ',520000,522700,522723', 3, '贵定县', 'mainland'),
(522725, 522700, ',520000,522700,522725', 3, '瓮安县', 'mainland'),
(522726, 522700, ',520000,522700,522726', 3, '独山县', 'mainland'),
(522727, 522700, ',520000,522700,522727', 3, '平塘县', 'mainland'),
(522728, 522700, ',520000,522700,522728', 3, '罗甸县', 'mainland');
INSERT INTO `area` (`area_id`, `parent_id`, `path`, `grade`, `name`, `language`) VALUES
(522729, 522700, ',520000,522700,522729', 3, '长顺县', 'mainland'),
(522730, 522700, ',520000,522700,522730', 3, '龙里县', 'mainland'),
(522731, 522700, ',520000,522700,522731', 3, '惠水县', 'mainland'),
(522732, 522700, ',520000,522700,522732', 3, '三都水族自治县', 'mainland'),
(522733, 522700, ',520000,522700,522733', 3, '其它区', 'mainland'),
(530000, 100000, ',530000', 1, '云南省', 'mainland'),
(530100, 530000, ',530000,530100', 2, '昆明市', 'mainland'),
(530102, 530100, ',530000,530100,530102', 3, '五华区', 'mainland'),
(530103, 530100, ',530000,530100,530103', 3, '盘龙区', 'mainland'),
(530111, 530100, ',530000,530100,530111', 3, '官渡区', 'mainland'),
(530112, 530100, ',530000,530100,530112', 3, '西山区', 'mainland'),
(530113, 530100, ',530000,530100,530113', 3, '东川区', 'mainland'),
(530121, 530100, ',530000,530100,530121', 3, '呈贡县', 'mainland'),
(530122, 530100, ',530000,530100,530122', 3, '晋宁县', 'mainland'),
(530124, 530100, ',530000,530100,530124', 3, '富民县', 'mainland'),
(530125, 530100, ',530000,530100,530125', 3, '宜良县', 'mainland'),
(530126, 530100, ',530000,530100,530126', 3, '石林彝族自治县', 'mainland'),
(530127, 530100, ',530000,530100,530127', 3, '嵩明县', 'mainland'),
(530128, 530100, ',530000,530100,530128', 3, '禄劝彝族苗族自治县', 'mainland'),
(530129, 530100, ',530000,530100,530129', 3, '寻甸回族彝族自治县', 'mainland'),
(530181, 530100, ',530000,530100,530181', 3, '安宁市', 'mainland'),
(530182, 530100, ',530000,530100,530182', 3, '其它区', 'mainland'),
(530300, 530000, ',530000,530300', 2, '曲靖市', 'mainland'),
(530302, 530300, ',530000,530300,530302', 3, '麒麟区', 'mainland'),
(530321, 530300, ',530000,530300,530321', 3, '马龙县', 'mainland'),
(530322, 530300, ',530000,530300,530322', 3, '陆良县', 'mainland'),
(530323, 530300, ',530000,530300,530323', 3, '师宗县', 'mainland'),
(530324, 530300, ',530000,530300,530324', 3, '罗平县', 'mainland'),
(530325, 530300, ',530000,530300,530325', 3, '富源县', 'mainland'),
(530326, 530300, ',530000,530300,530326', 3, '会泽县', 'mainland'),
(530328, 530300, ',530000,530300,530328', 3, '沾益县', 'mainland'),
(530381, 530300, ',530000,530300,530381', 3, '宣威市', 'mainland'),
(530382, 530300, ',530000,530300,530382', 3, '其它区', 'mainland'),
(530400, 530000, ',530000,530400', 2, '玉溪市', 'mainland'),
(530402, 530400, ',530000,530400,530402', 3, '红塔区', 'mainland'),
(530421, 530400, ',530000,530400,530421', 3, '江川县', 'mainland'),
(530422, 530400, ',530000,530400,530422', 3, '澄江县', 'mainland'),
(530423, 530400, ',530000,530400,530423', 3, '通海县', 'mainland'),
(530424, 530400, ',530000,530400,530424', 3, '华宁县', 'mainland'),
(530425, 530400, ',530000,530400,530425', 3, '易门县', 'mainland'),
(530426, 530400, ',530000,530400,530426', 3, '峨山彝族自治县', 'mainland'),
(530427, 530400, ',530000,530400,530427', 3, '新平彝族傣族自治县', 'mainland'),
(530428, 530400, ',530000,530400,530428', 3, '元江哈尼族彝族傣族自治县', 'mainland'),
(530429, 530400, ',530000,530400,530429', 3, '其它区', 'mainland'),
(530500, 530000, ',530000,530500', 2, '保山市', 'mainland'),
(530502, 530500, ',530000,530500,530502', 3, '隆阳区', 'mainland'),
(530521, 530500, ',530000,530500,530521', 3, '施甸县', 'mainland'),
(530522, 530500, ',530000,530500,530522', 3, '腾冲县', 'mainland'),
(530523, 530500, ',530000,530500,530523', 3, '龙陵县', 'mainland'),
(530524, 530500, ',530000,530500,530524', 3, '昌宁县', 'mainland'),
(530525, 530500, ',530000,530500,530525', 3, '其它区', 'mainland'),
(530600, 530000, ',530000,530600', 2, '昭通市', 'mainland'),
(530602, 530600, ',530000,530600,530602', 3, '昭阳区', 'mainland'),
(530621, 530600, ',530000,530600,530621', 3, '鲁甸县', 'mainland'),
(530622, 530600, ',530000,530600,530622', 3, '巧家县', 'mainland'),
(530623, 530600, ',530000,530600,530623', 3, '盐津县', 'mainland'),
(530624, 530600, ',530000,530600,530624', 3, '大关县', 'mainland'),
(530625, 530600, ',530000,530600,530625', 3, '永善县', 'mainland'),
(530626, 530600, ',530000,530600,530626', 3, '绥江县', 'mainland'),
(530627, 530600, ',530000,530600,530627', 3, '镇雄县', 'mainland'),
(530628, 530600, ',530000,530600,530628', 3, '彝良县', 'mainland'),
(530629, 530600, ',530000,530600,530629', 3, '威信县', 'mainland'),
(530630, 530600, ',530000,530600,530630', 3, '水富县', 'mainland'),
(530631, 530600, ',530000,530600,530631', 3, '其它区', 'mainland'),
(530700, 530000, ',530000,530700', 2, '丽江市', 'mainland'),
(530702, 530700, ',530000,530700,530702', 3, '古城区', 'mainland'),
(530721, 530700, ',530000,530700,530721', 3, '玉龙纳西族自治县', 'mainland'),
(530722, 530700, ',530000,530700,530722', 3, '永胜县', 'mainland'),
(530723, 530700, ',530000,530700,530723', 3, '华坪县', 'mainland'),
(530724, 530700, ',530000,530700,530724', 3, '宁蒗彝族自治县', 'mainland'),
(530725, 530700, ',530000,530700,530725', 3, '其它区', 'mainland'),
(530800, 530000, ',530000,530800', 2, '普洱市', 'mainland'),
(530802, 530800, ',530000,530800,530802', 3, '思茅区', 'mainland'),
(530821, 530800, ',530000,530800,530821', 3, '宁洱哈尼族彝族自治县', 'mainland'),
(530822, 530800, ',530000,530800,530822', 3, '墨江哈尼族自治县', 'mainland'),
(530823, 530800, ',530000,530800,530823', 3, '景东彝族自治县', 'mainland'),
(530824, 530800, ',530000,530800,530824', 3, '景谷傣族彝族自治县', 'mainland'),
(530825, 530800, ',530000,530800,530825', 3, '镇沅彝族哈尼族拉祜族自治县', 'mainland'),
(530826, 530800, ',530000,530800,530826', 3, '江城哈尼族彝族自治县', 'mainland'),
(530827, 530800, ',530000,530800,530827', 3, '孟连傣族拉祜族佤族自治县', 'mainland'),
(530828, 530800, ',530000,530800,530828', 3, '澜沧拉祜族自治县', 'mainland'),
(530829, 530800, ',530000,530800,530829', 3, '西盟佤族自治县', 'mainland'),
(530830, 530800, ',530000,530800,530830', 3, '其它区', 'mainland'),
(530900, 530000, ',530000,530900', 2, '临沧市', 'mainland'),
(530902, 530900, ',530000,530900,530902', 3, '临翔区', 'mainland'),
(530921, 530900, ',530000,530900,530921', 3, '凤庆县', 'mainland'),
(530922, 530900, ',530000,530900,530922', 3, '云县', 'mainland'),
(530923, 530900, ',530000,530900,530923', 3, '永德县', 'mainland'),
(530924, 530900, ',530000,530900,530924', 3, '镇康县', 'mainland'),
(530925, 530900, ',530000,530900,530925', 3, '双江拉祜族佤族布朗族傣族自治县', 'mainland'),
(530926, 530900, ',530000,530900,530926', 3, '耿马傣族佤族自治县', 'mainland'),
(530927, 530900, ',530000,530900,530927', 3, '沧源佤族自治县', 'mainland'),
(530928, 530900, ',530000,530900,530928', 3, '其它区', 'mainland'),
(532300, 530000, ',530000,532300', 2, '楚雄彝族自治州', 'mainland'),
(532301, 532300, ',530000,532300,532301', 3, '楚雄市', 'mainland'),
(532322, 532300, ',530000,532300,532322', 3, '双柏县', 'mainland'),
(532323, 532300, ',530000,532300,532323', 3, '牟定县', 'mainland'),
(532324, 532300, ',530000,532300,532324', 3, '南华县', 'mainland'),
(532325, 532300, ',530000,532300,532325', 3, '姚安县', 'mainland'),
(532326, 532300, ',530000,532300,532326', 3, '大姚县', 'mainland'),
(532327, 532300, ',530000,532300,532327', 3, '永仁县', 'mainland'),
(532328, 532300, ',530000,532300,532328', 3, '元谋县', 'mainland'),
(532329, 532300, ',530000,532300,532329', 3, '武定县', 'mainland'),
(532331, 532300, ',530000,532300,532331', 3, '禄丰县', 'mainland'),
(532332, 532300, ',530000,532300,532332', 3, '其它区', 'mainland'),
(532500, 530000, ',530000,532500', 2, '红河哈尼族彝族自治州', 'mainland'),
(532501, 532500, ',530000,532500,532501', 3, '个旧市', 'mainland'),
(532502, 532500, ',530000,532500,532502', 3, '开远市', 'mainland'),
(532522, 532500, ',530000,532500,532522', 3, '蒙自县', 'mainland'),
(532523, 532500, ',530000,532500,532523', 3, '屏边苗族自治县', 'mainland'),
(532524, 532500, ',530000,532500,532524', 3, '建水县', 'mainland'),
(532525, 532500, ',530000,532500,532525', 3, '石屏县', 'mainland'),
(532526, 532500, ',530000,532500,532526', 3, '弥勒县', 'mainland'),
(532527, 532500, ',530000,532500,532527', 3, '泸西县', 'mainland'),
(532528, 532500, ',530000,532500,532528', 3, '元阳县', 'mainland'),
(532529, 532500, ',530000,532500,532529', 3, '红河县', 'mainland'),
(532530, 532500, ',530000,532500,532530', 3, '金平苗族瑶族傣族自治县', 'mainland'),
(532531, 532500, ',530000,532500,532531', 3, '绿春县', 'mainland'),
(532532, 532500, ',530000,532500,532532', 3, '河口瑶族自治县', 'mainland'),
(532533, 532500, ',530000,532500,532533', 3, '其它区', 'mainland'),
(532600, 530000, ',530000,532600', 2, '文山壮族苗族自治州', 'mainland'),
(532621, 532600, ',530000,532600,532621', 3, '文山县', 'mainland'),
(532622, 532600, ',530000,532600,532622', 3, '砚山县', 'mainland'),
(532623, 532600, ',530000,532600,532623', 3, '西畴县', 'mainland'),
(532624, 532600, ',530000,532600,532624', 3, '麻栗坡县', 'mainland'),
(532625, 532600, ',530000,532600,532625', 3, '马关县', 'mainland'),
(532626, 532600, ',530000,532600,532626', 3, '丘北县', 'mainland'),
(532627, 532600, ',530000,532600,532627', 3, '广南县', 'mainland'),
(532628, 532600, ',530000,532600,532628', 3, '富宁县', 'mainland'),
(532629, 532600, ',530000,532600,532629', 3, '其它区', 'mainland'),
(532800, 530000, ',530000,532800', 2, '西双版纳傣族自治州', 'mainland'),
(532801, 532800, ',530000,532800,532801', 3, '景洪市', 'mainland'),
(532822, 532800, ',530000,532800,532822', 3, '勐海县', 'mainland'),
(532823, 532800, ',530000,532800,532823', 3, '勐腊县', 'mainland'),
(532824, 532800, ',530000,532800,532824', 3, '其它区', 'mainland'),
(532900, 530000, ',530000,532900', 2, '大理白族自治州', 'mainland'),
(532901, 532900, ',530000,532900,532901', 3, '大理市', 'mainland'),
(532922, 532900, ',530000,532900,532922', 3, '漾濞彝族自治县', 'mainland'),
(532923, 532900, ',530000,532900,532923', 3, '祥云县', 'mainland'),
(532924, 532900, ',530000,532900,532924', 3, '宾川县', 'mainland'),
(532925, 532900, ',530000,532900,532925', 3, '弥渡县', 'mainland'),
(532926, 532900, ',530000,532900,532926', 3, '南涧彝族自治县', 'mainland'),
(532927, 532900, ',530000,532900,532927', 3, '巍山彝族回族自治县', 'mainland'),
(532928, 532900, ',530000,532900,532928', 3, '永平县', 'mainland'),
(532929, 532900, ',530000,532900,532929', 3, '云龙县', 'mainland'),
(532930, 532900, ',530000,532900,532930', 3, '洱源县', 'mainland'),
(532931, 532900, ',530000,532900,532931', 3, '剑川县', 'mainland'),
(532932, 532900, ',530000,532900,532932', 3, '鹤庆县', 'mainland'),
(532933, 532900, ',530000,532900,532933', 3, '其它区', 'mainland'),
(533100, 530000, ',530000,533100', 2, '德宏傣族景颇族自治州', 'mainland'),
(533102, 533100, ',530000,533100,533102', 3, '瑞丽市', 'mainland'),
(533103, 533100, ',530000,533100,533103', 3, '潞西市', 'mainland'),
(533122, 533100, ',530000,533100,533122', 3, '梁河县', 'mainland'),
(533123, 533100, ',530000,533100,533123', 3, '盈江县', 'mainland'),
(533124, 533100, ',530000,533100,533124', 3, '陇川县', 'mainland'),
(533125, 533100, ',530000,533100,533125', 3, '其它区', 'mainland'),
(533300, 530000, ',530000,533300', 2, '怒江傈僳族自治州', 'mainland'),
(533321, 533300, ',530000,533300,533321', 3, '泸水县', 'mainland'),
(533323, 533300, ',530000,533300,533323', 3, '福贡县', 'mainland'),
(533324, 533300, ',530000,533300,533324', 3, '贡山独龙族怒族自治县', 'mainland'),
(533325, 533300, ',530000,533300,533325', 3, '兰坪白族普米族自治县', 'mainland'),
(533326, 533300, ',530000,533300,533326', 3, '其它区', 'mainland'),
(533400, 530000, ',530000,533400', 2, '迪庆藏族自治州', 'mainland'),
(533421, 533400, ',530000,533400,533421', 3, '香格里拉县', 'mainland'),
(533422, 533400, ',530000,533400,533422', 3, '德钦县', 'mainland'),
(533423, 533400, ',530000,533400,533423', 3, '维西傈僳族自治县', 'mainland'),
(533424, 533400, ',530000,533400,533424', 3, '其它区', 'mainland'),
(540000, 100000, ',540000', 1, '西藏自治区', 'mainland'),
(540100, 540000, ',540000,540100', 2, '拉萨市', 'mainland'),
(540102, 540100, ',540000,540100,540102', 3, '城关区', 'mainland'),
(540121, 540100, ',540000,540100,540121', 3, '林周县', 'mainland'),
(540122, 540100, ',540000,540100,540122', 3, '当雄县', 'mainland'),
(540123, 540100, ',540000,540100,540123', 3, '尼木县', 'mainland'),
(540124, 540100, ',540000,540100,540124', 3, '曲水县', 'mainland'),
(540125, 540100, ',540000,540100,540125', 3, '堆龙德庆县', 'mainland'),
(540126, 540100, ',540000,540100,540126', 3, '达孜县', 'mainland'),
(540127, 540100, ',540000,540100,540127', 3, '墨竹工卡县', 'mainland'),
(540128, 540100, ',540000,540100,540128', 3, '其它区', 'mainland'),
(542100, 540000, ',540000,542100', 2, '昌都地区', 'mainland'),
(542121, 542100, ',540000,542100,542121', 3, '昌都县', 'mainland'),
(542122, 542100, ',540000,542100,542122', 3, '江达县', 'mainland'),
(542123, 542100, ',540000,542100,542123', 3, '贡觉县', 'mainland'),
(542124, 542100, ',540000,542100,542124', 3, '类乌齐县', 'mainland'),
(542125, 542100, ',540000,542100,542125', 3, '丁青县', 'mainland'),
(542126, 542100, ',540000,542100,542126', 3, '察雅县', 'mainland'),
(542127, 542100, ',540000,542100,542127', 3, '八宿县', 'mainland'),
(542128, 542100, ',540000,542100,542128', 3, '左贡县', 'mainland'),
(542129, 542100, ',540000,542100,542129', 3, '芒康县', 'mainland'),
(542132, 542100, ',540000,542100,542132', 3, '洛隆县', 'mainland'),
(542133, 542100, ',540000,542100,542133', 3, '边坝县', 'mainland'),
(542134, 542100, ',540000,542100,542134', 3, '其它区', 'mainland'),
(542200, 540000, ',540000,542200', 2, '山南地区', 'mainland'),
(542221, 542200, ',540000,542200,542221', 3, '乃东县', 'mainland'),
(542222, 542200, ',540000,542200,542222', 3, '扎囊县', 'mainland'),
(542223, 542200, ',540000,542200,542223', 3, '贡嘎县', 'mainland'),
(542224, 542200, ',540000,542200,542224', 3, '桑日县', 'mainland'),
(542225, 542200, ',540000,542200,542225', 3, '琼结县', 'mainland'),
(542226, 542200, ',540000,542200,542226', 3, '曲松县', 'mainland'),
(542227, 542200, ',540000,542200,542227', 3, '措美县', 'mainland'),
(542228, 542200, ',540000,542200,542228', 3, '洛扎县', 'mainland'),
(542229, 542200, ',540000,542200,542229', 3, '加查县', 'mainland'),
(542231, 542200, ',540000,542200,542231', 3, '隆子县', 'mainland'),
(542232, 542200, ',540000,542200,542232', 3, '错那县', 'mainland'),
(542233, 542200, ',540000,542200,542233', 3, '浪卡子县', 'mainland'),
(542234, 542200, ',540000,542200,542234', 3, '其它区', 'mainland'),
(542300, 540000, ',540000,542300', 2, '日喀则地区', 'mainland'),
(542301, 542300, ',540000,542300,542301', 3, '日喀则市', 'mainland'),
(542322, 542300, ',540000,542300,542322', 3, '南木林县', 'mainland'),
(542323, 542300, ',540000,542300,542323', 3, '江孜县', 'mainland'),
(542324, 542300, ',540000,542300,542324', 3, '定日县', 'mainland'),
(542325, 542300, ',540000,542300,542325', 3, '萨迦县', 'mainland'),
(542326, 542300, ',540000,542300,542326', 3, '拉孜县', 'mainland'),
(542327, 542300, ',540000,542300,542327', 3, '昂仁县', 'mainland'),
(542328, 542300, ',540000,542300,542328', 3, '谢通门县', 'mainland'),
(542329, 542300, ',540000,542300,542329', 3, '白朗县', 'mainland'),
(542330, 542300, ',540000,542300,542330', 3, '仁布县', 'mainland'),
(542331, 542300, ',540000,542300,542331', 3, '康马县', 'mainland'),
(542332, 542300, ',540000,542300,542332', 3, '定结县', 'mainland'),
(542333, 542300, ',540000,542300,542333', 3, '仲巴县', 'mainland'),
(542334, 542300, ',540000,542300,542334', 3, '亚东县', 'mainland'),
(542335, 542300, ',540000,542300,542335', 3, '吉隆县', 'mainland'),
(542336, 542300, ',540000,542300,542336', 3, '聂拉木县', 'mainland'),
(542337, 542300, ',540000,542300,542337', 3, '萨嘎县', 'mainland'),
(542338, 542300, ',540000,542300,542338', 3, '岗巴县', 'mainland'),
(542339, 542300, ',540000,542300,542339', 3, '其它区', 'mainland'),
(542400, 540000, ',540000,542400', 2, '那曲地区', 'mainland'),
(542421, 542400, ',540000,542400,542421', 3, '那曲县', 'mainland'),
(542422, 542400, ',540000,542400,542422', 3, '嘉黎县', 'mainland'),
(542423, 542400, ',540000,542400,542423', 3, '比如县', 'mainland'),
(542424, 542400, ',540000,542400,542424', 3, '聂荣县', 'mainland'),
(542425, 542400, ',540000,542400,542425', 3, '安多县', 'mainland'),
(542426, 542400, ',540000,542400,542426', 3, '申扎县', 'mainland'),
(542427, 542400, ',540000,542400,542427', 3, '索县', 'mainland'),
(542428, 542400, ',540000,542400,542428', 3, '班戈县', 'mainland'),
(542429, 542400, ',540000,542400,542429', 3, '巴青县', 'mainland'),
(542430, 542400, ',540000,542400,542430', 3, '尼玛县', 'mainland'),
(542431, 542400, ',540000,542400,542431', 3, '其它区', 'mainland'),
(542500, 540000, ',540000,542500', 2, '阿里地区', 'mainland'),
(542521, 542500, ',540000,542500,542521', 3, '普兰县', 'mainland'),
(542522, 542500, ',540000,542500,542522', 3, '札达县', 'mainland'),
(542523, 542500, ',540000,542500,542523', 3, '噶尔县', 'mainland'),
(542524, 542500, ',540000,542500,542524', 3, '日土县', 'mainland'),
(542525, 542500, ',540000,542500,542525', 3, '革吉县', 'mainland'),
(542526, 542500, ',540000,542500,542526', 3, '改则县', 'mainland'),
(542527, 542500, ',540000,542500,542527', 3, '措勤县', 'mainland'),
(542528, 542500, ',540000,542500,542528', 3, '其它区', 'mainland'),
(542600, 540000, ',540000,542600', 2, '林芝地区', 'mainland'),
(542621, 542600, ',540000,542600,542621', 3, '林芝县', 'mainland'),
(542622, 542600, ',540000,542600,542622', 3, '工布江达县', 'mainland'),
(542623, 542600, ',540000,542600,542623', 3, '米林县', 'mainland'),
(542624, 542600, ',540000,542600,542624', 3, '墨脱县', 'mainland'),
(542625, 542600, ',540000,542600,542625', 3, '波密县', 'mainland'),
(542626, 542600, ',540000,542600,542626', 3, '察隅县', 'mainland'),
(542627, 542600, ',540000,542600,542627', 3, '朗县', 'mainland'),
(542628, 542600, ',540000,542600,542628', 3, '其它区', 'mainland'),
(610000, 100000, ',610000', 1, '陕西省', 'mainland'),
(610100, 610000, ',610000,610100', 2, '西安市', 'mainland'),
(610102, 610100, ',610000,610100,610102', 3, '新城区', 'mainland'),
(610103, 610100, ',610000,610100,610103', 3, '碑林区', 'mainland'),
(610104, 610100, ',610000,610100,610104', 3, '莲湖区', 'mainland'),
(610111, 610100, ',610000,610100,610111', 3, '灞桥区', 'mainland'),
(610112, 610100, ',610000,610100,610112', 3, '未央区', 'mainland'),
(610113, 610100, ',610000,610100,610113', 3, '雁塔区', 'mainland'),
(610114, 610100, ',610000,610100,610114', 3, '阎良区', 'mainland'),
(610115, 610100, ',610000,610100,610115', 3, '临潼区', 'mainland'),
(610116, 610100, ',610000,610100,610116', 3, '长安区', 'mainland'),
(610122, 610100, ',610000,610100,610122', 3, '蓝田县', 'mainland'),
(610124, 610100, ',610000,610100,610124', 3, '周至县', 'mainland'),
(610125, 610100, ',610000,610100,610125', 3, '户县', 'mainland'),
(610126, 610100, ',610000,610100,610126', 3, '高陵县', 'mainland'),
(610127, 610100, ',610000,610100,610127', 3, '其它区', 'mainland'),
(610200, 610000, ',610000,610200', 2, '铜川市', 'mainland'),
(610202, 610200, ',610000,610200,610202', 3, '王益区', 'mainland'),
(610203, 610200, ',610000,610200,610203', 3, '印台区', 'mainland'),
(610204, 610200, ',610000,610200,610204', 3, '耀州区', 'mainland'),
(610222, 610200, ',610000,610200,610222', 3, '宜君县', 'mainland'),
(610223, 610200, ',610000,610200,610223', 3, '其它区', 'mainland'),
(610300, 610000, ',610000,610300', 2, '宝鸡市', 'mainland'),
(610302, 610300, ',610000,610300,610302', 3, '渭滨区', 'mainland'),
(610303, 610300, ',610000,610300,610303', 3, '金台区', 'mainland'),
(610304, 610300, ',610000,610300,610304', 3, '陈仓区', 'mainland'),
(610322, 610300, ',610000,610300,610322', 3, '凤翔县', 'mainland'),
(610323, 610300, ',610000,610300,610323', 3, '岐山县', 'mainland'),
(610324, 610300, ',610000,610300,610324', 3, '扶风县', 'mainland'),
(610326, 610300, ',610000,610300,610326', 3, '眉县', 'mainland'),
(610327, 610300, ',610000,610300,610327', 3, '陇县', 'mainland'),
(610328, 610300, ',610000,610300,610328', 3, '千阳县', 'mainland'),
(610329, 610300, ',610000,610300,610329', 3, '麟游县', 'mainland'),
(610330, 610300, ',610000,610300,610330', 3, '凤县', 'mainland'),
(610331, 610300, ',610000,610300,610331', 3, '太白县', 'mainland'),
(610332, 610300, ',610000,610300,610332', 3, '其它区', 'mainland'),
(610400, 610000, ',610000,610400', 2, '咸阳市', 'mainland'),
(610402, 610400, ',610000,610400,610402', 3, '秦都区', 'mainland'),
(610403, 610400, ',610000,610400,610403', 3, '杨凌区', 'mainland'),
(610404, 610400, ',610000,610400,610404', 3, '渭城区', 'mainland'),
(610422, 610400, ',610000,610400,610422', 3, '三原县', 'mainland'),
(610423, 610400, ',610000,610400,610423', 3, '泾阳县', 'mainland'),
(610424, 610400, ',610000,610400,610424', 3, '乾县', 'mainland'),
(610425, 610400, ',610000,610400,610425', 3, '礼泉县', 'mainland'),
(610426, 610400, ',610000,610400,610426', 3, '永寿县', 'mainland'),
(610427, 610400, ',610000,610400,610427', 3, '彬县', 'mainland'),
(610428, 610400, ',610000,610400,610428', 3, '长武县', 'mainland'),
(610429, 610400, ',610000,610400,610429', 3, '旬邑县', 'mainland'),
(610430, 610400, ',610000,610400,610430', 3, '淳化县', 'mainland'),
(610431, 610400, ',610000,610400,610431', 3, '武功县', 'mainland'),
(610481, 610400, ',610000,610400,610481', 3, '兴平市', 'mainland'),
(610482, 610400, ',610000,610400,610482', 3, '其它区', 'mainland'),
(610500, 610000, ',610000,610500', 2, '渭南市', 'mainland'),
(610502, 610500, ',610000,610500,610502', 3, '临渭区', 'mainland'),
(610521, 610500, ',610000,610500,610521', 3, '华县', 'mainland'),
(610522, 610500, ',610000,610500,610522', 3, '潼关县', 'mainland'),
(610523, 610500, ',610000,610500,610523', 3, '大荔县', 'mainland'),
(610524, 610500, ',610000,610500,610524', 3, '合阳县', 'mainland'),
(610525, 610500, ',610000,610500,610525', 3, '澄城县', 'mainland'),
(610526, 610500, ',610000,610500,610526', 3, '蒲城县', 'mainland'),
(610527, 610500, ',610000,610500,610527', 3, '白水县', 'mainland'),
(610528, 610500, ',610000,610500,610528', 3, '富平县', 'mainland'),
(610581, 610500, ',610000,610500,610581', 3, '韩城市', 'mainland'),
(610582, 610500, ',610000,610500,610582', 3, '华阴市', 'mainland'),
(610583, 610500, ',610000,610500,610583', 3, '其它区', 'mainland'),
(610600, 610000, ',610000,610600', 2, '延安市', 'mainland'),
(610602, 610600, ',610000,610600,610602', 3, '宝塔区', 'mainland'),
(610621, 610600, ',610000,610600,610621', 3, '延长县', 'mainland'),
(610622, 610600, ',610000,610600,610622', 3, '延川县', 'mainland'),
(610623, 610600, ',610000,610600,610623', 3, '子长县', 'mainland'),
(610624, 610600, ',610000,610600,610624', 3, '安塞县', 'mainland'),
(610625, 610600, ',610000,610600,610625', 3, '志丹县', 'mainland'),
(610626, 610600, ',610000,610600,610626', 3, '吴起县', 'mainland'),
(610627, 610600, ',610000,610600,610627', 3, '甘泉县', 'mainland'),
(610628, 610600, ',610000,610600,610628', 3, '富县', 'mainland'),
(610629, 610600, ',610000,610600,610629', 3, '洛川县', 'mainland'),
(610630, 610600, ',610000,610600,610630', 3, '宜川县', 'mainland'),
(610631, 610600, ',610000,610600,610631', 3, '黄龙县', 'mainland'),
(610632, 610600, ',610000,610600,610632', 3, '黄陵县', 'mainland'),
(610633, 610600, ',610000,610600,610633', 3, '其它区', 'mainland'),
(610700, 610000, ',610000,610700', 2, '汉中市', 'mainland'),
(610702, 610700, ',610000,610700,610702', 3, '汉台区', 'mainland'),
(610721, 610700, ',610000,610700,610721', 3, '南郑县', 'mainland'),
(610722, 610700, ',610000,610700,610722', 3, '城固县', 'mainland'),
(610723, 610700, ',610000,610700,610723', 3, '洋县', 'mainland'),
(610724, 610700, ',610000,610700,610724', 3, '西乡县', 'mainland'),
(610725, 610700, ',610000,610700,610725', 3, '勉县', 'mainland'),
(610726, 610700, ',610000,610700,610726', 3, '宁强县', 'mainland'),
(610727, 610700, ',610000,610700,610727', 3, '略阳县', 'mainland'),
(610728, 610700, ',610000,610700,610728', 3, '镇巴县', 'mainland'),
(610729, 610700, ',610000,610700,610729', 3, '留坝县', 'mainland'),
(610730, 610700, ',610000,610700,610730', 3, '佛坪县', 'mainland'),
(610731, 610700, ',610000,610700,610731', 3, '其它区', 'mainland'),
(610800, 610000, ',610000,610800', 2, '榆林市', 'mainland'),
(610802, 610800, ',610000,610800,610802', 3, '榆阳区', 'mainland'),
(610821, 610800, ',610000,610800,610821', 3, '神木县', 'mainland'),
(610822, 610800, ',610000,610800,610822', 3, '府谷县', 'mainland'),
(610823, 610800, ',610000,610800,610823', 3, '横山县', 'mainland'),
(610824, 610800, ',610000,610800,610824', 3, '靖边县', 'mainland'),
(610825, 610800, ',610000,610800,610825', 3, '定边县', 'mainland'),
(610826, 610800, ',610000,610800,610826', 3, '绥德县', 'mainland'),
(610827, 610800, ',610000,610800,610827', 3, '米脂县', 'mainland'),
(610828, 610800, ',610000,610800,610828', 3, '佳县', 'mainland'),
(610829, 610800, ',610000,610800,610829', 3, '吴堡县', 'mainland'),
(610830, 610800, ',610000,610800,610830', 3, '清涧县', 'mainland'),
(610831, 610800, ',610000,610800,610831', 3, '子洲县', 'mainland'),
(610832, 610800, ',610000,610800,610832', 3, '其它区', 'mainland'),
(610900, 610000, ',610000,610900', 2, '安康市', 'mainland'),
(610902, 610900, ',610000,610900,610902', 3, '汉滨区', 'mainland'),
(610921, 610900, ',610000,610900,610921', 3, '汉阴县', 'mainland'),
(610922, 610900, ',610000,610900,610922', 3, '石泉县', 'mainland'),
(610923, 610900, ',610000,610900,610923', 3, '宁陕县', 'mainland'),
(610924, 610900, ',610000,610900,610924', 3, '紫阳县', 'mainland'),
(610925, 610900, ',610000,610900,610925', 3, '岚皋县', 'mainland'),
(610926, 610900, ',610000,610900,610926', 3, '平利县', 'mainland'),
(610927, 610900, ',610000,610900,610927', 3, '镇坪县', 'mainland'),
(610928, 610900, ',610000,610900,610928', 3, '旬阳县', 'mainland'),
(610929, 610900, ',610000,610900,610929', 3, '白河县', 'mainland'),
(610930, 610900, ',610000,610900,610930', 3, '其它区', 'mainland'),
(611000, 610000, ',610000,611000', 2, '商洛市', 'mainland'),
(611002, 611000, ',610000,611000,611002', 3, '商州区', 'mainland'),
(611021, 611000, ',610000,611000,611021', 3, '洛南县', 'mainland'),
(611022, 611000, ',610000,611000,611022', 3, '丹凤县', 'mainland'),
(611023, 611000, ',610000,611000,611023', 3, '商南县', 'mainland'),
(611024, 611000, ',610000,611000,611024', 3, '山阳县', 'mainland'),
(611025, 611000, ',610000,611000,611025', 3, '镇安县', 'mainland'),
(611026, 611000, ',610000,611000,611026', 3, '柞水县', 'mainland'),
(611027, 611000, ',610000,611000,611027', 3, '其它区', 'mainland'),
(620000, 100000, ',620000', 1, '甘肃省', 'mainland'),
(620100, 620000, ',620000,620100', 2, '兰州市', 'mainland'),
(620102, 620100, ',620000,620100,620102', 3, '城关区', 'mainland'),
(620103, 620100, ',620000,620100,620103', 3, '七里河区', 'mainland'),
(620104, 620100, ',620000,620100,620104', 3, '西固区', 'mainland'),
(620105, 620100, ',620000,620100,620105', 3, '安宁区', 'mainland'),
(620111, 620100, ',620000,620100,620111', 3, '红古区', 'mainland'),
(620121, 620100, ',620000,620100,620121', 3, '永登县', 'mainland'),
(620122, 620100, ',620000,620100,620122', 3, '皋兰县', 'mainland'),
(620123, 620100, ',620000,620100,620123', 3, '榆中县', 'mainland'),
(620124, 620100, ',620000,620100,620124', 3, '其它区', 'mainland'),
(620200, 620000, ',620000,620200', 2, '嘉峪关市', 'mainland'),
(620300, 620000, ',620000,620300', 2, '金昌市', 'mainland'),
(620302, 620300, ',620000,620300,620302', 3, '金川区', 'mainland'),
(620321, 620300, ',620000,620300,620321', 3, '永昌县', 'mainland'),
(620322, 620300, ',620000,620300,620322', 3, '其它区', 'mainland'),
(620400, 620000, ',620000,620400', 2, '白银市', 'mainland'),
(620402, 620400, ',620000,620400,620402', 3, '白银区', 'mainland'),
(620403, 620400, ',620000,620400,620403', 3, '平川区', 'mainland'),
(620421, 620400, ',620000,620400,620421', 3, '靖远县', 'mainland'),
(620422, 620400, ',620000,620400,620422', 3, '会宁县', 'mainland'),
(620423, 620400, ',620000,620400,620423', 3, '景泰县', 'mainland'),
(620424, 620400, ',620000,620400,620424', 3, '其它区', 'mainland'),
(620500, 620000, ',620000,620500', 2, '天水市', 'mainland'),
(620502, 620500, ',620000,620500,620502', 3, '秦州区', 'mainland'),
(620503, 620500, ',620000,620500,620503', 3, '麦积区', 'mainland'),
(620521, 620500, ',620000,620500,620521', 3, '清水县', 'mainland'),
(620522, 620500, ',620000,620500,620522', 3, '秦安县', 'mainland'),
(620523, 620500, ',620000,620500,620523', 3, '甘谷县', 'mainland'),
(620524, 620500, ',620000,620500,620524', 3, '武山县', 'mainland'),
(620525, 620500, ',620000,620500,620525', 3, '张家川回族自治县', 'mainland'),
(620526, 620500, ',620000,620500,620526', 3, '其它区', 'mainland'),
(620600, 620000, ',620000,620600', 2, '武威市', 'mainland'),
(620602, 620600, ',620000,620600,620602', 3, '凉州区', 'mainland'),
(620621, 620600, ',620000,620600,620621', 3, '民勤县', 'mainland'),
(620622, 620600, ',620000,620600,620622', 3, '古浪县', 'mainland'),
(620623, 620600, ',620000,620600,620623', 3, '天祝藏族自治县', 'mainland'),
(620624, 620600, ',620000,620600,620624', 3, '其它区', 'mainland'),
(620700, 620000, ',620000,620700', 2, '张掖市', 'mainland'),
(620702, 620700, ',620000,620700,620702', 3, '甘州区', 'mainland'),
(620721, 620700, ',620000,620700,620721', 3, '肃南裕固族自治县', 'mainland'),
(620722, 620700, ',620000,620700,620722', 3, '民乐县', 'mainland'),
(620723, 620700, ',620000,620700,620723', 3, '临泽县', 'mainland'),
(620724, 620700, ',620000,620700,620724', 3, '高台县', 'mainland'),
(620725, 620700, ',620000,620700,620725', 3, '山丹县', 'mainland'),
(620726, 620700, ',620000,620700,620726', 3, '其它区', 'mainland'),
(620800, 620000, ',620000,620800', 2, '平凉市', 'mainland'),
(620802, 620800, ',620000,620800,620802', 3, '崆峒区', 'mainland'),
(620821, 620800, ',620000,620800,620821', 3, '泾川县', 'mainland'),
(620822, 620800, ',620000,620800,620822', 3, '灵台县', 'mainland'),
(620823, 620800, ',620000,620800,620823', 3, '崇信县', 'mainland'),
(620824, 620800, ',620000,620800,620824', 3, '华亭县', 'mainland'),
(620825, 620800, ',620000,620800,620825', 3, '庄浪县', 'mainland'),
(620826, 620800, ',620000,620800,620826', 3, '静宁县', 'mainland'),
(620827, 620800, ',620000,620800,620827', 3, '其它区', 'mainland'),
(620900, 620000, ',620000,620900', 2, '酒泉市', 'mainland'),
(620902, 620900, ',620000,620900,620902', 3, '肃州区', 'mainland'),
(620921, 620900, ',620000,620900,620921', 3, '金塔县', 'mainland'),
(620922, 620900, ',620000,620900,620922', 3, '安西县', 'mainland'),
(620923, 620900, ',620000,620900,620923', 3, '肃北蒙古族自治县', 'mainland'),
(620924, 620900, ',620000,620900,620924', 3, '阿克塞哈萨克族自治县', 'mainland'),
(620981, 620900, ',620000,620900,620981', 3, '玉门市', 'mainland'),
(620982, 620900, ',620000,620900,620982', 3, '敦煌市', 'mainland'),
(620983, 620900, ',620000,620900,620983', 3, '其它区', 'mainland'),
(621000, 620000, ',620000,621000', 2, '庆阳市', 'mainland'),
(621002, 621000, ',620000,621000,621002', 3, '西峰区', 'mainland'),
(621021, 621000, ',620000,621000,621021', 3, '庆城县', 'mainland'),
(621022, 621000, ',620000,621000,621022', 3, '环县', 'mainland'),
(621023, 621000, ',620000,621000,621023', 3, '华池县', 'mainland'),
(621024, 621000, ',620000,621000,621024', 3, '合水县', 'mainland'),
(621025, 621000, ',620000,621000,621025', 3, '正宁县', 'mainland'),
(621026, 621000, ',620000,621000,621026', 3, '宁县', 'mainland'),
(621027, 621000, ',620000,621000,621027', 3, '镇原县', 'mainland'),
(621028, 621000, ',620000,621000,621028', 3, '其它区', 'mainland'),
(621100, 620000, ',620000,621100', 2, '定西市', 'mainland'),
(621102, 621100, ',620000,621100,621102', 3, '安定区', 'mainland'),
(621121, 621100, ',620000,621100,621121', 3, '通渭县', 'mainland'),
(621122, 621100, ',620000,621100,621122', 3, '陇西县', 'mainland'),
(621123, 621100, ',620000,621100,621123', 3, '渭源县', 'mainland'),
(621124, 621100, ',620000,621100,621124', 3, '临洮县', 'mainland'),
(621125, 621100, ',620000,621100,621125', 3, '漳县', 'mainland'),
(621126, 621100, ',620000,621100,621126', 3, '岷县', 'mainland'),
(621127, 621100, ',620000,621100,621127', 3, '其它区', 'mainland'),
(621200, 620000, ',620000,621200', 2, '陇南市', 'mainland'),
(621202, 621200, ',620000,621200,621202', 3, '武都区', 'mainland'),
(621221, 621200, ',620000,621200,621221', 3, '成县', 'mainland'),
(621222, 621200, ',620000,621200,621222', 3, '文县', 'mainland'),
(621223, 621200, ',620000,621200,621223', 3, '宕昌县', 'mainland'),
(621224, 621200, ',620000,621200,621224', 3, '康县', 'mainland'),
(621225, 621200, ',620000,621200,621225', 3, '西和县', 'mainland'),
(621226, 621200, ',620000,621200,621226', 3, '礼县', 'mainland'),
(621227, 621200, ',620000,621200,621227', 3, '徽县', 'mainland'),
(621228, 621200, ',620000,621200,621228', 3, '两当县', 'mainland'),
(621229, 621200, ',620000,621200,621229', 3, '其它区', 'mainland'),
(622900, 620000, ',620000,622900', 2, '临夏回族自治州', 'mainland'),
(622901, 622900, ',620000,622900,622901', 3, '临夏市', 'mainland'),
(622921, 622900, ',620000,622900,622921', 3, '临夏县', 'mainland'),
(622922, 622900, ',620000,622900,622922', 3, '康乐县', 'mainland'),
(622923, 622900, ',620000,622900,622923', 3, '永靖县', 'mainland'),
(622924, 622900, ',620000,622900,622924', 3, '广河县', 'mainland'),
(622925, 622900, ',620000,622900,622925', 3, '和政县', 'mainland'),
(622926, 622900, ',620000,622900,622926', 3, '东乡族自治县', 'mainland'),
(622927, 622900, ',620000,622900,622927', 3, '积石山保安族东乡族撒拉族自治县', 'mainland'),
(622928, 622900, ',620000,622900,622928', 3, '其它区', 'mainland'),
(623000, 620000, ',620000,623000', 2, '甘南藏族自治州', 'mainland'),
(623001, 623000, ',620000,623000,623001', 3, '合作市', 'mainland'),
(623021, 623000, ',620000,623000,623021', 3, '临潭县', 'mainland'),
(623022, 623000, ',620000,623000,623022', 3, '卓尼县', 'mainland'),
(623023, 623000, ',620000,623000,623023', 3, '舟曲县', 'mainland'),
(623024, 623000, ',620000,623000,623024', 3, '迭部县', 'mainland'),
(623025, 623000, ',620000,623000,623025', 3, '玛曲县', 'mainland'),
(623026, 623000, ',620000,623000,623026', 3, '碌曲县', 'mainland'),
(623027, 623000, ',620000,623000,623027', 3, '夏河县', 'mainland'),
(623028, 623000, ',620000,623000,623028', 3, '其它区', 'mainland'),
(630000, 100000, ',630000', 1, '青海省', 'mainland'),
(630100, 630000, ',630000,630100', 2, '西宁市', 'mainland'),
(630102, 630100, ',630000,630100,630102', 3, '城东区', 'mainland'),
(630103, 630100, ',630000,630100,630103', 3, '城中区', 'mainland'),
(630104, 630100, ',630000,630100,630104', 3, '城西区', 'mainland'),
(630105, 630100, ',630000,630100,630105', 3, '城北区', 'mainland'),
(630121, 630100, ',630000,630100,630121', 3, '大通回族土族自治县', 'mainland'),
(630122, 630100, ',630000,630100,630122', 3, '湟中县', 'mainland'),
(630123, 630100, ',630000,630100,630123', 3, '湟源县', 'mainland'),
(630124, 630100, ',630000,630100,630124', 3, '其它区', 'mainland'),
(632100, 630000, ',630000,632100', 2, '海东地区', 'mainland'),
(632121, 632100, ',630000,632100,632121', 3, '平安县', 'mainland'),
(632122, 632100, ',630000,632100,632122', 3, '民和回族土族自治县', 'mainland'),
(632123, 632100, ',630000,632100,632123', 3, '乐都县', 'mainland'),
(632126, 632100, ',630000,632100,632126', 3, '互助土族自治县', 'mainland'),
(632127, 632100, ',630000,632100,632127', 3, '化隆回族自治县', 'mainland'),
(632128, 632100, ',630000,632100,632128', 3, '循化撒拉族自治县', 'mainland'),
(632129, 632100, ',630000,632100,632129', 3, '其它区', 'mainland'),
(632200, 630000, ',630000,632200', 2, '海北藏族自治州', 'mainland'),
(632221, 632200, ',630000,632200,632221', 3, '门源回族自治县', 'mainland'),
(632222, 632200, ',630000,632200,632222', 3, '祁连县', 'mainland'),
(632223, 632200, ',630000,632200,632223', 3, '海晏县', 'mainland'),
(632224, 632200, ',630000,632200,632224', 3, '刚察县', 'mainland'),
(632225, 632200, ',630000,632200,632225', 3, '其它区', 'mainland'),
(632300, 630000, ',630000,632300', 2, '黄南藏族自治州', 'mainland'),
(632321, 632300, ',630000,632300,632321', 3, '同仁县', 'mainland'),
(632322, 632300, ',630000,632300,632322', 3, '尖扎县', 'mainland'),
(632323, 632300, ',630000,632300,632323', 3, '泽库县', 'mainland'),
(632324, 632300, ',630000,632300,632324', 3, '河南蒙古族自治县', 'mainland'),
(632325, 632300, ',630000,632300,632325', 3, '其它区', 'mainland'),
(632500, 630000, ',630000,632500', 2, '海南藏族自治州', 'mainland'),
(632521, 632500, ',630000,632500,632521', 3, '共和县', 'mainland'),
(632522, 632500, ',630000,632500,632522', 3, '同德县', 'mainland'),
(632523, 632500, ',630000,632500,632523', 3, '贵德县', 'mainland'),
(632524, 632500, ',630000,632500,632524', 3, '兴海县', 'mainland'),
(632525, 632500, ',630000,632500,632525', 3, '贵南县', 'mainland'),
(632526, 632500, ',630000,632500,632526', 3, '其它区', 'mainland'),
(632600, 630000, ',630000,632600', 2, '果洛藏族自治州', 'mainland'),
(632621, 632600, ',630000,632600,632621', 3, '玛沁县', 'mainland'),
(632622, 632600, ',630000,632600,632622', 3, '班玛县', 'mainland'),
(632623, 632600, ',630000,632600,632623', 3, '甘德县', 'mainland'),
(632624, 632600, ',630000,632600,632624', 3, '达日县', 'mainland'),
(632625, 632600, ',630000,632600,632625', 3, '久治县', 'mainland'),
(632626, 632600, ',630000,632600,632626', 3, '玛多县', 'mainland'),
(632627, 632600, ',630000,632600,632627', 3, '其它区', 'mainland'),
(632700, 630000, ',630000,632700', 2, '玉树藏族自治州', 'mainland'),
(632721, 632700, ',630000,632700,632721', 3, '玉树县', 'mainland'),
(632722, 632700, ',630000,632700,632722', 3, '杂多县', 'mainland'),
(632723, 632700, ',630000,632700,632723', 3, '称多县', 'mainland'),
(632724, 632700, ',630000,632700,632724', 3, '治多县', 'mainland'),
(632725, 632700, ',630000,632700,632725', 3, '囊谦县', 'mainland'),
(632726, 632700, ',630000,632700,632726', 3, '曲麻莱县', 'mainland'),
(632727, 632700, ',630000,632700,632727', 3, '其它区', 'mainland'),
(632800, 630000, ',630000,632800', 2, '海西蒙古族藏族自治州', 'mainland'),
(632801, 632800, ',630000,632800,632801', 3, '格尔木市', 'mainland'),
(632802, 632800, ',630000,632800,632802', 3, '德令哈市', 'mainland'),
(632821, 632800, ',630000,632800,632821', 3, '乌兰县', 'mainland'),
(632822, 632800, ',630000,632800,632822', 3, '都兰县', 'mainland'),
(632823, 632800, ',630000,632800,632823', 3, '天峻县', 'mainland'),
(632824, 632800, ',630000,632800,632824', 3, '其它区', 'mainland'),
(640000, 100000, ',640000', 1, '宁夏回族自治区', 'mainland'),
(640100, 640000, ',640000,640100', 2, '银川市', 'mainland'),
(640104, 640100, ',640000,640100,640104', 3, '兴庆区', 'mainland'),
(640105, 640100, ',640000,640100,640105', 3, '西夏区', 'mainland'),
(640106, 640100, ',640000,640100,640106', 3, '金凤区', 'mainland'),
(640121, 640100, ',640000,640100,640121', 3, '永宁县', 'mainland'),
(640122, 640100, ',640000,640100,640122', 3, '贺兰县', 'mainland'),
(640181, 640100, ',640000,640100,640181', 3, '灵武市', 'mainland'),
(640182, 640100, ',640000,640100,640182', 3, '其它区', 'mainland'),
(640200, 640000, ',640000,640200', 2, '石嘴山市', 'mainland'),
(640202, 640200, ',640000,640200,640202', 3, '大武口区', 'mainland'),
(640205, 640200, ',640000,640200,640205', 3, '惠农区', 'mainland'),
(640221, 640200, ',640000,640200,640221', 3, '平罗县', 'mainland'),
(640222, 640200, ',640000,640200,640222', 3, '其它区', 'mainland'),
(640300, 640000, ',640000,640300', 2, '吴忠市', 'mainland'),
(640302, 640300, ',640000,640300,640302', 3, '利通区', 'mainland'),
(640323, 640300, ',640000,640300,640323', 3, '盐池县', 'mainland'),
(640324, 640300, ',640000,640300,640324', 3, '同心县', 'mainland'),
(640381, 640300, ',640000,640300,640381', 3, '青铜峡市', 'mainland'),
(640382, 640300, ',640000,640300,640382', 3, '其它区', 'mainland'),
(640400, 640000, ',640000,640400', 2, '固原市', 'mainland'),
(640402, 640400, ',640000,640400,640402', 3, '原州区', 'mainland'),
(640422, 640400, ',640000,640400,640422', 3, '西吉县', 'mainland'),
(640423, 640400, ',640000,640400,640423', 3, '隆德县', 'mainland'),
(640424, 640400, ',640000,640400,640424', 3, '泾源县', 'mainland'),
(640425, 640400, ',640000,640400,640425', 3, '彭阳县', 'mainland'),
(640426, 640400, ',640000,640400,640426', 3, '其它区', 'mainland'),
(640500, 640000, ',640000,640500', 2, '中卫市', 'mainland'),
(640502, 640500, ',640000,640500,640502', 3, '沙坡头区', 'mainland'),
(640521, 640500, ',640000,640500,640521', 3, '中宁县', 'mainland'),
(640522, 640500, ',640000,640500,640522', 3, '海原县', 'mainland'),
(640523, 640500, ',640000,640500,640523', 3, '其它区', 'mainland'),
(650000, 100000, ',650000', 1, '新疆维吾尔自治区', 'mainland'),
(650100, 650000, ',650000,650100', 2, '乌鲁木齐市', 'mainland'),
(650102, 650100, ',650000,650100,650102', 3, '天山区', 'mainland'),
(650103, 650100, ',650000,650100,650103', 3, '沙依巴克区', 'mainland'),
(650104, 650100, ',650000,650100,650104', 3, '新市区', 'mainland'),
(650105, 650100, ',650000,650100,650105', 3, '水磨沟区', 'mainland'),
(650106, 650100, ',650000,650100,650106', 3, '头屯河区', 'mainland'),
(650107, 650100, ',650000,650100,650107', 3, '达坂城区', 'mainland'),
(650108, 650100, ',650000,650100,650108', 3, '东山区', 'mainland'),
(650109, 650100, ',650000,650100,650109', 3, '米东区', 'mainland'),
(650121, 650100, ',650000,650100,650121', 3, '乌鲁木齐县', 'mainland'),
(650122, 650100, ',650000,650100,650122', 3, '其它区', 'mainland'),
(650200, 650000, ',650000,650200', 2, '克拉玛依市', 'mainland'),
(650202, 650200, ',650000,650200,650202', 3, '独山子区', 'mainland'),
(650203, 650200, ',650000,650200,650203', 3, '克拉玛依区', 'mainland'),
(650204, 650200, ',650000,650200,650204', 3, '白碱滩区', 'mainland'),
(650205, 650200, ',650000,650200,650205', 3, '乌尔禾区', 'mainland'),
(650206, 650200, ',650000,650200,650206', 3, '其它区', 'mainland'),
(652100, 650000, ',650000,652100', 2, '吐鲁番地区', 'mainland'),
(652101, 652100, ',650000,652100,652101', 3, '吐鲁番市', 'mainland'),
(652122, 652100, ',650000,652100,652122', 3, '鄯善县', 'mainland'),
(652123, 652100, ',650000,652100,652123', 3, '托克逊县', 'mainland'),
(652124, 652100, ',650000,652100,652124', 3, '其它区', 'mainland'),
(652200, 650000, ',650000,652200', 2, '哈密地区', 'mainland'),
(652201, 652200, ',650000,652200,652201', 3, '哈密市', 'mainland'),
(652222, 652200, ',650000,652200,652222', 3, '巴里坤哈萨克自治县', 'mainland'),
(652223, 652200, ',650000,652200,652223', 3, '伊吾县', 'mainland'),
(652224, 652200, ',650000,652200,652224', 3, '其它区', 'mainland'),
(652300, 650000, ',650000,652300', 2, '昌吉回族自治州', 'mainland'),
(652301, 652300, ',650000,652300,652301', 3, '昌吉市', 'mainland'),
(652302, 652300, ',650000,652300,652302', 3, '阜康市', 'mainland'),
(652303, 652300, ',650000,652300,652303', 3, '米泉市', 'mainland'),
(652323, 652300, ',650000,652300,652323', 3, '呼图壁县', 'mainland'),
(652324, 652300, ',650000,652300,652324', 3, '玛纳斯县', 'mainland'),
(652325, 652300, ',650000,652300,652325', 3, '奇台县', 'mainland'),
(652327, 652300, ',650000,652300,652327', 3, '吉木萨尔县', 'mainland'),
(652328, 652300, ',650000,652300,652328', 3, '木垒哈萨克自治县', 'mainland'),
(652329, 652300, ',650000,652300,652329', 3, '其它区', 'mainland'),
(652700, 650000, ',650000,652700', 2, '博尔塔拉蒙古自治州', 'mainland'),
(652701, 652700, ',650000,652700,652701', 3, '博乐市', 'mainland'),
(652722, 652700, ',650000,652700,652722', 3, '精河县', 'mainland'),
(652723, 652700, ',650000,652700,652723', 3, '温泉县', 'mainland'),
(652724, 652700, ',650000,652700,652724', 3, '其它区', 'mainland'),
(652800, 650000, ',650000,652800', 2, '巴音郭楞蒙古自治州', 'mainland'),
(652801, 652800, ',650000,652800,652801', 3, '库尔勒市', 'mainland'),
(652822, 652800, ',650000,652800,652822', 3, '轮台县', 'mainland'),
(652823, 652800, ',650000,652800,652823', 3, '尉犁县', 'mainland'),
(652824, 652800, ',650000,652800,652824', 3, '若羌县', 'mainland'),
(652825, 652800, ',650000,652800,652825', 3, '且末县', 'mainland'),
(652826, 652800, ',650000,652800,652826', 3, '焉耆回族自治县', 'mainland'),
(652827, 652800, ',650000,652800,652827', 3, '和静县', 'mainland'),
(652828, 652800, ',650000,652800,652828', 3, '和硕县', 'mainland'),
(652829, 652800, ',650000,652800,652829', 3, '博湖县', 'mainland'),
(652830, 652800, ',650000,652800,652830', 3, '其它区', 'mainland'),
(652900, 650000, ',650000,652900', 2, '阿克苏地区', 'mainland'),
(652901, 652900, ',650000,652900,652901', 3, '阿克苏市', 'mainland'),
(652922, 652900, ',650000,652900,652922', 3, '温宿县', 'mainland'),
(652923, 652900, ',650000,652900,652923', 3, '库车县', 'mainland'),
(652924, 652900, ',650000,652900,652924', 3, '沙雅县', 'mainland'),
(652925, 652900, ',650000,652900,652925', 3, '新和县', 'mainland'),
(652926, 652900, ',650000,652900,652926', 3, '拜城县', 'mainland'),
(652927, 652900, ',650000,652900,652927', 3, '乌什县', 'mainland'),
(652928, 652900, ',650000,652900,652928', 3, '阿瓦提县', 'mainland'),
(652929, 652900, ',650000,652900,652929', 3, '柯坪县', 'mainland'),
(652930, 652900, ',650000,652900,652930', 3, '其它区', 'mainland'),
(653000, 650000, ',650000,653000', 2, '克孜勒苏柯尔克孜自治州', 'mainland'),
(653001, 653000, ',650000,653000,653001', 3, '阿图什市', 'mainland'),
(653022, 653000, ',650000,653000,653022', 3, '阿克陶县', 'mainland'),
(653023, 653000, ',650000,653000,653023', 3, '阿合奇县', 'mainland'),
(653024, 653000, ',650000,653000,653024', 3, '乌恰县', 'mainland'),
(653025, 653000, ',650000,653000,653025', 3, '其它区', 'mainland'),
(653100, 650000, ',650000,653100', 2, '喀什地区', 'mainland'),
(653101, 653100, ',650000,653100,653101', 3, '喀什市', 'mainland'),
(653121, 653100, ',650000,653100,653121', 3, '疏附县', 'mainland'),
(653122, 653100, ',650000,653100,653122', 3, '疏勒县', 'mainland'),
(653123, 653100, ',650000,653100,653123', 3, '英吉沙县', 'mainland'),
(653124, 653100, ',650000,653100,653124', 3, '泽普县', 'mainland'),
(653125, 653100, ',650000,653100,653125', 3, '莎车县', 'mainland'),
(653126, 653100, ',650000,653100,653126', 3, '叶城县', 'mainland'),
(653127, 653100, ',650000,653100,653127', 3, '麦盖提县', 'mainland'),
(653128, 653100, ',650000,653100,653128', 3, '岳普湖县', 'mainland'),
(653129, 653100, ',650000,653100,653129', 3, '伽师县', 'mainland'),
(653130, 653100, ',650000,653100,653130', 3, '巴楚县', 'mainland'),
(653131, 653100, ',650000,653100,653131', 3, '塔什库尔干塔吉克自治县', 'mainland'),
(653132, 653100, ',650000,653100,653132', 3, '其它区', 'mainland'),
(653200, 650000, ',650000,653200', 2, '和田地区', 'mainland'),
(653201, 653200, ',650000,653200,653201', 3, '和田市', 'mainland'),
(653221, 653200, ',650000,653200,653221', 3, '和田县', 'mainland'),
(653222, 653200, ',650000,653200,653222', 3, '墨玉县', 'mainland'),
(653223, 653200, ',650000,653200,653223', 3, '皮山县', 'mainland'),
(653224, 653200, ',650000,653200,653224', 3, '洛浦县', 'mainland'),
(653225, 653200, ',650000,653200,653225', 3, '策勒县', 'mainland'),
(653226, 653200, ',650000,653200,653226', 3, '于田县', 'mainland'),
(653227, 653200, ',650000,653200,653227', 3, '民丰县', 'mainland'),
(653228, 653200, ',650000,653200,653228', 3, '其它区', 'mainland'),
(654000, 650000, ',650000,654000', 2, '伊犁哈萨克自治州', 'mainland'),
(654002, 654000, ',650000,654000,654002', 3, '伊宁市', 'mainland'),
(654003, 654000, ',650000,654000,654003', 3, '奎屯市', 'mainland'),
(654021, 654000, ',650000,654000,654021', 3, '伊宁县', 'mainland'),
(654022, 654000, ',650000,654000,654022', 3, '察布查尔锡伯自治县', 'mainland'),
(654023, 654000, ',650000,654000,654023', 3, '霍城县', 'mainland'),
(654024, 654000, ',650000,654000,654024', 3, '巩留县', 'mainland'),
(654025, 654000, ',650000,654000,654025', 3, '新源县', 'mainland'),
(654026, 654000, ',650000,654000,654026', 3, '昭苏县', 'mainland'),
(654027, 654000, ',650000,654000,654027', 3, '特克斯县', 'mainland'),
(654028, 654000, ',650000,654000,654028', 3, '尼勒克县', 'mainland'),
(654029, 654000, ',650000,654000,654029', 3, '其它区', 'mainland'),
(654200, 650000, ',650000,654200', 2, '塔城地区', 'mainland'),
(654201, 654200, ',650000,654200,654201', 3, '塔城市', 'mainland'),
(654202, 654200, ',650000,654200,654202', 3, '乌苏市', 'mainland'),
(654221, 654200, ',650000,654200,654221', 3, '额敏县', 'mainland'),
(654223, 654200, ',650000,654200,654223', 3, '沙湾县', 'mainland'),
(654224, 654200, ',650000,654200,654224', 3, '托里县', 'mainland'),
(654225, 654200, ',650000,654200,654225', 3, '裕民县', 'mainland'),
(654226, 654200, ',650000,654200,654226', 3, '和布克赛尔蒙古自治县', 'mainland'),
(654227, 654200, ',650000,654200,654227', 3, '其它区', 'mainland'),
(654300, 650000, ',650000,654300', 2, '阿勒泰地区', 'mainland'),
(654301, 654300, ',650000,654300,654301', 3, '阿勒泰市', 'mainland'),
(654321, 654300, ',650000,654300,654321', 3, '布尔津县', 'mainland'),
(654322, 654300, ',650000,654300,654322', 3, '富蕴县', 'mainland'),
(654323, 654300, ',650000,654300,654323', 3, '福海县', 'mainland'),
(654324, 654300, ',650000,654300,654324', 3, '哈巴河县', 'mainland'),
(654325, 654300, ',650000,654300,654325', 3, '青河县', 'mainland');
INSERT INTO `area` (`area_id`, `parent_id`, `path`, `grade`, `name`, `language`) VALUES
(654326, 654300, ',650000,654300,654326', 3, '吉木乃县', 'mainland'),
(654327, 654300, ',650000,654300,654327', 3, '其它区', 'mainland'),
(659001, 650000, ',650000,659001', 3, '石河子市', 'mainland'),
(659002, 650000, ',650000,659002', 3, '阿拉尔市', 'mainland'),
(659003, 650000, ',650000,659003', 3, '图木舒克市', 'mainland'),
(659004, 650000, ',650000,659004', 3, '五家渠市', 'mainland'),
(710000, 100000, ',710000', 1, '台湾省', 'mainland'),
(710100, 710000, ',710000,710100', 2, '台北市', 'mainland'),
(710101, 710100, ',710000,710100,710101', 3, '中正区', 'mainland'),
(710102, 710100, ',710000,710100,710102', 3, '大同区', 'mainland'),
(710103, 710100, ',710000,710100,710103', 3, '中山区', 'mainland'),
(710104, 710100, ',710000,710100,710104', 3, '松山区', 'mainland'),
(710105, 710100, ',710000,710100,710105', 3, '大安区', 'mainland'),
(710106, 710100, ',710000,710100,710106', 3, '万华区', 'mainland'),
(710107, 710100, ',710000,710100,710107', 3, '信义区', 'mainland'),
(710108, 710100, ',710000,710100,710108', 3, '士林区', 'mainland'),
(710109, 710100, ',710000,710100,710109', 3, '北投区', 'mainland'),
(710110, 710100, ',710000,710100,710110', 3, '内湖区', 'mainland'),
(710111, 710100, ',710000,710100,710111', 3, '南港区', 'mainland'),
(710112, 710100, ',710000,710100,710112', 3, '文山区', 'mainland'),
(710113, 710100, ',710000,710100,710113', 3, '其它区', 'mainland'),
(710200, 710000, ',710000,710200', 2, '高雄市', 'mainland'),
(710201, 710200, ',710000,710200,710201', 3, '新兴区', 'mainland'),
(710202, 710200, ',710000,710200,710202', 3, '前金区', 'mainland'),
(710203, 710200, ',710000,710200,710203', 3, '芩雅区', 'mainland'),
(710204, 710200, ',710000,710200,710204', 3, '盐埕区', 'mainland'),
(710205, 710200, ',710000,710200,710205', 3, '鼓山区', 'mainland'),
(710206, 710200, ',710000,710200,710206', 3, '旗津区', 'mainland'),
(710207, 710200, ',710000,710200,710207', 3, '前镇区', 'mainland'),
(710208, 710200, ',710000,710200,710208', 3, '三民区', 'mainland'),
(710209, 710200, ',710000,710200,710209', 3, '左营区', 'mainland'),
(710210, 710200, ',710000,710200,710210', 3, '楠梓区', 'mainland'),
(710211, 710200, ',710000,710200,710211', 3, '小港区', 'mainland'),
(710212, 710200, ',710000,710200,710212', 3, '其它区', 'mainland'),
(710300, 710000, ',710000,710300', 2, '台南市', 'mainland'),
(710301, 710300, ',710000,710300,710301', 3, '中西区', 'mainland'),
(710302, 710300, ',710000,710300,710302', 3, '东区', 'mainland'),
(710303, 710300, ',710000,710300,710303', 3, '南区', 'mainland'),
(710304, 710300, ',710000,710300,710304', 3, '北区', 'mainland'),
(710305, 710300, ',710000,710300,710305', 3, '安平区', 'mainland'),
(710306, 710300, ',710000,710300,710306', 3, '安南区', 'mainland'),
(710307, 710300, ',710000,710300,710307', 3, '其它区', 'mainland'),
(710400, 710000, ',710000,710400', 2, '台中市', 'mainland'),
(710401, 710400, ',710000,710400,710401', 3, '中区', 'mainland'),
(710402, 710400, ',710000,710400,710402', 3, '东区', 'mainland'),
(710403, 710400, ',710000,710400,710403', 3, '南区', 'mainland'),
(710404, 710400, ',710000,710400,710404', 3, '西区', 'mainland'),
(710405, 710400, ',710000,710400,710405', 3, '北区', 'mainland'),
(710406, 710400, ',710000,710400,710406', 3, '北屯区', 'mainland'),
(710407, 710400, ',710000,710400,710407', 3, '西屯区', 'mainland'),
(710408, 710400, ',710000,710400,710408', 3, '南屯区', 'mainland'),
(710409, 710400, ',710000,710400,710409', 3, '其它区', 'mainland'),
(710500, 710000, ',710000,710500', 2, '金门县', 'mainland'),
(710600, 710000, ',710000,710600', 2, '南投县', 'mainland'),
(710700, 710000, ',710000,710700', 2, '基隆市', 'mainland'),
(710701, 710700, ',710000,710700,710701', 3, '仁爱区', 'mainland'),
(710702, 710700, ',710000,710700,710702', 3, '信义区', 'mainland'),
(710703, 710700, ',710000,710700,710703', 3, '中正区', 'mainland'),
(710704, 710700, ',710000,710700,710704', 3, '中山区', 'mainland'),
(710705, 710700, ',710000,710700,710705', 3, '安乐区', 'mainland'),
(710706, 710700, ',710000,710700,710706', 3, '暖暖区', 'mainland'),
(710707, 710700, ',710000,710700,710707', 3, '七堵区', 'mainland'),
(710708, 710700, ',710000,710700,710708', 3, '其它区', 'mainland'),
(710800, 710000, ',710000,710800', 2, '新竹市', 'mainland'),
(710801, 710800, ',710000,710800,710801', 3, '东区', 'mainland'),
(710802, 710800, ',710000,710800,710802', 3, '北区', 'mainland'),
(710803, 710800, ',710000,710800,710803', 3, '香山区', 'mainland'),
(710804, 710800, ',710000,710800,710804', 3, '其它区', 'mainland'),
(710900, 710000, ',710000,710900', 2, '嘉义市', 'mainland'),
(710901, 710900, ',710000,710900,710901', 3, '东区', 'mainland'),
(710902, 710900, ',710000,710900,710902', 3, '西区', 'mainland'),
(710903, 710900, ',710000,710900,710903', 3, '其它区', 'mainland'),
(711100, 710000, ',710000,711100', 3, '台北县', 'mainland'),
(711200, 710000, ',710000,711200', 3, '宜兰县', 'mainland'),
(711300, 710000, ',710000,711300', 3, '新竹县', 'mainland'),
(711400, 710000, ',710000,711400', 3, '桃园县', 'mainland'),
(711500, 710000, ',710000,711500', 3, '苗栗县', 'mainland'),
(711600, 710000, ',710000,711600', 3, '台中县', 'mainland'),
(711700, 710000, ',710000,711700', 3, '彰化县', 'mainland'),
(711900, 710000, ',710000,711900', 3, '嘉义县', 'mainland'),
(712100, 710000, ',710000,712100', 3, '云林县', 'mainland'),
(712200, 710000, ',710000,712200', 3, '台南县', 'mainland'),
(712300, 710000, ',710000,712300', 3, '高雄县', 'mainland'),
(712400, 710000, ',710000,712400', 3, '屏东县', 'mainland'),
(712500, 710000, ',710000,712500', 3, '台东县', 'mainland'),
(712600, 710000, ',710000,712600', 3, '花莲县', 'mainland'),
(712700, 710000, ',710000,712700', 3, '澎湖县', 'mainland'),
(810000, 100000, ',810000', 1, '香港特别行政区', 'mainland'),
(810100, 810000, ',810000,810100', 2, '香港岛', 'mainland'),
(810200, 810000, ',810000,810200', 2, '九龙', 'mainland'),
(810300, 810000, ',810000,810300', 2, '新界', 'mainland'),
(820000, 100000, ',820000', 1, '澳门特别行政区', 'mainland'),
(820100, 820000, ',820000,820100', 2, '澳门半岛', 'mainland'),
(820200, 820000, ',820000,820200', 2, '离岛', 'mainland'),
(990000, 100000, ',990000', 1, '海外', 'mainland'),
(990100, 990000, ',990000,990100', 2, '海外', 'mainland');

-- --------------------------------------------------------

--
-- 表的结构 `article`
--

CREATE TABLE IF NOT EXISTS `article` (
  `article_id` int(11) NOT NULL AUTO_INCREMENT,
  `category_id` int(11) NOT NULL,
  `author_id` int(11) NOT NULL,
  `title` varchar(250) NOT NULL,
  `url` varchar(100) NOT NULL,
  `pic_url` varchar(150) NOT NULL,
  `from` varchar(200) NOT NULL,
  `summary` text NOT NULL,
  `content` longtext NOT NULL,
  `views` int(11) NOT NULL,
  `create_time` int(11) NOT NULL,
  `update_time` int(11) NOT NULL,
  `language` varchar(45) NOT NULL,
  PRIMARY KEY (`article_id`)
) ENGINE=InnoDB  DEFAULT CHARSET=utf8 AUTO_INCREMENT=11 ;

--
-- 转存表中的数据 `article`
--

INSERT INTO `article` (`article_id`, `category_id`, `author_id`, `title`, `url`, `pic_url`, `from`, `summary`, `content`, `views`, `create_time`, `update_time`, `language`) VALUES
(1, 11, 2, ' Sample blog post lorem ipsum dolor consectetuer ', '', '/yincart/basic/upload/article/image/20130515/20130515062329_92655.jpg', '本站', 'Pellentesque habitant morbi tristique senectus et netus et malesuada fames ac turpis egestas. Vestibulum tortor quam, feugiat vitae, ultricies eget, tempor sit amet, ante. Donec eu libero sit amet quam egestas semper. ', '<div class="article-body clearfix">\r\n	<div id="article-content">\r\n		<p>\r\n			<img src="http://cdn.shopify.com/s/files/1/0153/0849/files/slider4.jpg?799" /> \r\n		</p>\r\n		<p>\r\n			Pellentesque habitant morbi tristique senectus et netus et malesuada \r\nfames ac turpis egestas. Vestibulum tortor quam, feugiat vitae, \r\nultricies eget, tempor sit amet, ante. Donec eu libero sit amet quam \r\negestas semper.&nbsp;\r\n		</p>\r\n		<p>\r\n			Aenean ultricies mi vitae est. Mauris placerat eleifend leo. Quisque \r\nsit amet est et sapien ullamcorper pharetra. Vestibulum erat wisi, \r\ncondimentum sed, commodo vitae, ornare sit amet, wisi. Aenean fermentum,\r\n elit eget tincidunt condimentum, eros ipsum rutrum orci, sagittis \r\ntempus lacus enim ac dui. Donec non enim in turpis pulvinar facilisis. \r\nUt felis. Praesent dapibus, neque id cursus faucibus, tortor neque \r\negestas augue, eu vulputate magna eros eu erat. Aliquam erat volutpat. \r\nNam dui mi, tincidunt quis, accumsan porttitor, facilisis luctus, metus.\r\n		</p>\r\n		<ul>\r\n			<li>\r\n				Morbi in sem quis dui placerat ornare. Pellentesque odio nisi, \r\neuismod in, pharetra a, ultricies in, diam. Sed arcu. Cras consequat.\r\n			</li>\r\n			<li>\r\n				Praesent dapibus, neque id cursus faucibus, tortor neque egestas \r\naugue, eu vulputate magna eros eu erat. Aliquam erat volutpat. Nam dui \r\nmi, tincidunt quis, accumsan porttitor, facilisis luctus, metus.\r\n			</li>\r\n			<li>\r\n				Phasellus ultrices nulla quis nibh. Quisque a lectus. Donec \r\nconsectetuer ligula vulputate sem tristique cursus. Nam nulla quam, \r\ngravida non, commodo a, sodales sit amet, nisi.\r\n			</li>\r\n			<li>\r\n				Pellentesque fermentum dolor. Aliquam quam lectus, facilisis auctor, ultrices ut, elementum vulputate, nunc.\r\n			</li>\r\n		</ul>\r\n		<p>\r\n			Pellentesque habitant morbi tristique senectus et netus et malesuada \r\nfames ac turpis egestas. Vestibulum tortor quam, feugiat vitae, \r\nultricies eget, tempor sit amet, ante. Donec eu libero sit amet quam \r\negestas semper. Aenean ultricies mi vitae est. Mauris placerat eleifend \r\nleo.\r\n		</p>\r\n	</div>\r\n</div>', 0, 1370711049, 1389763317, 'en_us'),
(2, 11, 2, 'Open Day at Dianshan Lake', '', '', '本站', 'Open Day at Dianshan Lake', 'Open Day at Dianshan Lake', 0, 1370867424, 1370867424, 'en_us'),
(3, 11, 2, 'Open Day at Dianshan Lake', '', '', '本站', 'Open Day at Dianshan Lake', 'Open Day at Dianshan Lake', 0, 1370867434, 1370867434, 'en_us'),
(4, 11, 2, 'Open Day at Dianshan Lake', '', '', '本站', 'Open Day at Dianshan Lake', 'Open Day at Dianshan Lake', 0, 1370867442, 1370867442, 'en_us'),
(5, 11, 2, 'Open Day at Dianshan Lake', '', '', '本站', 'Open Day at Dianshan Lake', 'Open Day at Dianshan Lake', 0, 1370867451, 1370867451, 'en_us'),
(6, 11, 2, 'Open Day at Dianshan Lake', '', '', '本站', 'Open Day at Dianshan Lake', 'Open Day at Dianshan Lake', 0, 1370867458, 1370867458, 'en_us'),
(7, 11, 2, '啊啊啊啊', '', '/yincart/basic/upload/ad/20130429/bild15398.jpg', '本站', '啊啊啊啊', '啊啊啊啊', 0, 1371202526, 1389776524, 'en_us'),
(8, 11, 2, '为什么大家都要疯狂吐槽iOS 7的扁平化设计？', '', '', '本站', '所谓爱之深，责之切。苹果iOS 7的扁平设计一出现，就引爆了人们对它的疯狂吐槽。有人说它山寨Android，有人说它抄袭MIUI。没有了乔布斯的苹果，难道真要走上抄袭之路？', '<p style="color:#333333;font-family:Helvetica, Tahoma, Arial, sans-serif;font-size:14px;background-color:#FFFFFF;">\r\n	由Jonathan Ive带领苹果公司市场部、公关部以及应用设计团队打造的iOS 7系统问世后，无论国内还是国外，“扁平化设计”一词瞬间火爆。而苹果此套UI设计，目前得到的评价可以说是“斥责多于赞扬”。\r\n</p>\r\n<p style="color:#333333;font-family:Helvetica, Tahoma, Arial, sans-serif;font-size:14px;background-color:#FFFFFF;text-align:center;">\r\n	<a href="http://cms.csdnimg.cn/article/201306/14/51bb22c7945c5.jpg" target="_blank"><img src="http://cms.csdnimg.cn/article/201306/14/51bb22c7945c5.jpg" border="0" /></a> \r\n</p>\r\n<p style="color:#333333;font-family:Helvetica, Tahoma, Arial, sans-serif;font-size:14px;background-color:#FFFFFF;text-align:center;">\r\n	苹果公司设计部资深副总裁 Jonathan Ive\r\n</p>\r\n<p style="color:#333333;font-family:Helvetica, Tahoma, Arial, sans-serif;font-size:14px;background-color:#FFFFFF;text-align:center;">\r\n	<a href="http://cms.csdnimg.cn/article/201306/13/51b98109f1bef.jpg" target="_blank"><img src="http://cms.csdnimg.cn/article/201306/13/51b98109f1bef_middle.jpg" border="0" /></a> \r\n</p>\r\n<p style="color:#333333;font-family:Helvetica, Tahoma, Arial, sans-serif;font-size:14px;background-color:#FFFFFF;text-align:center;">\r\n	iOS 7界面截图\r\n</p>\r\n<p style="color:#333333;font-family:Helvetica, Tahoma, Arial, sans-serif;font-size:14px;background-color:#FFFFFF;">\r\n	<b>先来看看一些网友的吐槽：</b> \r\n</p>\r\n<p style="color:#333333;font-family:Helvetica, Tahoma, Arial, sans-serif;font-size:14px;background-color:#FFFFFF;">\r\n	- “这两年苹果干的事就是缩小了iPad，拉长了iPhone，最后砸扁了icon。”\r\n</p>\r\n<p style="color:#333333;font-family:Helvetica, Tahoma, Arial, sans-serif;font-size:14px;background-color:#FFFFFF;">\r\n	- “据说这次iOS 7扁平化是为了iPhone 6做准备的，iPhone6厚度将只有1毫米，如果iOS不扁平化，手机里的图标就装不下了。”\r\n</p>\r\n<p style="color:#333333;font-family:Helvetica, Tahoma, Arial, sans-serif;font-size:14px;background-color:#FFFFFF;">\r\n	- “苹果iOS 7的那些功能Android早就有了。”\r\n</p>\r\n<p style="color:#333333;font-family:Helvetica, Tahoma, Arial, sans-serif;font-size:14px;background-color:#FFFFFF;">\r\n	- 小米手机的粉丝认为，iOS 7的界面则彻底抄袭了MIUI。小米官方微博解答团还在微博上晒出iOS 7和MIUI界面的对比照。\r\n</p>\r\n<p style="color:#333333;font-family:Helvetica, Tahoma, Arial, sans-serif;font-size:14px;background-color:#FFFFFF;text-align:center;">\r\n	<a href="http://cms.csdnimg.cn/article/201306/13/51b985d6dff2b.jpg" target="_blank"><img src="http://cms.csdnimg.cn/article/201306/13/51b985d6dff2b.jpg" border="0" /></a> \r\n</p>\r\n<p style="color:#333333;font-family:Helvetica, Tahoma, Arial, sans-serif;font-size:14px;background-color:#FFFFFF;text-align:center;">\r\n	左：iOS 7、右：MIUI某主题\r\n</p>\r\n<p style="color:#333333;font-family:Helvetica, Tahoma, Arial, sans-serif;font-size:14px;background-color:#FFFFFF;">\r\n	<b>扁平化设计的精髓：文字与信息阅读</b> \r\n</p>\r\n<p style="color:#333333;font-family:Helvetica, Tahoma, Arial, sans-serif;font-size:14px;background-color:#FFFFFF;">\r\n	欲了解扁平化设计的精髓，先看看扁平化设计（Flat Design）的基本概念：<b>所谓“扁平化设计”指的是抛弃渐变、阴影、高光等拟物视觉效果，从而打造出一种看上去更“平”的界面。</b> \r\n</p>\r\n<p style="color:#333333;font-family:Helvetica, Tahoma, Arial, sans-serif;font-size:14px;background-color:#FFFFFF;">\r\n	也就是说，扁平化设计是与拟物化（Skeuomorphism）设计相对的一个设计理念。扁平化设计最好的理解是“极简”，即强调运用最轻量、简单的设计来传递核心信息，强调通过对视觉焦点的引导来让用户快速地完成操作。\r\n</p>\r\n<p style="color:#333333;font-family:Helvetica, Tahoma, Arial, sans-serif;font-size:14px;background-color:#FFFFFF;">\r\n	往简单了说，扁平化设计就是为了方便人们阅读。\r\n</p>\r\n<p style="color:#333333;font-family:Helvetica, Tahoma, Arial, sans-serif;font-size:14px;background-color:#FFFFFF;">\r\n	作为扁平化设计的代表，<a href="http://www.csdn.net/article/2012-02-01/310896" target="_blank">微软Metro UI的设计灵感来自于机场和地铁指示牌</a>。正如这些交通指示牌的功能一样，Metro UI的设计风格旨在<b>帮助人们在短时间内快速找到需要的信息。</b> \r\n</p>\r\n<p style="color:#333333;font-family:Helvetica, Tahoma, Arial, sans-serif;font-size:14px;background-color:#FFFFFF;text-align:center;">\r\n	<a href="http://cms.csdnimg.cn/article/201306/13/51b9865c4b459.jpg" target="_blank"><img src="http://cms.csdnimg.cn/article/201306/13/51b9865c4b459.jpg" border="0" /></a> \r\n</p>\r\n<p style="color:#333333;font-family:Helvetica, Tahoma, Arial, sans-serif;font-size:14px;background-color:#FFFFFF;text-align:center;">\r\n	Metro UI设计灵感来源：金县都会交通局（King County METRO）站牌\r\n</p>\r\n<p style="color:#333333;font-family:Helvetica, Tahoma, Arial, sans-serif;font-size:14px;background-color:#FFFFFF;">\r\n	与苹果大相径庭之处在于，微软的办公系列产品更受企业用户的青睐。企业用户对于电子邮件、通讯录、通话、短信、提醒、备忘等信息更为关注。面向企业用户的产品在这些方面也投入了更高的专注度。电邮、短信、通讯录等功能大多基于文字、数字等文本信息，视频、音频、图像或其他格式化数据出现的情况相对较少。Metro UI以较为简洁、较为平面化的设计风格突出显示这些文本信息，便于企业用户快速翻看、查找与阅读。\r\n</p>\r\n<p style="color:#333333;font-family:Helvetica, Tahoma, Arial, sans-serif;font-size:14px;background-color:#FFFFFF;">\r\n	国内著名的文艺小清新网站豆瓣采用扁平化设计理念，以白色为主背景色，重点突出文字信息。使得用户更容易将注意力集中在书评、影评、乐评等以文字为主的层面之上。以文艺评论为核心的豆瓣运营理念是基于内容的，在这些方面活跃的豆瓣用户是在豆瓣学习和交流思想的，所以文字阅读是豆瓣产品的关键。这也是有用户升级了iOS 7后，发现豆瓣的移动App是最贴近此次苹果的扁平化设计风格的。\r\n</p>\r\n<p style="color:#333333;font-family:Helvetica, Tahoma, Arial, sans-serif;font-size:14px;background-color:#FFFFFF;text-align:center;">\r\n	<a href="http://cms.csdnimg.cn/article/201306/13/51b988751d998.jpg" target="_blank"><img src="http://cms.csdnimg.cn/article/201306/13/51b988751d998_middle.jpg" border="0" /></a> \r\n</p>\r\n<p style="color:#333333;font-family:Helvetica, Tahoma, Arial, sans-serif;font-size:14px;background-color:#FFFFFF;text-align:center;">\r\n	“豆瓣阅读”的扁平化设计\r\n</p>\r\n<p style="color:#333333;font-family:Helvetica, Tahoma, Arial, sans-serif;font-size:14px;background-color:#FFFFFF;text-align:center;">\r\n	<p style="text-align:left;color:#333333;font-family:Helvetica, Tahoma, Arial, sans-serif;font-size:14px;background-color:#FFFFFF;">\r\n		<b>苹果丢失了华丽视觉？</b>\r\n	</p>\r\n	<p style="text-align:left;color:#333333;font-family:Helvetica, Tahoma, Arial, sans-serif;font-size:14px;background-color:#FFFFFF;">\r\n		苹果产品成功的因素多得不胜枚举，在产品开发层面，笔者认为主要有以下几点：\r\n	</p>\r\n	<p style="text-align:left;color:#333333;font-family:Helvetica, Tahoma, Arial, sans-serif;font-size:14px;background-color:#FFFFFF;">\r\n		1. 操作系统严密的逻辑结构\r\n	</p>\r\n	<p style="text-align:left;color:#333333;font-family:Helvetica, Tahoma, Arial, sans-serif;font-size:14px;background-color:#FFFFFF;">\r\n		2. 人性化、多样化的功能设计\r\n	</p>\r\n	<p style="text-align:left;color:#333333;font-family:Helvetica, Tahoma, Arial, sans-serif;font-size:14px;background-color:#FFFFFF;">\r\n		3. 华丽的视觉效果和操作体验\r\n	</p>\r\n	<p style="text-align:left;color:#333333;font-family:Helvetica, Tahoma, Arial, sans-serif;font-size:14px;background-color:#FFFFFF;">\r\n		4. 堪称完美的软硬件整合\r\n	</p>\r\n	<p style="text-align:left;color:#333333;font-family:Helvetica, Tahoma, Arial, sans-serif;font-size:14px;background-color:#FFFFFF;">\r\n		5. 广泛吸引开发者拓展生态系统\r\n	</p>\r\n	<p style="text-align:left;color:#333333;font-family:Helvetica, Tahoma, Arial, sans-serif;font-size:14px;background-color:#FFFFFF;">\r\n		不得不说，拟物化设计是“华丽的视觉效果”的一个重要组成部分。拟物化设计不仅满足了一大批果粉对于华丽审美的需求，也培养了一大批逐渐对华丽审美产生需求的粉丝。此外，拟物化设计更多满足了用户的娱乐需求而非办公需求，这就不难解释为何仍然有许多企业用户希望用微软的移动设备办公而非iPad了。\r\n	</p>\r\n	<p style="text-align:left;color:#333333;font-family:Helvetica, Tahoma, Arial, sans-serif;font-size:14px;background-color:#FFFFFF;">\r\n		然而现在苹果自己改了，那么用户、开发者都得跟着改变。曾有用户发起了“没有了乔布斯的苹果究竟还能撑几年”的问答，现在看来这个问题的答案已经不那么重要了——苹果不再向从前一样，它的设计开始令人失望，它的产品越来越受争议，它的价值观也越来越被人们质疑。\r\n	</p>\r\n	<p style="text-align:center;color:#333333;font-family:Helvetica, Tahoma, Arial, sans-serif;font-size:14px;background-color:#FFFFFF;">\r\n		<a href="http://cms.csdnimg.cn/article/201306/13/51b98a2d70482.jpg" target="_blank"><img src="http://cms.csdnimg.cn/article/201306/13/51b98a2d70482.jpg" border="0" /></a>\r\n	</p>\r\n	<p style="text-align:center;color:#333333;font-family:Helvetica, Tahoma, Arial, sans-serif;font-size:14px;background-color:#FFFFFF;">\r\n		<a href="http://cms.csdnimg.cn/article/201306/13/51b98abf4e10e.jpg" target="_blank"><img src="http://cms.csdnimg.cn/article/201306/13/51b98abf4e10e.jpg" border="0" style="width:414.86486486486484px;height:614px;" /></a>\r\n	</p>\r\n	<p style="text-align:center;color:#333333;font-family:Helvetica, Tahoma, Arial, sans-serif;font-size:14px;background-color:#FFFFFF;">\r\n		<a href="http://cms.csdnimg.cn/article/201306/13/51b99595ec1fe.jpg" target="_blank"><img src="http://cms.csdnimg.cn/article/201306/13/51b99595ec1fe.jpg" border="0" /></a>\r\n	</p>\r\n	<p style="text-align:left;color:#333333;font-family:Helvetica, Tahoma, Arial, sans-serif;font-size:14px;background-color:#FFFFFF;">\r\n		<a href="http://jonyiveredesignsthings.tumblr.com/" target="_blank">被网友恶搞的iOS扁平化设计</a>\r\n	</p>\r\n	<p style="text-align:left;color:#333333;font-family:Helvetica, Tahoma, Arial, sans-serif;font-size:14px;background-color:#FFFFFF;">\r\n		无论是底层逻辑架构还是贴近用户的UI界面，苹果之所以是苹果，因为它走在行业前列。乔布斯所想是他人所未想，这样才会引来大批支持者、追随者和模仿者。现在苹果居然开始模仿别人了，它开始落后了？所谓爱之深，责之切。大家多多少少都还有点拟物情结，希望苹果的“华丽视觉”不要在此停止。（文/杨依帆 责编/张宁）\r\n	</p>\r\n	<div style="text-align:left;">\r\n		<span style="line-height:1.5;"></span>\r\n	</div>\r\n</p>', 0, 1371237583, 1371238309, 'en_us'),
(9, 11, 2, 'wucangzhou', '', '/yincart/basic/upload/article/image/20130515/20130515062329_50594.jpg', '本站', '2153646453132', '1324kjhkgbhjv cfg d gfc', 0, 1389763447, 1389763447, 'en_us'),
(10, 11, 2, '他说他', '', '/yincart/basic/upload/ad/20130429/bild15396.jpg', '本站', '大神大神大神大神的', '按时打算的撒的操作现场则速度非常萨芬长沙自行车', 0, 1389770101, 1389770101, 'zh_cn');

-- --------------------------------------------------------

--
-- 表的结构 `authassignment`
--

CREATE TABLE IF NOT EXISTS `authassignment` (
  `itemname` varchar(64) NOT NULL,
  `userid` varchar(64) NOT NULL,
  `bizrule` text,
  `data` text,
  PRIMARY KEY (`itemname`,`userid`)
) ENGINE=InnoDB DEFAULT CHARSET=utf8;

-- --------------------------------------------------------

--
-- 表的结构 `authitem`
--

CREATE TABLE IF NOT EXISTS `authitem` (
  `name` varchar(64) NOT NULL,
  `type` int(11) NOT NULL,
  `description` text,
  `bizrule` text,
  `data` text,
  PRIMARY KEY (`name`)
) ENGINE=InnoDB DEFAULT CHARSET=utf8;

-- --------------------------------------------------------

--
-- 表的结构 `authitemchild`
--

CREATE TABLE IF NOT EXISTS `authitemchild` (
  `parent` varchar(64) NOT NULL,
  `child` varchar(64) NOT NULL,
  PRIMARY KEY (`parent`,`child`),
  KEY `child` (`child`)
) ENGINE=InnoDB DEFAULT CHARSET=utf8;

-- --------------------------------------------------------

--
-- 表的结构 `brand`
--

CREATE TABLE IF NOT EXISTS `brand` (
  `value_id` int(10) unsigned NOT NULL DEFAULT '0',
  `value_name` varchar(45) DEFAULT NULL COMMENT 'vid的值',
  `prop_id` int(10) unsigned NOT NULL,
  `prop_name` varchar(45) DEFAULT NULL COMMENT '品牌的属性名',
  PRIMARY KEY (`value_id`),
  KEY `fk_brand_prop_value1` (`value_id`),
  KEY `fk_brand_item_prop1` (`prop_id`)
) ENGINE=InnoDB DEFAULT CHARSET=utf8;

-- --------------------------------------------------------

--
-- 表的结构 `cache`
--

CREATE TABLE IF NOT EXISTS `cache` (
  `id` char(128) NOT NULL,
  `expire` int(11) DEFAULT NULL,
  `value` longblob,
  PRIMARY KEY (`id`)
) ENGINE=InnoDB DEFAULT CHARSET=utf8;

-- --------------------------------------------------------

--
-- 表的结构 `category`
--

CREATE TABLE IF NOT EXISTS `category` (
  `category_id` int(10) unsigned NOT NULL AUTO_INCREMENT,
  `left` int(10) unsigned NOT NULL,
  `right` int(10) unsigned NOT NULL,
  `root` int(10) unsigned NOT NULL,
  `level` int(10) unsigned NOT NULL,
  `name` varchar(200) NOT NULL COMMENT '分类名',
  `label` tinyint(3) unsigned NOT NULL DEFAULT '0',
  `url` varchar(200) NOT NULL COMMENT '分类的url显示',
  `pic` varchar(255) NOT NULL COMMENT '分类图片',
  `is_show` tinyint(1) unsigned NOT NULL DEFAULT '1' COMMENT '是否显示',
  PRIMARY KEY (`category_id`)
) ENGINE=InnoDB  DEFAULT CHARSET=utf8 AUTO_INCREMENT=131 ;

--
-- 转存表中的数据 `category`
--

INSERT INTO `category` (`category_id`, `left`, `right`, `root`, `level`, `name`, `label`, `url`, `pic`, `is_show`) VALUES
(1, 1, 30, 1, 1, '内容分类', 0, '', '', 1),
(3, 1, 42, 3, 1, '商品分类', 0, '', '', 1),
(4, 2, 13, 1, 2, '单页分类', 0, '', '', 1),
(5, 14, 17, 1, 2, '文章分类', 0, '', '', 1),
(11, 15, 16, 1, 3, '最新公告', 0, '', '', 1),
(13, 3, 12, 1, 3, '帮助中心', 0, '', '', 0),
(32, 4, 5, 1, 4, '新手上路', 0, '', '', 0),
(33, 6, 7, 1, 4, '购物指南', 0, '', '', 0),
(34, 8, 9, 1, 4, '支付/配送方式', 0, '', '', 0),
(35, 10, 11, 1, 4, '购物条款', 0, '', '', 0),
(40, 1, 2, 40, 1, '商品类型', 0, '', '', 1),
(104, 18, 23, 1, 2, '客服分类', 0, '', '', 0),
(105, 19, 20, 1, 3, '售前咨询', 0, '', '', 0),
(106, 21, 22, 1, 3, '售后咨询', 0, '', '', 0),
(107, 24, 29, 1, 2, '友情链接', 0, '', '', 0),
(108, 25, 26, 1, 3, '国内站', 0, '', '', 0),
(109, 27, 28, 1, 3, '国际站', 0, '', '', 0),
(110, 2, 11, 3, 2, '布艺软饰', 1, 'bed', '/basic/upload/image/20131223/20131223174212_92702.jpg', 0),
(111, 12, 33, 3, 2, '床上用品', 1, 'beditem', '/basic/upload/image/20131223/20131223174212_92702.jpg', 0),
(112, 3, 4, 3, 3, '床品套件/四件套/多件套', 0, 'sijiantao', '/basic/upload/category/20130429/20130429112344_22142.jpg', 0),
(113, 5, 6, 3, 3, '被子/蚕丝被/羽绒被/棉被', 0, '', '/basic/upload/category/20130429/20130429112353_21672.jpg', 0),
(114, 13, 14, 3, 3, '枕头/枕芯/保健枕/颈椎枕', 0, '', '', 0),
(115, 15, 16, 3, 3, '床垫/床褥/床护垫/榻榻米床垫', 0, '', '', 0),
(116, 17, 18, 3, 3, '被套', 0, '', '', 0),
(117, 19, 20, 3, 3, '床单/床裙/床笠/床罩', 0, '', '', 0),
(118, 21, 22, 3, 3, '枕套/枕巾', 0, '', '', 0),
(119, 23, 24, 3, 3, '婚庆床品', 0, '', '', 0),
(120, 25, 26, 3, 3, '婴童床品', 0, '', '/basic/upload/category/20130614/20130614184559_39547.jpg', 0),
(121, 27, 28, 3, 3, '床品定制/定做', 0, '', '', 0),
(122, 29, 30, 3, 3, '蚊帐/床幔', 0, '', '', 0),
(123, 31, 32, 3, 3, '凉席/竹席/藤席/草席/牛皮席', 0, '', '', 0),
(124, 9, 10, 3, 3, '床品配件', 0, '', '/yincart/basic/upload/category/20130614/20130614183555_21640.jpg', 0),
(125, 7, 8, 3, 3, '睡袋', 0, '', '/yincart/basic/upload/category/20130429/20130429112402_42198.jpg', 0),
(126, 34, 37, 3, 2, '数码产品', 1, '', '/yincart/basic/upload/item/image/20130623/20130623071018_84506.jpg', 1),
(127, 35, 36, 3, 3, '笔记本', 0, '', '/yincart/basic/upload/image/20131223/20131223174212_92702.jpg', 1),
(129, 38, 39, 3, 2, '精品男装', 2, '', '/yincart/basic/upload/page/3/image/20130415/20130415110344_38558.jpg', 1),
(130, 40, 41, 3, 2, '精品女装', 2, '', '/yincart/basic/upload/page/3/image/20130415/20130415110344_32145.png', 1);

-- --------------------------------------------------------

--
-- 表的结构 `comment`
--

CREATE TABLE IF NOT EXISTS `comment` (
  `id` int(11) NOT NULL AUTO_INCREMENT,
  `content` text CHARACTER SET utf8 COLLATE utf8_unicode_ci NOT NULL,
  `status` int(11) NOT NULL,
  `create_time` int(11) DEFAULT NULL,
  `author` varchar(128) CHARACTER SET utf8 COLLATE utf8_unicode_ci NOT NULL,
  `email` varchar(128) CHARACTER SET utf8 COLLATE utf8_unicode_ci NOT NULL,
  `url` varchar(128) CHARACTER SET utf8 COLLATE utf8_unicode_ci DEFAULT NULL,
  `post_id` int(11) NOT NULL,
  `author_id` int(11) NOT NULL,
  PRIMARY KEY (`id`),
  KEY `FK_comment_post` (`post_id`)
) ENGINE=InnoDB  DEFAULT CHARSET=utf8 AUTO_INCREMENT=2 ;

--
-- 转存表中的数据 `comment`
--

INSERT INTO `comment` (`id`, `content`, `status`, `create_time`, `author`, `email`, `url`, `post_id`, `author_id`) VALUES
(1, '1111', 2, 1393320166, '11', '11@11.com', '', 2, 0);

-- --------------------------------------------------------

--
-- 表的结构 `currency`
--

CREATE TABLE IF NOT EXISTS `currency` (
  `currency_id` int(11) NOT NULL AUTO_INCREMENT,
  `code` varchar(8) DEFAULT NULL,
  `name` varchar(20) DEFAULT NULL,
  `sign` varchar(5) DEFAULT NULL,
  `rate` decimal(10,4) DEFAULT NULL,
  `is_default` tinyint(1) DEFAULT '0',
  `enabled` tinyint(1) DEFAULT '0',
  PRIMARY KEY (`currency_id`)
) ENGINE=InnoDB DEFAULT CHARSET=utf8 AUTO_INCREMENT=1 ;

-- --------------------------------------------------------

--
-- 表的结构 `customer_service`
--

CREATE TABLE IF NOT EXISTS `customer_service` (
  `id` int(11) NOT NULL AUTO_INCREMENT,
  `category_id` int(10) unsigned NOT NULL,
  `type` tinyint(1) NOT NULL,
  `nick_name` varchar(50) NOT NULL,
  `account` varchar(100) NOT NULL,
  `is_show` tinyint(1) NOT NULL DEFAULT '1',
  `sort_order` int(11) NOT NULL DEFAULT '255',
  PRIMARY KEY (`id`)
) ENGINE=InnoDB  DEFAULT CHARSET=utf8 AUTO_INCREMENT=13 ;

--
-- 转存表中的数据 `customer_service`
--

INSERT INTO `customer_service` (`id`, `category_id`, `type`, `nick_name`, `account`, `is_show`, `sort_order`) VALUES
(1, 105, 1, '客服', '123456', 1, 5),
(8, 105, 1, '客服', '123456', 1, 255),
(9, 105, 2, '客服', '123456', 1, 255),
(10, 106, 1, '客服', '123456', 1, 255),
(11, 106, 1, '客服', '123456', 1, 255),
(12, 106, 2, '客服', '123456', 1, 255);

-- --------------------------------------------------------

--
-- 表的结构 `eavattr`
--

CREATE TABLE IF NOT EXISTS `eavattr` (
  `entity` bigint(20) unsigned NOT NULL,
  `attribute` varchar(250) NOT NULL,
  `value` text NOT NULL,
  KEY `ikEntity` (`entity`)
) ENGINE=InnoDB DEFAULT CHARSET=utf8;

--
-- 转存表中的数据 `eavattr`
--

INSERT INTO `eavattr` (`entity`, `attribute`, `value`) VALUES
(1, 'keywords', 'yincart,yii,opensource11111'),
(2, 'keywords', '222'),
(25, 'keywords', 'test111');

-- --------------------------------------------------------

--
-- 表的结构 `feedback`
--

CREATE TABLE IF NOT EXISTS `feedback` (
  `id` int(11) NOT NULL AUTO_INCREMENT,
  `name` varchar(50) NOT NULL,
  `tel` varchar(100) NOT NULL,
  `email` varchar(100) NOT NULL,
  `content` text NOT NULL,
  `reply` text NOT NULL,
  `create_time` int(11) NOT NULL,
  `update_time` int(11) NOT NULL,
  PRIMARY KEY (`id`)
) ENGINE=InnoDB DEFAULT CHARSET=utf8 AUTO_INCREMENT=1 ;

-- --------------------------------------------------------

--
-- 表的结构 `friend_link`
--

CREATE TABLE IF NOT EXISTS `friend_link` (
  `link_id` int(11) NOT NULL AUTO_INCREMENT,
  `category_id` int(11) DEFAULT NULL,
  `title` varchar(100) NOT NULL,
  `pic` varchar(255) NOT NULL,
  `url` varchar(200) NOT NULL,
  `memo` text NOT NULL,
  `sort_order` int(11) NOT NULL DEFAULT '255',
  `language` varchar(45) NOT NULL,
  `create_time` int(11) NOT NULL,
  `update_time` int(11) NOT NULL,
  PRIMARY KEY (`link_id`)
) ENGINE=InnoDB  DEFAULT CHARSET=utf8 AUTO_INCREMENT=4 ;

--
-- 转存表中的数据 `friend_link`
--

INSERT INTO `friend_link` (`link_id`, `category_id`, `title`, `pic`, `url`, `memo`, `sort_order`, `language`, `create_time`, `update_time`) VALUES
(1, 108, '京东', '', 'http://jd.com', '', 255, 'zh_cn', 1373474052, 1373474052),
(2, 108, '凡客', '', 'http://vancl.com', '', 255, 'zh_cn', 1373474071, 1373474071),
(3, 109, '兰亭集势', '', 'http://lightinthebox.com', '', 255, 'zh_cn', 1373474102, 1373474102);

-- --------------------------------------------------------

--
-- 表的结构 `groupon`
--

CREATE TABLE IF NOT EXISTS `groupon` (
  `id` int(10) unsigned NOT NULL AUTO_INCREMENT,
  `title` varchar(255) CHARACTER SET utf8 NOT NULL COMMENT '长标题',
  `short_title` varchar(18) CHARACTER SET utf8 NOT NULL COMMENT '短信标题',
  `sms_title` varchar(10) CHARACTER SET utf8 NOT NULL COMMENT '手机短信标题',
  `image` varchar(128) CHARACTER SET utf8 NOT NULL DEFAULT '' COMMENT '主图',
  `cate_1_id` int(10) unsigned NOT NULL COMMENT '一级分类',
  `cate_2_id` int(10) unsigned NOT NULL COMMENT '二级分类',
  `cate_3_id` int(10) unsigned NOT NULL DEFAULT '0' COMMENT '三级分类',
  `biz_id` int(10) unsigned NOT NULL COMMENT '商家id',
  `contract_id` int(10) unsigned NOT NULL COMMENT '合同id',
  `price` double(10,2) unsigned NOT NULL DEFAULT '0.00' COMMENT '团购价',
  `market_price` double(10,2) unsigned NOT NULL DEFAULT '0.00' COMMENT '市场价',
  `cost` double(10,2) unsigned NOT NULL DEFAULT '0.00' COMMENT '成本价',
  `begin_time` int(10) unsigned NOT NULL DEFAULT '0' COMMENT '开始时间',
  `end_time` int(10) unsigned NOT NULL DEFAULT '0' COMMENT '结束时间',
  `expire_time` int(10) unsigned NOT NULL DEFAULT '0' COMMENT '过期时间',
  `per_number` int(10) unsigned NOT NULL DEFAULT '0' COMMENT '每人限购',
  `once_number` int(10) unsigned NOT NULL DEFAULT '0' COMMENT '每单限购',
  `begin_number` int(10) unsigned NOT NULL DEFAULT '1' COMMENT '起购数量',
  `now_number` int(10) unsigned NOT NULL DEFAULT '0' COMMENT '目前销量',
  `pre_number` int(10) unsigned NOT NULL DEFAULT '0' COMMENT '加水量',
  `max_number` int(11) NOT NULL DEFAULT '-1' COMMENT '库存',
  `display` tinyint(3) unsigned NOT NULL DEFAULT '1' COMMENT '是否显示1显示0不显示',
  `sort` int(10) unsigned NOT NULL DEFAULT '0' COMMENT '站内排序值',
  `is_copy` tinyint(3) unsigned NOT NULL DEFAULT '0' COMMENT '是否为复制项目',
  `examine_status` tinyint(3) unsigned NOT NULL DEFAULT '1' COMMENT '1=草稿 2=提交审核3=销售审核通过等待编辑4=销售审核失败 5=编辑完成等待审核 6=编辑审核失败7=编辑审核成功等待上线',
  `examine_id` int(10) unsigned NOT NULL DEFAULT '0' COMMENT '审核人id',
  `examine_reason` varchar(128) CHARACTER SET utf8 NOT NULL DEFAULT '' COMMENT '审核原因',
  `create_id` int(10) unsigned NOT NULL DEFAULT '0' COMMENT '项目创建者id',
  `create_time` int(10) unsigned NOT NULL DEFAULT '0' COMMENT '创建时间',
  `update_time` int(10) unsigned NOT NULL DEFAULT '0' COMMENT '更新时间',
  PRIMARY KEY (`id`),
  KEY `cate_1_id` (`cate_1_id`,`cate_2_id`,`cate_3_id`,`biz_id`,`contract_id`,`price`,`begin_time`,`end_time`,`display`,`sort`)
) ENGINE=InnoDB DEFAULT CHARSET=utf8 COLLATE=utf8_unicode_ci COMMENT='团购项目主表' AUTO_INCREMENT=1 ;

-- --------------------------------------------------------

--
-- 表的结构 `groupon_attach`
--

CREATE TABLE IF NOT EXISTS `groupon_attach` (
  `id` int(10) unsigned NOT NULL AUTO_INCREMENT,
  `relation_id` int(10) unsigned NOT NULL COMMENT '关联表id',
  `relation_type` enum('contract','biz','groupon') COLLATE utf8_unicode_ci NOT NULL DEFAULT 'contract' COMMENT '关联类型 默认合同',
  `file_name` varchar(128) CHARACTER SET utf8 NOT NULL DEFAULT '' COMMENT '文件名',
  `file_path` varchar(128) CHARACTER SET utf8 NOT NULL DEFAULT '' COMMENT '文件路径',
  `title` varchar(128) CHARACTER SET utf8 NOT NULL DEFAULT '' COMMENT '图片标题',
  `create_time` int(11) NOT NULL DEFAULT '0',
  PRIMARY KEY (`id`),
  KEY `relation_id` (`relation_id`)
) ENGINE=InnoDB DEFAULT CHARSET=utf8 COLLATE=utf8_unicode_ci COMMENT='合同等附件表' AUTO_INCREMENT=1 ;

-- --------------------------------------------------------

--
-- 表的结构 `groupon_attr`
--

CREATE TABLE IF NOT EXISTS `groupon_attr` (
  `id` int(10) unsigned NOT NULL AUTO_INCREMENT,
  `groupon_id` int(10) unsigned NOT NULL COMMENT '团购id',
  `note` text CHARACTER SET utf8 NOT NULL COMMENT '温馨提示',
  `detail` text CHARACTER SET utf8 NOT NULL COMMENT '商品详情（表格）',
  `info` text CHARACTER SET utf8 NOT NULL COMMENT '图文介绍',
  `create_time` int(10) unsigned NOT NULL DEFAULT '0' COMMENT '创建时间',
  `update_time` int(10) unsigned NOT NULL DEFAULT '0' COMMENT '更新时间',
  PRIMARY KEY (`id`),
  UNIQUE KEY `groupon_id` (`groupon_id`)
) ENGINE=InnoDB DEFAULT CHARSET=utf8 COLLATE=utf8_unicode_ci COMMENT='团购属性表' AUTO_INCREMENT=1 ;

-- --------------------------------------------------------

--
-- 表的结构 `groupon_biz`
--

CREATE TABLE IF NOT EXISTS `groupon_biz` (
  `id` int(10) unsigned NOT NULL AUTO_INCREMENT,
  `username` varchar(32) CHARACTER SET utf8 NOT NULL DEFAULT '' COMMENT '用户名',
  `password` varchar(32) CHARACTER SET utf8 NOT NULL DEFAULT '' COMMENT '密码',
  `title` varchar(128) CHARACTER SET utf8 NOT NULL COMMENT '商家名称',
  `license_photo` varchar(128) CHARACTER SET utf8 NOT NULL DEFAULT '' COMMENT '营业执照',
  `contact` varchar(32) CHARACTER SET utf8 NOT NULL DEFAULT '' COMMENT '联系人',
  `phone` varchar(18) COLLATE utf8_unicode_ci NOT NULL DEFAULT '' COMMENT '联系电话',
  `mobile` char(11) COLLATE utf8_unicode_ci NOT NULL DEFAULT '' COMMENT '手机号',
  `bank_user` varchar(18) CHARACTER SET utf8 NOT NULL DEFAULT '' COMMENT '开户名',
  `bank_name` varchar(128) CHARACTER SET utf8 NOT NULL DEFAULT '' COMMENT '开户行',
  `bank_child` varchar(128) CHARACTER SET utf8 NOT NULL DEFAULT '' COMMENT '支行信息',
  `bank_no` varchar(32) CHARACTER SET utf8 NOT NULL DEFAULT '' COMMENT '银行账号',
  `create_id` int(10) unsigned NOT NULL DEFAULT '0' COMMENT '创建者id',
  `examine_status` tinyint(3) unsigned NOT NULL DEFAULT '1' COMMENT '1=草稿状态 2=审核提交 3=审核通过 4=审核驳回',
  `examine_id` int(10) unsigned NOT NULL DEFAULT '0' COMMENT '审核人id',
  `examine_reason` varchar(128) CHARACTER SET utf8 NOT NULL DEFAULT '' COMMENT '审核原因',
  `create_time` int(10) unsigned NOT NULL DEFAULT '0' COMMENT '创建时间',
  `update_time` int(10) unsigned NOT NULL DEFAULT '0' COMMENT '更新时间',
  `display` tinyint(3) unsigned NOT NULL DEFAULT '1' COMMENT '是否显示1显示0不显示',
  PRIMARY KEY (`id`),
  KEY `examine_status` (`examine_status`,`display`)
) ENGINE=InnoDB  DEFAULT CHARSET=utf8 COLLATE=utf8_unicode_ci COMMENT='团购商家主表' AUTO_INCREMENT=8 ;

--
-- 转存表中的数据 `groupon_biz`
--

INSERT INTO `groupon_biz` (`id`, `username`, `password`, `title`, `license_photo`, `contact`, `phone`, `mobile`, `bank_user`, `bank_name`, `bank_child`, `bank_no`, `create_id`, `examine_status`, `examine_id`, `examine_reason`, `create_time`, `update_time`, `display`) VALUES
(1, '久久', '123456', 'test', '', '张久龙', '', '13910799432', '张三', '北京银行', '中关村支行', '6222020256788654', 0, 1, 0, '', 0, 0, 1),
(2, '张三', '123456', 'test', '', '张久龙', '', '13910799432', '张三', '北京银行', '中关村支行', '6222020256788654', 2, 1, 0, '', 1376201258, 1376201258, 1),
(3, '张三', '123456', 'test', '', '张久龙', '', '13910799432', '张三', '北京银行', '中关村支行', '6222020256788654', 2, 1, 0, '', 1376201985, 1376201985, 1),
(4, '张三', '123456', 'test', '', '张久龙', '', '13910799432', '张三', '北京银行', '中关村支行', '6222020256788654', 2, 1, 0, '', 1376202047, 1376202047, 1),
(5, '张三', '123456', 'dsadasfa', 'upload/groupon/2013/08/137620660866313.png', '张三', '', '13910799432', '张三', '北京银行', '中关村支行', '6222020256788654', 2, 1, 0, '', 1376206608, 1376207594, 1),
(6, '张三', '123456', 'dadsfadfa', 'upload/groupon/2013/08/137620999324820.png', '张久龙', '', '13910799432', '张三', '北京银行', '中关村支行', '6222020256788654', 2, 1, 0, '', 1376209993, 1376209993, 1),
(7, '撒范德萨发', '32432432', '阿萨德发的', '', '爱的色放', '', '13910799432', '张三', '北京银行', '中关村支行', '42345467678568578568', 0, 1, 0, '', 1376573243, 1376573243, 1);

-- --------------------------------------------------------

--
-- 表的结构 `groupon_biz_shop`
--

CREATE TABLE IF NOT EXISTS `groupon_biz_shop` (
  `id` int(10) unsigned NOT NULL AUTO_INCREMENT,
  `biz_id` int(10) unsigned NOT NULL COMMENT '商家id',
  `name` varchar(128) CHARACTER SET utf8 NOT NULL COMMENT '分店名',
  `service_tel` varchar(128) CHARACTER SET utf8 NOT NULL COMMENT '预约电话',
  `address` varchar(255) CHARACTER SET utf8 NOT NULL DEFAULT '' COMMENT '分店地址',
  `travel_info` varchar(255) CHARACTER SET utf8 NOT NULL DEFAULT '' COMMENT '公交信息',
  `open_time` varchar(255) CHARACTER SET utf8 NOT NULL DEFAULT '' COMMENT '营业时间',
  `province_id` int(10) unsigned NOT NULL DEFAULT '0' COMMENT '省份id',
  `city_id` int(10) unsigned NOT NULL DEFAULT '0' COMMENT '城市id',
  `area_id` int(10) unsigned NOT NULL DEFAULT '0' COMMENT '区域id',
  `cbd_id` int(10) unsigned NOT NULL DEFAULT '0' COMMENT '商圈id',
  `lnglat` varchar(64) CHARACTER SET utf8 NOT NULL DEFAULT '' COMMENT '经纬度',
  `is_reservation` tinyint(3) unsigned NOT NULL DEFAULT '1' COMMENT '是否需要预约1需要0不需要',
  `create_time` int(10) unsigned NOT NULL DEFAULT '0' COMMENT '创建时间',
  `update_time` int(10) unsigned NOT NULL DEFAULT '0' COMMENT '更新时间',
  PRIMARY KEY (`id`),
  KEY `biz_id` (`biz_id`,`city_id`,`area_id`,`cbd_id`,`is_reservation`)
) ENGINE=InnoDB DEFAULT CHARSET=utf8 COLLATE=utf8_unicode_ci COMMENT='商家分店' AUTO_INCREMENT=1 ;

-- --------------------------------------------------------

--
-- 表的结构 `groupon_cates`
--

CREATE TABLE IF NOT EXISTS `groupon_cates` (
  `id` int(10) unsigned NOT NULL AUTO_INCREMENT,
  `name` varchar(32) CHARACTER SET utf8 NOT NULL COMMENT '分类名',
  `ename` varchar(20) CHARACTER SET utf8 NOT NULL COMMENT '分类别名',
  `pid` int(10) unsigned NOT NULL DEFAULT '0' COMMENT '父级id',
  `level` tinyint(3) unsigned NOT NULL DEFAULT '1' COMMENT '等级',
  `path` varchar(255) COLLATE utf8_unicode_ci NOT NULL DEFAULT '' COMMENT '分类路径',
  `is_hot` tinyint(3) unsigned NOT NULL DEFAULT '0' COMMENT '是否热门0不热 1热',
  PRIMARY KEY (`id`),
  UNIQUE KEY `ename` (`ename`),
  KEY `pid` (`pid`,`level`,`path`,`is_hot`)
) ENGINE=InnoDB  DEFAULT CHARSET=utf8 COLLATE=utf8_unicode_ci COMMENT='团购分类表' AUTO_INCREMENT=181 ;

--
-- 转存表中的数据 `groupon_cates`
--

INSERT INTO `groupon_cates` (`id`, `name`, `ename`, `pid`, `level`, `path`, `is_hot`) VALUES
(1, '餐饮美食', 'canyinmeishi', 0, 1, '0,', 0),
(2, '休闲娱乐', 'xiuxianyule', 0, 1, '0,', 0),
(3, '旅游住宿', 'lvyouzhusu', 0, 1, '0,', 0),
(4, '生活服务', 'shenghuofuwu', 0, 1, '0,', 0),
(5, '丽人', 'liren', 0, 1, '0,', 0),
(6, '网上购物', 'wangshanggouwu', 0, 1, '0,', 0),
(7, '火锅', 'huoguo', 1, 2, '0,1,', 0),
(8, '烧烤', 'shaokao', 1, 2, '0,1,', 0),
(9, '西餐', 'xican', 1, 2, '0,1,', 0),
(10, '海鲜', 'haixian', 1, 2, '0,1,', 0),
(11, '地方菜', 'difangcai', 1, 2, '0,1,', 0),
(12, '烤鱼', 'kaoyu', 1, 2, '0,1,', 0),
(13, '麻辣香锅', 'malaxiangguo', 1, 2, '0,1,', 0),
(14, '日韩料理', 'rihanliaoli', 1, 2, '0,1,', 0),
(15, '东南亚菜', 'dongnanyacai', 1, 2, '0,1,', 0),
(16, '快餐', 'kuaican', 1, 2, '0,1,', 0),
(17, '咖啡', 'kafei', 1, 2, '0,1,', 0),
(18, '下午茶', 'xiawucha', 1, 2, '0,1,', 0),
(19, '蛋糕', 'dangao', 1, 2, '0,1,', 0),
(20, '其他', 'qitacanyin', 1, 2, '0,1,', 0),
(21, '电影', 'dianying', 2, 2, '0,2,', 0),
(22, 'KTV', 'ktv', 2, 2, '0,2,', 0),
(23, '运动健身', 'yundongjianshen', 2, 2, '0,2,', 0),
(24, '游乐电玩', 'youledianwan', 2, 2, '0,2,', 0),
(25, '展览演出', 'zhanlanyanchu', 2, 2, '0,2,', 0),
(26, '足疗按摩', 'zhuliaoanmo', 2, 2, '0,2,', 0),
(27, '洗浴', 'xiyu', 2, 2, '0,2,', 0),
(28, '采摘', 'caizhai', 2, 2, '0,2,', 0),
(29, '滑雪', 'huaxue', 2, 2, '0,2,', 0),
(30, '温泉', 'wenquan', 2, 2, '0,2,', 0),
(31, '其他', 'qitaxiuxian', 2, 2, '0,2,', 0),
(32, '酒店', 'jiudian', 3, 2, '0,3,', 0),
(33, '旅游', 'lvyou', 3, 2, '0,3,', 0),
(34, '景点公园', 'jingdiangongyuan', 3, 2, '0,3,', 0),
(35, '其他', 'qitalvyou', 3, 2, '0,3,', 0),
(36, '写真', 'xiezhen', 4, 2, '0,4,', 0),
(37, '婚纱摄影', 'hunshasheying', 4, 2, '0,4,', 0),
(38, '儿童摄影', 'ertongsheying', 4, 2, '0,4,', 0),
(39, '汽车养护', 'qicheyanghu', 4, 2, '0,4,', 0),
(40, '教育培训', 'jiaoyupeixun', 4, 2, '0,4,', 0),
(41, '体检', 'tijian', 4, 2, '0,4,', 0),
(42, '配镜', 'peijing', 4, 2, '0,4,', 0),
(43, '口腔', 'kouqiang', 4, 2, '0,4,', 0),
(44, '鲜花配送', 'xianhuapeisong', 4, 2, '0,4,', 0),
(45, '婚庆策划', 'hunqingcehua', 4, 2, '0,4,', 0),
(46, '其他', 'qitashenghuo', 4, 2, '0,4,', 0),
(47, '美发', 'meifa', 5, 2, '0,5,', 0),
(48, '美甲', 'meijia', 5, 2, '0,5,', 0),
(49, '美容美体', 'meirongmeiti', 5, 2, '0,5,', 0),
(50, '其他', 'qitaliren', 5, 2, '0,5,', 0),
(51, '服装', 'fuzhuang', 6, 2, '0,6,', 0),
(52, '生活家居', 'shenghuojiaju', 6, 2, '0,6,', 0),
(53, '食品饮料', 'shipinyinliao', 6, 2, '0,6,', 0),
(54, '化妆品', 'huazhuangpin', 6, 2, '0,6,', 0),
(55, '箱包', 'xiangbao', 6, 2, '0,6,', 0),
(56, '家用电器', 'jiayongdianqi', 6, 2, '0,6,', 0),
(57, '手机数码', 'shoujishuma', 6, 2, '0,6,', 0),
(58, '鞋靴', 'xiexue', 6, 2, '0,6,', 0),
(59, '饰品', 'shipin', 6, 2, '0,6,', 0),
(60, '手表', 'shoubiao', 6, 2, '0,6,', 0),
(61, '母婴用品', 'muyinyongpin', 6, 2, '0,6,', 0),
(62, '玩具', 'wanju', 6, 2, '0,6,', 0),
(63, '礼品', 'lipin', 6, 2, '0,6,', 0),
(64, '其他', 'qitagouwu', 6, 2, '0,6,', 0),
(65, '羊肉涮锅', 'yangroushuanguo', 7, 3, '0,1,7,', 0),
(66, '羊蝎子', 'yangxiezi', 7, 3, '0,1,7,', 0),
(67, '豆捞', 'doulao', 7, 3, '0,1,7,', 0),
(68, '川味火锅', 'chuanweihuoguo', 7, 3, '0,1,7,', 0),
(69, '鱼火锅', 'yuhuoguo', 7, 3, '0,1,7,', 0),
(70, '肥牛火锅', 'feiniuhuoguo', 7, 3, '0,1,7,', 0),
(71, '其他', 'qitahuoguo', 7, 3, '0,1,7,', 0),
(72, '烤羊腿', 'kaoyangtui', 8, 3, '0,1,8,', 0),
(73, '韩式烧烤', 'hanshisaokao', 8, 3, '0,1,8,', 0),
(74, '铁板烧', 'tiebansao', 8, 3, '0,1,8,', 0),
(75, '其他', 'qitasaokao', 8, 3, '0,1,8,', 0),
(76, '川菜', 'chuancai', 11, 3, '0,1,11,', 0),
(77, '湘菜', 'xiangcai', 11, 3, '0,1,11,', 0),
(78, '东北菜', 'dongbeicai', 11, 3, '0,1,11,', 0),
(79, '江浙菜', 'jiangzhecai', 11, 3, '0,1,11,', 0),
(80, '粤菜', 'yuecai', 11, 3, '0,1,11,', 0),
(81, '西北菜', 'xibeicai', 11, 3, '0,1,11,', 0),
(82, '鲁菜', 'lucai', 11, 3, '0,1,11,', 0),
(83, '新疆清真', 'xinjiangqingzhen', 11, 3, '0,1,11,', 0),
(84, '云贵菜', 'yunguicai', 11, 3, '0,1,11,', 0),
(85, '家常菜', 'jiachangcai', 11, 3, '0,1,11,', 0),
(86, '其他', 'qitadifangcai', 11, 3, '0,1,11,', 0),
(87, '日本菜', 'ribencai', 14, 3, '0,1,14,', 0),
(88, '韩国料理', 'hanguoliaoli', 14, 3, '0,1,14,', 0),
(89, '其他', 'qitarihanliaoli', 14, 3, '0,1,14,', 0),
(90, '披萨', 'pisa', 16, 3, '0,1,16,', 0),
(91, '小吃', 'xiaochi', 16, 3, '0,1,16,', 0),
(92, '其他', 'qitakuaican', 16, 3, '0,1,16,', 0),
(93, '游泳', 'youyong', 23, 3, '0,2,23,', 0),
(94, '羽毛球', 'yumaoqiu', 23, 3, '0,2,23,', 0),
(95, '台球', 'taiqiu', 23, 3, '0,2,23,', 0),
(96, '保龄球', 'baolingqiu', 23, 3, '0,2,23,', 0),
(97, '瑜伽', 'yujia', 23, 3, '0,2,23,', 0),
(98, '舞蹈', 'wudao', 23, 3, '0,2,23,', 0),
(99, '健身中心', 'jianshenzhongxin', 23, 3, '0,2,23,', 0),
(100, '滑雪滑冰', 'huaxuehuabing', 23, 3, '0,2,23,', 0),
(101, '其他', 'qitayundongjianshen', 23, 3, '0,2,23,', 0),
(102, '桌游', 'zhuoyou', 24, 3, '0,2,24,', 0),
(103, '电玩', 'dianwan', 24, 3, '0,2,24,', 0),
(104, '密室逃生', 'mishitaosheng', 24, 3, '0,2,24,', 0),
(105, '真人cs', 'zhenrencs', 24, 3, '0,2,24,', 0),
(106, '游乐园', 'youleyuan', 24, 3, '0,2,24,', 0),
(107, '其他', 'qitayoule', 24, 3, '0,2,24,', 0),
(108, '话剧', 'huaju', 25, 3, '0,2,25,', 0),
(109, '相声', 'xiangsheng', 25, 3, '0,2,25,', 0),
(110, '演唱会', 'yanchanghui', 25, 3, '0,2,25,', 0),
(111, '其他', 'qitazhanlanyanchu', 25, 3, '0,2,25,', 0),
(112, '快捷酒店', 'kuaijiejiudian', 32, 3, '0,3,32,', 0),
(113, '度假村', 'dujiacun', 32, 3, '0,3,32,', 0),
(114, '五星级', 'wuxingji', 32, 3, '0,3,32,', 0),
(115, '四星级', 'sixingji', 32, 3, '0,3,32,', 0),
(116, '三星级', 'sanxingji', 32, 3, '0,3,32,', 0),
(117, '青年旅社', 'qingnianlvshe', 32, 3, '0,3,32,', 0),
(118, '其他', 'qitajiudian', 32, 3, '0,3,32,', 0),
(119, '周边游', 'zhoubianyou', 33, 3, '0,3,33,', 0),
(120, '自由行', 'ziyouxing', 33, 3, '0,3,33,', 0),
(121, '跟团游', 'gentuanyou', 33, 3, '0,3,33,', 0),
(122, '其他', 'qitayou', 33, 3, '0,3,33,', 0),
(123, '女装', 'nvzhuang', 51, 3, '0,6,51,', 0),
(124, '男装', 'nanzhuang', 51, 3, '0,6,51,', 0),
(125, '童装', 'tongzhuang', 51, 3, '0,6,51,', 0),
(126, '内衣', 'neiyi', 51, 3, '0,6,51,', 0),
(127, '袜子', 'wazi', 51, 3, '0,6,51,', 0),
(128, '其他', 'qitafuzhuang', 51, 3, '0,6,51,', 0),
(129, '床上用品', 'chuangshangyongpin', 52, 3, '0,6,52,', 0),
(130, '生活日用', 'shenghuoriyong', 52, 3, '0,6,52,', 0),
(131, '清洁用品', 'qingjieyongpin', 52, 3, '0,6,52,', 0),
(132, '厨具', 'chuju', 52, 3, '0,6,52,', 0),
(133, '成人用品', 'chengrenyongpin', 52, 3, '0,6,52,', 0),
(134, '其他', 'qitashenghuojiaju', 52, 3, '0,6,52,', 0),
(135, '零食', 'lingshi', 53, 3, '0,6,53,', 0),
(136, '茶酒饮料', 'chajiuyinliao', 53, 3, '0,6,53,', 0),
(137, '保健品', 'baojianpin', 53, 3, '0,6,53,', 0),
(138, '粮油蔬果', 'liangyoushuguo', 53, 3, '0,6,53,', 0),
(139, '其他', 'qitashipinyinliao', 53, 3, '0,6,53,', 0),
(140, '面部保养', 'mianbubaoyang', 54, 3, '0,6,54,', 0),
(141, '眼唇保养', 'yanchunbaoyang', 54, 3, '0,6,54,', 0),
(142, '身体护理', 'shentihuli', 54, 3, '0,6,54,', 0),
(143, '彩妆', 'caizhuang', 54, 3, '0,6,54,', 0),
(144, '香水', 'xiangshui', 54, 3, '0,6,54,', 0),
(145, '美容工具', 'meironggongju', 54, 3, '0,6,54,', 0),
(146, '其他', 'qitahuazhuangpin', 54, 3, '0,6,54,', 0),
(147, '女包-单肩', 'nvbaodanjian', 55, 3, '0,6,55,', 0),
(148, '女包-手提', 'nvbaoshouti', 55, 3, '0,6,55,', 0),
(149, '女包-斜挎', 'nvbaoxiekua', 55, 3, '0,6,55,', 0),
(150, '女包-钱包', 'nvbaoqianbao', 55, 3, '0,6,55,', 0),
(151, '男包-单肩', 'nanbaodanjian', 55, 3, '0,6,55,', 0),
(152, '男包-手提', 'nanbaoshouti', 55, 3, '0,6,55,', 0),
(153, '男包-钱包', 'nanbaoqianbao', 55, 3, '0,6,55,', 0),
(154, '功能箱包', 'nanbaogongnengbao', 55, 3, '0,6,55,', 0),
(155, '运动包', 'yundongbao', 55, 3, '0,6,55,', 0),
(156, '其他', 'qitaxiangbao', 55, 3, '0,6,55,', 0),
(157, '生活电器', 'shenghuodianqi', 56, 3, '0,6,56,', 0),
(158, '厨房电器', 'chufangdianqi', 56, 3, '0,6,56,', 0),
(159, '个人护理', 'gerenhuli', 56, 3, '0,6,56,', 0),
(160, '健康电器', 'jiankangdianqi', 56, 3, '0,6,56,', 0),
(161, '其他', 'qitajiayongdianqi', 56, 3, '0,6,56,', 0),
(162, '手机', 'shouji', 57, 3, '0,6,57,', 0),
(163, '手机配件', 'shoujipeijian', 57, 3, '0,6,57,', 0),
(164, '摄影摄像', 'sheyingshexiang', 57, 3, '0,6,57,', 0),
(165, '电脑数码', 'diannaoshuma', 57, 3, '0,6,57,', 0),
(166, '时尚影音', 'shishangyingyin', 57, 3, '0,6,57,', 0),
(167, '其他', 'qitashoujishuma', 57, 3, '0,6,57,', 0),
(168, '女鞋', 'nvxie', 58, 3, '0,6,58,', 0),
(169, '男鞋', 'nanxie', 58, 3, '0,6,58,', 0),
(170, '运动鞋', 'yundongxie', 58, 3, '0,6,58,', 0),
(171, '童鞋', 'tongxie', 58, 3, '0,6,58,', 0),
(172, '其他', 'qitaxiexue', 58, 3, '0,6,58,', 0),
(173, '眼镜', 'yanjing', 59, 3, '0,6,59,', 0),
(174, '围巾', 'weijin', 59, 3, '0,6,59,', 0),
(175, '皮带', 'pidai', 59, 3, '0,6,59,', 0),
(176, '首饰', 'shoushi', 59, 3, '0,6,59,', 0),
(177, '其他', 'qitashiping', 59, 3, '0,6,59,', 0),
(178, '妈妈用品', 'mamayongpin', 61, 3, '0,6,61,', 0),
(179, '宝宝用品', 'baobaoyongpin', 61, 3, '0,6,61,', 0),
(180, '其他', 'qitamyyingyongpin', 61, 3, '0,6,61,', 0);

-- --------------------------------------------------------

--
-- 表的结构 `groupon_contract`
--

CREATE TABLE IF NOT EXISTS `groupon_contract` (
  `id` int(10) unsigned NOT NULL AUTO_INCREMENT,
  `name` varchar(255) CHARACTER SET utf8 NOT NULL DEFAULT '' COMMENT '合同名称',
  `biz_id` int(10) unsigned NOT NULL COMMENT '商家id',
  `sign_time` int(10) unsigned NOT NULL DEFAULT '0' COMMENT '合同签订时间',
  `online_time` int(10) unsigned NOT NULL DEFAULT '0' COMMENT '预计上线时间',
  `end_time` int(10) unsigned NOT NULL DEFAULT '0' COMMENT '团购结束时间',
  `create_id` int(10) unsigned NOT NULL DEFAULT '0' COMMENT '签约人',
  `if_billing` tinyint(3) unsigned NOT NULL DEFAULT '0' COMMENT '是否开发票 0=不开发票 1=需要开具发票',
  `examine_status` tinyint(3) unsigned NOT NULL DEFAULT '1' COMMENT '合同状态1=待提交2=待审核3=审核通过4=驳回5=废除',
  `examine_id` int(10) unsigned NOT NULL DEFAULT '0' COMMENT '审核人id',
  `examine_reason` varchar(128) CHARACTER SET utf8 NOT NULL DEFAULT '' COMMENT '审核原因',
  `create_time` int(10) unsigned NOT NULL DEFAULT '0' COMMENT '创建时间',
  `update_time` int(10) unsigned NOT NULL DEFAULT '0' COMMENT '更新时间',
  PRIMARY KEY (`id`),
  KEY `biz_id` (`biz_id`,`examine_status`)
) ENGINE=InnoDB DEFAULT CHARSET=utf8 COLLATE=utf8_unicode_ci COMMENT='团购商家合同' AUTO_INCREMENT=1 ;

-- --------------------------------------------------------

--
-- 表的结构 `groupon_coupon`
--

CREATE TABLE IF NOT EXISTS `groupon_coupon` (
  `id` bigint(20) unsigned NOT NULL AUTO_INCREMENT,
  `code` varchar(16) CHARACTER SET utf8 NOT NULL COMMENT '券号',
  `pass` char(6) CHARACTER SET utf8 NOT NULL DEFAULT '' COMMENT '券密码',
  `groupon_id` int(10) unsigned NOT NULL COMMENT '团购id',
  `biz_id` int(10) unsigned NOT NULL COMMENT '商家id',
  `order_id` bigint(20) unsigned NOT NULL COMMENT '订单id',
  `user_id` int(10) unsigned NOT NULL DEFAULT '0' COMMENT '用户id',
  `status` tinyint(3) unsigned NOT NULL DEFAULT '1' COMMENT '1未消费2已消费3已退款4已过期',
  `sms` tinyint(3) unsigned NOT NULL DEFAULT '1' COMMENT '短信发送次数',
  `consume_time` int(10) unsigned NOT NULL DEFAULT '0' COMMENT '消费时间',
  `ref_time` int(10) unsigned NOT NULL DEFAULT '0' COMMENT '退款时间',
  `expire_time` int(10) unsigned NOT NULL DEFAULT '0' COMMENT '过期时间',
  `create_time` int(10) unsigned NOT NULL DEFAULT '0' COMMENT '创建时间',
  `seller_id` int(10) unsigned NOT NULL DEFAULT '0' COMMENT '销售员id',
  PRIMARY KEY (`id`),
  UNIQUE KEY `code` (`code`),
  KEY `groupon_id` (`groupon_id`,`biz_id`,`order_id`,`pass`,`status`)
) ENGINE=InnoDB DEFAULT CHARSET=utf8 COLLATE=utf8_unicode_ci COMMENT='团购券表' AUTO_INCREMENT=1 ;

-- --------------------------------------------------------

--
-- 表的结构 `groupon_shop`
--

CREATE TABLE IF NOT EXISTS `groupon_shop` (
  `groupon_id` int(10) unsigned NOT NULL COMMENT '团购id',
  `shop_id` int(10) unsigned NOT NULL COMMENT '分店id',
  `create_time` int(10) unsigned NOT NULL DEFAULT '0',
  PRIMARY KEY (`groupon_id`,`shop_id`)
) ENGINE=InnoDB DEFAULT CHARSET=utf8 COLLATE=utf8_unicode_ci COMMENT='团购项目和分店关系表';

-- --------------------------------------------------------

--
-- 表的结构 `item`
--

CREATE TABLE IF NOT EXISTS `item` (
  `item_id` int(10) unsigned NOT NULL AUTO_INCREMENT COMMENT 'Item ID',
  `category_id` int(10) unsigned NOT NULL COMMENT 'Category ID',
  `outer_id` varchar(45) DEFAULT NULL,
  `title` varchar(255) NOT NULL COMMENT '名称',
  `stock` int(10) unsigned NOT NULL COMMENT '库存',
  `min_number` int(10) unsigned NOT NULL DEFAULT '1' COMMENT '最少订货量',
  `price` decimal(10,2) unsigned NOT NULL COMMENT '价格',
  `currency` varchar(20) NOT NULL COMMENT '币种',
  `props` longtext NOT NULL COMMENT '商品属性 格式：pid:vid;pid:vid',
  `props_name` longtext NOT NULL COMMENT '商品属性名称。标识着props内容里面的pid和vid所对应的名称。格式为：pid1:vid1:pid_name1:vid_name1;pid2:vid2:pid_name2:vid_name2……(注：属性名称中的冒号":"被转换为："#cln#"; 分号";"被转换为："#scln#" )',
  `desc` longtext NOT NULL COMMENT '描述',
  `shipping_fee` decimal(10,2) unsigned NOT NULL DEFAULT '0.00' COMMENT '运费',
  `is_show` tinyint(1) unsigned NOT NULL DEFAULT '0' COMMENT '是否显示',
  `is_promote` tinyint(1) unsigned NOT NULL DEFAULT '0' COMMENT '是否促销',
  `is_new` tinyint(1) unsigned NOT NULL DEFAULT '0' COMMENT '是否新品',
  `is_hot` tinyint(1) unsigned NOT NULL DEFAULT '0' COMMENT '是否热销',
  `is_best` tinyint(1) unsigned NOT NULL DEFAULT '0' COMMENT '是否精品',
  `click_count` int(10) unsigned NOT NULL DEFAULT '0' COMMENT '点击量',
  `wish_count` int(10) unsigned NOT NULL DEFAULT '0' COMMENT '收藏数',
  `review_count` int(10) NOT NULL,
  `deal_count` int(10) NOT NULL,
  `create_time` int(10) unsigned NOT NULL COMMENT '创建时间',
  `update_time` int(10) unsigned NOT NULL COMMENT '更新时间',
  `language` varchar(45) NOT NULL,
  `country` int(10) unsigned NOT NULL,
  `state` int(10) unsigned NOT NULL,
  `city` int(10) unsigned NOT NULL,
  PRIMARY KEY (`item_id`),
  KEY `fk_item_category1_idx` (`category_id`),
  KEY `fk_item_area1_idx` (`country`),
  KEY `fk_item_area2_idx` (`state`),
  KEY `fk_item_area3_idx` (`city`)
) ENGINE=InnoDB  DEFAULT CHARSET=utf8 AUTO_INCREMENT=60 ;

--
-- 转存表中的数据 `item`
--

INSERT INTO `item` (`item_id`, `category_id`, `outer_id`, `title`, `stock`, `min_number`, `price`, `currency`, `props`, `props_name`, `desc`, `shipping_fee`, `is_show`, `is_promote`, `is_new`, `is_hot`, `is_best`, `click_count`, `wish_count`, `review_count`, `deal_count`, `create_time`, `update_time`, `language`, `country`, `state`, `city`) VALUES
(6, 110, '12364', 'aaaabbbbb', 123, 1, '123.00', '$', '{"1":"1:1","2":["2:5"],"3":["3:8"]}', '{"\\u54c1\\u724c":"\\u54c1\\u724c:","\\u5c3a\\u5bf8":["\\u5c3a\\u5bf8:XL"],"\\u989c\\u8272":["\\u989c\\u8272:\\u9ec4\\u8272"]}', '<p>asdasdasd</p>\r\n', '0.01', 1, 1, 1, 1, 1, 110, 0, 0, 0, 1388114648, 1407032260, 'zh_cn', 100000, 330000, 330500),
(24, 110, '123456', 'aaaabbbbb', 1000, 1, '1000.00', '$', '{"1":"1:1","2":["2:5"],"3":["3:8"]}', '{"\\u54c1\\u724c":"\\u54c1\\u724c:","\\u5c3a\\u5bf8":["\\u5c3a\\u5bf8:XL"],"\\u989c\\u8272":["\\u989c\\u8272:\\u9ec4\\u8272"]}', '<p>asde</p>\r\n', '0.00', 0, 0, 0, 0, 0, 0, 0, 0, 0, 1388132716, 1388132716, 'zh_cn', 100000, 420000, 429004),
(25, 110, '123456', 'aaaaaaaaaaa', 123, 1, '123.00', '$', '{"1":"1:1","2":["2:4","2:5"],"3":["3:7","3:8"]}', '{"\\u54c1\\u724c":"\\u54c1\\u724c:","\\u5c3a\\u5bf8":["\\u5c3a\\u5bf8:L","\\u5c3a\\u5bf8:XL"],"\\u989c\\u8272":["\\u989c\\u8272:\\u7ea2\\u8272","\\u989c\\u8272:\\u9ec4\\u8272"]}', '<p>123</p>\r\n', '0.00', 0, 0, 0, 0, 0, 0, 0, 0, 0, 1388132810, 1388132810, 'zh_cn', 100000, 420000, 429005),
(26, 110, '123456', 'aaaaaaaaaaa', 123, 1, '123.00', '$', '{"1":"1:1","2":["2:4","2:5"],"3":["3:7","3:8"]}', '{"\\u54c1\\u724c":"\\u54c1\\u724c:","\\u5c3a\\u5bf8":["\\u5c3a\\u5bf8:L","\\u5c3a\\u5bf8:XL"],"\\u989c\\u8272":["\\u989c\\u8272:\\u7ea2\\u8272","\\u989c\\u8272:\\u9ec4\\u8272"]}', '<p>123</p>\r\n', '0.00', 0, 0, 0, 0, 0, 0, 0, 0, 0, 1388132824, 1388132824, 'zh_cn', 100000, 420000, 429005),
(27, 110, '12364', 'aaaabbbbb', 1000, 1, '1000.00', '$', '{"1":"1:1"}', '{"\\u54c1\\u724c":"\\u54c1\\u724c:"}', '<p>safasfwerf</p>\r\n', '0.00', 0, 0, 0, 0, 0, 0, 0, 0, 0, 1388132903, 1388132903, 'zh_cn', 100000, 120000, 120100),
(28, 110, '123456', '2012进口面料新品柔倍尔 天丝磨毛面料 四件套', 10000, 1, '110.00', '$', '{"1":"1:2","2":["2:4","2:5"],"3":["3:8"]}', '{"\\u54c1\\u724c":"\\u54c1\\u724c:jackjones","\\u5c3a\\u5bf8":["\\u5c3a\\u5bf8:L","\\u5c3a\\u5bf8:XL"],"\\u989c\\u8272":["\\u989c\\u8272:\\u9ec4\\u8272"]}', '<p>asdffdassadf</p>\r\n', '0.01', 1, 1, 1, 1, 1, 239, 0, 0, 1, 1388133167, 1392801952, 'zh_cn', 100000, 370000, 371400),
(31, 110, '123456', '2012进口面料新品柔倍尔 天丝磨毛面料 四件套', 1000, 1, '123.00', '$', '{"1":"1:1","2":["2:5","2:6"],"3":["3:8","3:9"]}', '{"\\u54c1\\u724c":"\\u54c1\\u724c:","\\u5c3a\\u5bf8":["\\u5c3a\\u5bf8:XL","\\u5c3a\\u5bf8:XXL"],"\\u989c\\u8272":["\\u989c\\u8272:\\u9ec4\\u8272","\\u989c\\u8272:\\u84dd\\u8272"]}', '<p>sadfasdfxczxczxc</p>\r\n', '0.01', 1, 1, 1, 1, 1, 508, 0, 0, 4, 1388133378, 1392801968, 'zh_cn', 100000, 130000, 130700),
(34, 110, '123456', 'asd', 0, 1, '1000.00', '$', '{"1":"1:1"}', '{"\\u54c1\\u724c":"\\u54c1\\u724c:"}', '<p>asd</p>\r\n', '0.00', 0, 0, 0, 0, 0, 0, 0, 0, 0, 1388133496, 1388133496, 'zh_cn', 100000, 430000, 431100),
(35, 129, '123456789', 'GXG男士长款大衣', 123, 1, '1299.00', '￥', '{"4":["4:10","4:11"],"5":["5:16","5:17"],"6":["6:20","6:21"],"7":["7:22","7:23"]}', '{"\\u54c1\\u724c":["\\u54c1\\u724c:GXG","\\u54c1\\u724c:gxg.jeans"],"\\u5c3a\\u5bf8":["\\u5c3a\\u5bf8:L","\\u5c3a\\u5bf8:XL"],"\\u989c\\u8272":["\\u989c\\u8272:\\u767d\\u8272","\\u989c\\u8272:\\u7c73\\u8272"],"test":["test:1","test:2"]}', '<p>22222</p>\r\n', '0.01', 1, 1, 1, 1, 1, 329, 0, 0, 5, 1388394491, 1392797330, 'zh_cn', 100000, 220000, 220500),
(37, 129, '', 'GXG男士长款大衣2', 10000, 1, '243.00', '$', '{"4":["4:10","4:11","4:12"],"5":["5:15","5:16"],"6":["6:19","6:20"],"7":["7:23"]}', '{"\\u54c1\\u724c":["\\u54c1\\u724c:GXG","\\u54c1\\u724c:gxg.jeans","\\u54c1\\u724c:jackjones"],"\\u5c3a\\u5bf8":["\\u5c3a\\u5bf8:M","\\u5c3a\\u5bf8:L"],"\\u989c\\u8272":["\\u989c\\u8272:\\u9ed1\\u8272","\\u989c\\u8272:\\u767d\\u8272"],"test":["test:2"]}', '<p>哦哈哈哈哈哈哈哈哈</p>\r\n', '0.00', 1, 1, 1, 1, 1, 10, 0, 0, 0, 1390455802, 1392185642, 'zh_cn', 100000, 130000, 130700),
(38, 129, '', 'GXG男士长款大衣3', 10000, 1, '1299.00', '$', '{"4":["4:10","4:11","4:14"],"5":["5:15"],"6":["6:19"],"7":["7:22"]}', '{"\\u54c1\\u724c":["\\u54c1\\u724c:GXG","\\u54c1\\u724c:gxg.jeans","\\u54c1\\u724c:\\u96c5\\u6208\\u5c14"],"\\u5c3a\\u5bf8":["\\u5c3a\\u5bf8:M"],"\\u989c\\u8272":["\\u989c\\u8272:\\u9ed1\\u8272"],"\\u9886\\u5e26":["\\u9886\\u5e26:1"]}', '<p>按时打算</p>\r\n', '5.00', 1, 1, 1, 1, 1, 6, 0, 0, 1, 1390456979, 1393323374, 'zh_cn', 100000, 110000, 110100),
(39, 129, '', 'GXG男士长款大衣4', 10000, 1, '243.00', '$', '{"4":["4:10","4:11"],"5":["5:15","5:16"],"6":["6:20","6:21"],"7":["7:23"]}', '{"\\u54c1\\u724c":["\\u54c1\\u724c:GXG","\\u54c1\\u724c:gxg.jeans"],"\\u5c3a\\u5bf8":["\\u5c3a\\u5bf8:M","\\u5c3a\\u5bf8:L"],"\\u989c\\u8272":["\\u989c\\u8272:\\u767d\\u8272","\\u989c\\u8272:\\u7c73\\u8272"],"\\u9886\\u5e26":["\\u9886\\u5e26:2"]}', '<p>141</p>\r\n', '0.00', 1, 1, 1, 1, 1, 1, 0, 0, 0, 1390457069, 1390460115, 'zh_cn', 100000, 420000, 429006),
(40, 129, '', 'GXG男士长款大衣5', 10000, 1, '1299.00', '$', '{"4":["4:10"],"5":["5:15"],"6":["6:19"],"7":["7:22"]}', '{"\\u54c1\\u724c":["\\u54c1\\u724c:GXG"],"\\u5c3a\\u5bf8":["\\u5c3a\\u5bf8:M"],"\\u989c\\u8272":["\\u989c\\u8272:\\u9ed1\\u8272"],"\\u9886\\u5e26":["\\u9886\\u5e26:1"]}', '<p>1</p>\r\n', '0.00', 1, 1, 1, 1, 1, 1, 0, 0, 0, 1390457291, 1392173770, 'zh_cn', 100000, 120000, 120100),
(41, 129, '', 'GXG男士长款大衣6', 10000, 1, '123.00', '$', '{"4":["4:11"],"5":["5:16"],"6":["6:20"],"7":["7:23"]}', '{"\\u54c1\\u724c":["\\u54c1\\u724c:gxg.jeans"],"\\u5c3a\\u5bf8":["\\u5c3a\\u5bf8:L"],"\\u989c\\u8272":["\\u989c\\u8272:\\u767d\\u8272"],"\\u9886\\u5e26":["\\u9886\\u5e26:2"]}', '<p>312</p>\r\n', '0.00', 1, 1, 1, 1, 1, 0, 0, 0, 0, 1390457329, 1390457329, 'zh_cn', 100000, 420000, 429006),
(42, 129, '', 'GXG男士长款大衣7', 10000, 1, '1123.00', '$', '{"4":["4:12"],"5":["5:18"],"6":["6:21"],"7":["7:23"]}', '{"\\u54c1\\u724c":["\\u54c1\\u724c:jackjones"],"\\u5c3a\\u5bf8":["\\u5c3a\\u5bf8:XXL"],"\\u989c\\u8272":["\\u989c\\u8272:\\u7c73\\u8272"],"\\u9886\\u5e26":["\\u9886\\u5e26:2"]}', '<p>1234</p>\r\n', '0.00', 1, 1, 1, 1, 1, 0, 0, 0, 0, 1390457367, 1390457367, 'zh_cn', 100000, 110000, 110100),
(43, 130, '', '女士大衣', 10000, 1, '12354.00', '$', '[]', '[]', '<p>uioyu</p>\r\n', '0.00', 1, 1, 1, 1, 1, 5, 0, 0, 0, 1390457554, 1392801361, 'zh_cn', 100000, 420000, 429005),
(44, 130, '', '女士大衣2', 10000, 1, '243.00', '$', '{"8":["8:24","8:25"]}', '{"\\u5c3a\\u5bf8":["\\u5c3a\\u5bf8:X","\\u5c3a\\u5bf8:XL"]}', '<p>sdf</p>\r\n', '0.00', 0, 0, 0, 0, 0, 0, 0, 0, 0, 1390457903, 1390457903, 'zh_cn', 100000, 430000, 431300),
(45, 130, '', '女士大衣2', 10000, 1, '243.00', '$', '{"8":["8:24","8:25"]}', '{"\\u5c3a\\u5bf8":["\\u5c3a\\u5bf8:X","\\u5c3a\\u5bf8:XL"]}', '<p>asda</p>\r\n', '0.00', 1, 1, 1, 1, 1, 6, 0, 0, 0, 1390457981, 1392801320, 'zh_cn', 100000, 420000, 421100),
(46, 130, '', '女士大衣3', 10000, 1, '1299.00', '$', '{"8":["8:24"]}', '{"\\u5c3a\\u5bf8":["\\u5c3a\\u5bf8:X"]}', '<p>we</p>\r\n', '0.00', 1, 1, 1, 1, 1, 1, 0, 0, 0, 1390458029, 1392800465, 'zh_cn', 100000, 110000, 110100),
(47, 130, '', '女士大衣4', 10000, 1, '243.00', '$', '{"8":["8:24"]}', '{"\\u5c3a\\u5bf8":["\\u5c3a\\u5bf8:X"]}', '<p>啊</p>\r\n', '0.00', 1, 1, 1, 1, 1, 1, 0, 0, 0, 1390458065, 1392800468, 'zh_cn', 100000, 420000, 429021),
(48, 130, '', '女士大衣5', 10000, 1, '1299.00', '$', '{"8":["8:25"]}', '{"\\u5c3a\\u5bf8":["\\u5c3a\\u5bf8:XL"]}', '<p>收到发送到</p>\r\n', '0.00', 1, 1, 1, 1, 1, 0, 0, 0, 0, 1390458106, 1390458106, 'zh_cn', 100000, 430000, 431200),
(49, 110, '', '天丝磨毛面料 四件套1', 10000, 1, '1299.00', '$', '{"1":"1:2","2":["2:3","2:4"],"3":["3:8"]}', '{"\\u54c1\\u724c":"\\u54c1\\u724c:jackjones","\\u5c3a\\u5bf8":["\\u5c3a\\u5bf8:M","\\u5c3a\\u5bf8:L"],"\\u989c\\u8272":["\\u989c\\u8272:\\u9ec4\\u8272"]}', '<p>fds</p>\r\n', '0.00', 1, 1, 1, 1, 1, 9, 0, 0, 0, 1390458341, 1392168927, 'zh_cn', 100000, 120000, 120100),
(50, 110, '', '2012四件套', 10000, 1, '110.00', '$', '{"1":"1:2","2":["2:3"],"3":["3:7"]}', '{"\\u54c1\\u724c":"\\u54c1\\u724c:jackjones","\\u5c3a\\u5bf8":["\\u5c3a\\u5bf8:M"],"\\u989c\\u8272":["\\u989c\\u8272:\\u7ea2\\u8272"]}', '<p>czxcds</p>\r\n', '0.00', 1, 1, 1, 1, 1, 2, 0, 0, 0, 1390458577, 1390464476, 'zh_cn', 100000, 130000, 130200),
(51, 112, '', '2012四件套2', 10000, 1, '1299.00', '$', '{"9":["9:26"]}', '{"\\u5c3a\\u5bf8":["\\u5c3a\\u5bf8:X"]}', '<p>eqweq</p>\r\n', '0.00', 1, 1, 1, 1, 1, 0, 0, 0, 0, 1390458653, 1390458653, 'zh_cn', 100000, 110000, 110100),
(52, 110, '', '2012四件套3', 10000, 1, '243.00', '$', '{"1":"1:1","2":["2:5"],"3":["3:7"]}', '{"\\u54c1\\u724c":"\\u54c1\\u724c:GXG","\\u5c3a\\u5bf8":["\\u5c3a\\u5bf8:XL"],"\\u989c\\u8272":["\\u989c\\u8272:\\u7ea2\\u8272"]}', '<p>sdwas</p>\r\n', '0.00', 1, 1, 1, 1, 1, 4, 0, 0, 0, 1390458724, 1393323491, 'zh_cn', 100000, 150000, 150400),
(53, 110, '', '2012四件套4', 10000, 1, '1123.00', '$', '{"1":"1:1","2":["2:3"],"3":["3:7"]}', '{"\\u54c1\\u724c":"\\u54c1\\u724c:GXG","\\u5c3a\\u5bf8":["\\u5c3a\\u5bf8:M"],"\\u989c\\u8272":["\\u989c\\u8272:\\u7ea2\\u8272"]}', '<p>dsadw</p>\r\n', '0.00', 1, 1, 1, 1, 1, 0, 0, 0, 0, 1390458756, 1390458756, 'zh_cn', 100000, 130000, 130500),
(54, 110, '', '2012四件套5', 10000, 1, '243.00', '$', '{"1":"1:1","2":["2:3"],"3":["3:7"]}', '{"\\u54c1\\u724c":"\\u54c1\\u724c:GXG","\\u5c3a\\u5bf8":["\\u5c3a\\u5bf8:M"],"\\u989c\\u8272":["\\u989c\\u8272:\\u7ea2\\u8272"]}', '<p>dasd</p>\r\n', '0.00', 1, 1, 1, 1, 1, 0, 0, 0, 0, 1390458809, 1390458809, 'zh_cn', 100000, 230000, 230200),
(55, 110, '', '2012四件套6', 10000, 1, '243.00', '$', '{"1":"1:1","2":["2:5"],"3":["3:8"]}', '{"\\u54c1\\u724c":"\\u54c1\\u724c:GXG","\\u5c3a\\u5bf8":["\\u5c3a\\u5bf8:XL"],"\\u989c\\u8272":["\\u989c\\u8272:\\u9ec4\\u8272"]}', '<p>rwerwe</p>\r\n', '0.00', 1, 1, 1, 1, 1, 0, 0, 0, 0, 1390458840, 1390458840, 'zh_cn', 100000, 120000, 120100),
(56, 110, '', '2012四件套7', 10000, 1, '243.00', '$', '{"1":"1:1","2":["2:3"],"3":["3:7"]}', '{"\\u54c1\\u724c":"\\u54c1\\u724c:GXG","\\u5c3a\\u5bf8":["\\u5c3a\\u5bf8:M"],"\\u989c\\u8272":["\\u989c\\u8272:\\u7ea2\\u8272"]}', '<p>eqweqwe</p>\r\n', '0.00', 1, 1, 1, 1, 1, 0, 0, 0, 0, 1390458904, 1390458904, 'zh_cn', 100000, 120000, 120100),
(57, 111, '', '枕头1号', 10000, 1, '1299.00', '$', '{"10":["10:28"]}', '{"\\u5c3a\\u5bf8":["\\u5c3a\\u5bf8:18cm"]}', '<p>121</p>\r\n', '0.00', 1, 1, 1, 1, 1, 6, 0, 0, 1, 1390460239, 1392168924, 'zh_cn', 100000, 110000, 110100),
(58, 111, '', '枕头1号2', 10000, 1, '1299.00', '$', '{"10":["10:29"]}', '{"\\u5c3a\\u5bf8":["\\u5c3a\\u5bf8:50cm"]}', '<p>trete</p>\r\n', '0.00', 1, 1, 1, 1, 1, 4, 0, 0, 0, 1390460360, 1392191777, 'zh_cn', 100000, 360000, 360300),
(59, 126, '', 'XX手机', 10000, 1, '1299.00', '$', '{"11":["11:30","11:31"]}', '{"\\u5206\\u8fa8\\u7387":["\\u5206\\u8fa8\\u7387:1200x800","\\u5206\\u8fa8\\u7387:780x400"]}', '<p>sadasd</p>\r\n', '0.00', 1, 1, 1, 1, 1, 9, 0, 0, 0, 1390460489, 1392771739, 'zh_cn', 100000, 360000, 360300);

-- --------------------------------------------------------

--
-- 表的结构 `item_img`
--

CREATE TABLE IF NOT EXISTS `item_img` (
  `item_img_id` int(10) unsigned NOT NULL AUTO_INCREMENT COMMENT 'Item Img ID',
  `item_id` int(10) unsigned NOT NULL COMMENT 'Item ID',
  `pic` varchar(255) NOT NULL COMMENT '图片url',
  `position` tinyint(3) unsigned NOT NULL COMMENT '图片位置',
  `create_time` int(10) unsigned NOT NULL COMMENT '创建时间',
  PRIMARY KEY (`item_img_id`),
  KEY `fk_item_img_item1_idx` (`item_id`)
) ENGINE=InnoDB  DEFAULT CHARSET=utf8 AUTO_INCREMENT=21 ;

--
-- 转存表中的数据 `item_img`
--

INSERT INTO `item_img` (`item_img_id`, `item_id`, `pic`, `position`, `create_time`) VALUES
(1, 6, '', 0, 0),
(2, 6, '', 1, 0),
(5, 34, '/yincart/basic/upload/ad/20130429/2012111993237921778027.jpg', 0, 1388133496),
(6, 28, '/yincart/basic/upload/ad/20130429/2012111993237921778027.jpg', 0, 1390351634),
(7, 28, '/yincart/basic/upload/ad/20130429/water-landscape-93.jpg', 1, 1390351634),
(8, 28, '/yincart/basic/upload/ad/20130429/20130429113143_97717.jpg', 2, 1390351634),
(9, 28, '/yincart/basic/upload/ad/20130429/20130429113153_59268%20copy%201.jpg', 3, 1390351634),
(10, 31, '/yincart/basic/upload/ad/20130429/fsdfsdf.jpg', 0, 1388365633),
(12, 31, '/yincart/basic/upload/ad/20130429/water-landscape-93.jpg', 1, 1388365633),
(13, 31, '/yincart/basic/upload/ad/20130429/Jago%20Desktop%20wallpaper.png', 2, 1388365633),
(14, 35, '/yincart/basic/upload/item/manclothes/T1vyPGFhxeXXXXXXXX_!!0-item_pic.jpg_460x460q90.jpg', 0, 1389326380),
(15, 35, '/yincart/basic/upload/item/manclothes/T20I8eXC4aXXXXXXXX_!!454291526.jpg_460x460.jpg', 1, 1389326380),
(16, 35, '/yincart/basic/upload/item/manclothes/T2s6OgXAlaXXXXXXXX_!!454291526.jpg_460x460.jpg', 2, 1389326380),
(17, 35, '/yincart/basic/upload/item/manclothes/T2UGNdXaxOXXXXXXXX_!!454291526.jpg_460x460.jpg', 3, 1389326380),
(18, 35, '/yincart/basic/upload/item/manclothes/T2wWGPXihbXXXXXXXX_!!454291526.jpg_460x460.jpg', 4, 1389326380),
(20, 39, '/yincart/basic/upload/ad/20130429/bild15397.jpg', 0, 1390457069);

-- --------------------------------------------------------

--
-- 表的结构 `item_prop`
--

CREATE TABLE IF NOT EXISTS `item_prop` (
  `item_prop_id` int(10) unsigned NOT NULL AUTO_INCREMENT COMMENT '属性 ID 例：品牌的PID=20000',
  `category_id` int(10) unsigned NOT NULL,
  `parent_prop_id` int(10) unsigned NOT NULL DEFAULT '0' COMMENT '上级属性ID',
  `parent_value_id` int(10) unsigned NOT NULL DEFAULT '0' COMMENT '上级属性值ID',
  `prop_name` varchar(100) NOT NULL,
  `prop_alias` varchar(100) DEFAULT NULL,
  `type` tinyint(1) unsigned NOT NULL COMMENT '属性值类型。可选值：input(输入)、optional（枚举）multiCheck （多选）',
  `is_key_prop` tinyint(1) unsigned NOT NULL DEFAULT '0' COMMENT '是否关键属性。可选值:1(是),0(否),搜索属性',
  `is_sale_prop` tinyint(1) unsigned NOT NULL DEFAULT '0' COMMENT '是否销售属性。可选值:1(是),0(否)',
  `is_color_prop` tinyint(1) unsigned NOT NULL DEFAULT '0' COMMENT '是否颜色属性。可选值:1(是),0(否)',
  `must` tinyint(1) unsigned NOT NULL DEFAULT '0' COMMENT '发布产品或商品时是否为必选属性。可选值:1(是),0(否)',
  `multi` tinyint(1) unsigned NOT NULL DEFAULT '0' COMMENT '发布产品或商品时是否可以多选。可选值:1(是),0(否)',
  `status` tinyint(1) DEFAULT NULL COMMENT '状态。可选值:normal(正常),deleted(删除)',
  `sort_order` tinyint(3) unsigned DEFAULT '255',
  `item_propcol` varchar(45) DEFAULT NULL,
  PRIMARY KEY (`item_prop_id`),
  KEY `fk_item_prop_category1_idx` (`category_id`)
) ENGINE=InnoDB  DEFAULT CHARSET=utf8 AUTO_INCREMENT=12 ;

--
-- 转存表中的数据 `item_prop`
--

INSERT INTO `item_prop` (`item_prop_id`, `category_id`, `parent_prop_id`, `parent_value_id`, `prop_name`, `prop_alias`, `type`, `is_key_prop`, `is_sale_prop`, `is_color_prop`, `must`, `multi`, `status`, `sort_order`, `item_propcol`) VALUES
(1, 110, 0, 0, '品牌', '', 2, 1, 0, 0, 1, 0, 1, 255, NULL),
(2, 110, 0, 0, '尺寸', '', 2, 1, 1, 0, 1, 0, 1, 255, NULL),
(3, 110, 0, 0, '颜色', '', 2, 1, 1, 1, 1, 0, 1, 255, NULL),
(4, 129, 0, 0, '品牌', '', 2, 1, 1, 0, 1, 0, 1, 255, NULL),
(5, 129, 0, 0, '尺寸', '', 2, 1, 1, 0, 1, 0, 1, 255, NULL),
(6, 129, 0, 0, '颜色', '', 2, 1, 1, 1, 1, 0, 1, 255, NULL),
(7, 129, 0, 0, '领带', '', 2, 1, 1, 1, 1, 0, 1, 255, NULL),
(8, 130, 0, 0, '尺寸', '', 2, 1, 1, 0, 1, 0, 1, 255, NULL),
(9, 112, 0, 0, '尺寸', '', 2, 1, 1, 0, 1, 0, 1, 255, NULL),
(10, 111, 0, 0, '尺寸', '', 2, 1, 1, 0, 1, 0, 1, 255, NULL),
(11, 126, 0, 0, '分辨率', '', 2, 1, 1, 0, 1, 0, 1, 255, NULL);

-- --------------------------------------------------------

--
-- 表的结构 `language`
--

CREATE TABLE IF NOT EXISTS `language` (
  `language_id` int(11) NOT NULL AUTO_INCREMENT,
  `code` varchar(10) DEFAULT NULL,
  `name` varchar(20) DEFAULT NULL,
  PRIMARY KEY (`language_id`)
) ENGINE=InnoDB  DEFAULT CHARSET=utf8 AUTO_INCREMENT=6 ;

--
-- 转存表中的数据 `language`
--

INSERT INTO `language` (`language_id`, `code`, `name`) VALUES
(1, 'zh-cn', 'Chinese'),
(2, 'en', 'English'),
(3, 'de', 'German'),
(4, 'ru', 'Russian'),
(5, 'it', 'Italian');

-- --------------------------------------------------------

--
-- 表的结构 `location`
--

CREATE TABLE IF NOT EXISTS `location` (
  `location_id` int(10) unsigned NOT NULL AUTO_INCREMENT,
  `country` varchar(45) NOT NULL COMMENT '国家',
  `state` varchar(45) NOT NULL COMMENT '省份',
  `city` varchar(45) NOT NULL COMMENT '城市',
  `district` varchar(45) NOT NULL COMMENT '县、区',
  `address` varchar(255) NOT NULL COMMENT '详细地址',
  `zip` varchar(45) NOT NULL COMMENT '邮编',
  PRIMARY KEY (`location_id`)
) ENGINE=InnoDB DEFAULT CHARSET=utf8 AUTO_INCREMENT=1 ;

-- --------------------------------------------------------

--
-- 表的结构 `lookup`
--

CREATE TABLE IF NOT EXISTS `lookup` (
  `id` int(11) NOT NULL AUTO_INCREMENT,
  `name` varchar(128) NOT NULL,
  `code` int(11) NOT NULL,
  `type` varchar(128) NOT NULL,
  `position` int(11) NOT NULL,
  PRIMARY KEY (`id`)
) ENGINE=InnoDB  DEFAULT CHARSET=utf8 AUTO_INCREMENT=6 ;

--
-- 转存表中的数据 `lookup`
--

INSERT INTO `lookup` (`id`, `name`, `code`, `type`, `position`) VALUES
(1, 'Draft', 1, 'PostStatus', 1),
(2, 'Published', 2, 'PostStatus', 2),
(3, 'Archived', 3, 'PostStatus', 3),
(4, 'Pending Approval', 1, 'CommentStatus', 1),
(5, 'Approved', 2, 'CommentStatus', 2);

-- --------------------------------------------------------

--
-- 表的结构 `menu`
--

CREATE TABLE IF NOT EXISTS `menu` (
  `id` int(10) unsigned NOT NULL AUTO_INCREMENT,
  `root` int(10) unsigned DEFAULT NULL,
  `lft` int(10) unsigned NOT NULL,
  `rgt` int(10) unsigned NOT NULL,
  `level` smallint(5) unsigned NOT NULL,
  `name` varchar(100) DEFAULT NULL,
  `url` varchar(255) DEFAULT NULL,
  `pic` varchar(255) DEFAULT NULL,
  `position` varchar(45) DEFAULT NULL,
  `if_show` tinyint(1) DEFAULT NULL,
  `memo` text,
  PRIMARY KEY (`id`),
  KEY `root` (`root`),
  KEY `lft` (`lft`),
  KEY `rgt` (`rgt`),
  KEY `level` (`level`)
) ENGINE=InnoDB  DEFAULT CHARSET=utf8 AUTO_INCREMENT=22 ;

--
-- 转存表中的数据 `menu`
--

INSERT INTO `menu` (`id`, `root`, `lft`, `rgt`, `level`, `name`, `url`, `pic`, `position`, `if_show`, `memo`) VALUES
(1, 1, 1, 38, 1, '前台菜单', '', '', '', 1, ''),
(2, 2, 1, 2, 1, '后台菜单', '', '', '', 1, ''),
(3, 1, 2, 3, 2, '顶部导航', '', '', '', 1, ''),
(4, 1, 20, 37, 2, '主目录菜单', '', '', '', 1, ''),
(5, 1, 4, 19, 2, '底部导航', '', '', '', 1, ''),
(6, 1, 21, 22, 3, '首页', 'site/index', '', '', 1, ''),
(7, 1, 23, 24, 3, '布艺软饰', 'catalog/index?cat=110', '', '', 1, ''),
(8, 1, 25, 26, 3, '床上用品', 'catalog/index?cat=111', NULL, NULL, 1, ''),
(9, 1, 27, 28, 3, '数码产品', 'catalog/index?cat=126', NULL, NULL, 1, ''),
(10, 1, 29, 30, 3, '精品男装', 'catalog/index?cat=129', NULL, NULL, 1, ''),
(12, 1, 31, 32, 3, '精品女装', 'catalog/index?cat=130', NULL, NULL, 1, ''),
(13, 1, 33, 34, 3, '新闻', 'post/index', NULL, NULL, 1, ''),
(15, 1, 5, 6, 3, '关于我们', 'page/about', NULL, NULL, 1, ''),
(16, 1, 7, 8, 3, '批发政策', 'page/wholesale', NULL, NULL, 1, ''),
(17, 1, 9, 10, 3, '品质保证', 'page/qualityAssurance', NULL, NULL, 1, ''),
(18, 1, 11, 12, 3, '业务合作', 'page/coop', NULL, NULL, 1, ''),
(19, 1, 13, 14, 3, '隐私声明', 'page/privacy', NULL, NULL, 1, ''),
(20, 1, 15, 16, 3, '加入我们', 'page/join', NULL, NULL, 1, ''),
(21, 1, 17, 18, 3, '联系我们', 'page/contact', NULL, NULL, 1, '');

-- --------------------------------------------------------

--
-- 表的结构 `message`
--

CREATE TABLE IF NOT EXISTS `message` (
  `id` int(11) NOT NULL,
  `language` varchar(16) NOT NULL,
  `translation` text,
  PRIMARY KEY (`id`,`language`)
) ENGINE=InnoDB DEFAULT CHARSET=utf8;

--
-- 转存表中的数据 `message`
--

INSERT INTO `message` (`id`, `language`, `translation`) VALUES
(1, 'zh_cn', '注册'),
(2, 'zh_cn', '注册'),
(3, 'zh_cn', '带有星号 * 的是必须的。'),
(4, 'zh_cn', '带有星号 * 的是必须的。'),
(5, 'zh_cn', '不正确的会员名（长度3至20个字符）.'),
(7, 'zh_cn', '不正确的密码（最小长度为4个字符）。'),
(8, 'zh_cn', '不正确的密码（最小长度为4个字符）.'),
(9, 'zh_cn', '会员名已经存在。'),
(10, 'zh_cn', '会员名已经存在。'),
(11, 'zh_cn', 'Email地址已经存在.'),
(13, 'zh_cn', '不正确的符号。（A - Z0- 9）'),
(14, 'zh_cn', '不正确的符号。（A - Z0- 9）'),
(15, 'zh_cn', '重复密码不正确。'),
(16, 'zh_cn', '重复密码不正确。'),
(17, 'zh_cn', 'Id'),
(18, 'zh_cn', 'Id'),
(19, 'zh_cn', '会员名'),
(20, 'zh_cn', '会员名'),
(21, 'zh_cn', '密码'),
(22, 'zh_cn', '密码'),
(23, 'zh_cn', '重复密码'),
(25, 'zh_cn', 'E-mail'),
(26, 'zh_cn', 'E-mail'),
(27, 'zh_cn', '验证码'),
(28, 'zh_cn', '验证码'),
(29, 'zh_cn', '激活码'),
(31, 'zh_cn', '注册日期'),
(32, 'zh_cn', '注册日期'),
(33, 'zh_cn', '上次访问'),
(34, 'zh_cn', '上次访问'),
(35, 'zh_cn', '超级会员'),
(37, 'zh_cn', '状态'),
(38, 'zh_cn', '状态'),
(39, 'zh_cn', '最小密码长度为4的符号。'),
(40, 'zh_cn', '最小密码长度为4的符号。'),
(43, 'zh_cn', '会员ID'),
(44, 'zh_cn', '会员ID'),
(47, 'zh_cn', '请输入上图所显示的字母。'),
(49, 'zh_cn', '字母不区分大小写。'),
(50, 'zh_cn', '字母不区分大小写。'),
(51, 'zh_cn', '注册'),
(52, 'zh_cn', '注册'),
(71, 'zh_cn', '登录'),
(72, 'zh_cn', '登录'),
(73, 'zh_cn', '请填写您的登录凭据，格式如下：'),
(74, 'zh_cn', '请填写您的登录凭据，格式如下：'),
(75, 'zh_cn', '下次记住我'),
(76, 'zh_cn', '下次记住我'),
(77, 'zh_cn', '会员名或邮箱'),
(78, 'zh_cn', '会员名或邮箱'),
(79, 'zh_cn', '忘记密码？'),
(80, 'zh_cn', ' 忘记密码？'),
(84, 'zh_cn', '恢复'),
(85, 'zh_cn', '恢复'),
(86, 'zh_cn', '请输入您的账号或电子邮件地址。'),
(87, 'zh_cn', '请输入您的账号或电子邮件地址。'),
(94, 'zh_cn', '修改密码'),
(95, 'zh_cn', '修改密码'),
(96, 'zh_cn', '旧密码'),
(97, 'zh_cn', '旧密码'),
(98, 'zh_cn', '保存'),
(99, 'zh_cn', '保存');

-- --------------------------------------------------------

--
-- 表的结构 `newsletter_subscriber`
--

CREATE TABLE IF NOT EXISTS `newsletter_subscriber` (
  `subscriber_id` int(11) NOT NULL AUTO_INCREMENT,
  `customer_id` int(10) unsigned NOT NULL DEFAULT '0',
  `email` varchar(150) DEFAULT NULL,
  `status` int(11) NOT NULL DEFAULT '0',
  `confirm_code` varchar(32) DEFAULT NULL,
  `change_status_at` timestamp NULL DEFAULT NULL,
  PRIMARY KEY (`subscriber_id`)
) ENGINE=InnoDB  DEFAULT CHARSET=utf8 AUTO_INCREMENT=22 ;

--
-- 转存表中的数据 `newsletter_subscriber`
--

INSERT INTO `newsletter_subscriber` (`subscriber_id`, `customer_id`, `email`, `status`, `confirm_code`, `change_status_at`) VALUES
(1, 0, '11@11.com', 0, 'a9043891fe9a5bf5da14eadc35abb89d', '2013-06-09 02:08:14'),
(2, 0, '22@11.com', 0, '7f3de267eff024b6328f1c9006ef811d', '2013-06-09 02:10:14'),
(3, 0, '11@11.com', 0, 'c1ba2ab1d899888625257d292cd3abb4', '2013-06-09 02:11:46'),
(4, 0, '11@11.com', 0, 'e7a9dd1ad87a3c3c181ddfce4da1274e', '2013-06-09 02:13:10'),
(5, 0, '11@11.com', 0, '2e9a2a03303065b1f6d546f615f9af41', '2013-06-09 02:18:56'),
(6, 0, '11@11.com', 0, 'e4f459d8ded3422488ecf55feb6b4463', '2013-06-09 02:19:06'),
(7, 0, '11@11.com', 0, '8cd35842e2a6e673ed8c3dd254b9ea76', '2013-06-09 02:20:16'),
(8, 0, '11@11.com', 0, '643649c31aeb5901fb21160e236ab078', '2013-06-09 02:21:08'),
(9, 0, '11@11.com', 0, '1faf6f146886982c4caaa86c1b38d7c8', '2013-06-09 02:21:11'),
(10, 0, '11@11.com', 0, '915b594147435625fb635480a12cfb70', '2013-06-09 02:21:30'),
(11, 0, '11@11.com', 0, 'a804f736564f03db410a51338fb72125', '2013-06-09 02:22:37'),
(12, 0, '11@11.com', 0, '14c65f64110cbd85a8eb5eb8d8196e45', '2013-06-09 02:23:58'),
(13, 0, '11@11.com', 0, 'f7daf57aa3b58f3f5e39451398ed615d', '2013-06-09 02:24:20'),
(14, 0, '11@11.com', 0, '8958a6d6b9b2849af5d47936d8ee4692', '2013-06-09 02:24:22'),
(15, 0, '11@11.com', 0, 'c6dd61ab4b2d6f8d511c308261d3ac24', '2013-06-09 02:24:37'),
(16, 0, '11@11.com', 0, '89176a6270d5de8c684369d5a9f2e904', '2013-06-09 02:24:47'),
(17, 0, '11@11.com', 0, 'd291fb3ff2df332f3b4d7aadc7499d31', '2013-06-09 02:25:21'),
(18, 0, '11@11.com', 0, 'bf7fae15f4e9ac8eadf122d19cbbc14e', '2013-06-09 02:25:26'),
(19, 0, '11@11.com', 0, 'e692899abcf5c96bb6526daf36831d4a', '2013-06-09 02:27:15'),
(20, 0, '11@11.com', 0, '9f4aea5779a66d08a00456a0879fc801', '2013-06-09 02:28:51'),
(21, 0, '11@111.com', 0, '8c77d30d4adea9a6991542a24a4b3840', '2013-06-09 02:39:28');

-- --------------------------------------------------------

--
-- 表的结构 `order`
--

CREATE TABLE IF NOT EXISTS `order` (
  `order_id` bigint(20) unsigned NOT NULL AUTO_INCREMENT,
  `user_id` int(10) unsigned DEFAULT NULL,
  `status` tinyint(1) unsigned DEFAULT '0',
  `pay_status` tinyint(1) unsigned DEFAULT '0',
  `ship_status` tinyint(1) unsigned DEFAULT '0',
  `refund_status` tinyint(1) unsigned DEFAULT '0',
  `comment_status` tinyint(1) unsigned DEFAULT '0',
  `total_fee` decimal(10,2) unsigned DEFAULT '0.00' COMMENT '商品金额（商品价格乘以数量的总金额）。精确到2位小数;单位:元。如:200.07，表示:200元7分',
  `ship_fee` decimal(10,2) unsigned DEFAULT '0.00',
  `pay_fee` decimal(10,2) unsigned DEFAULT '0.00',
  `payment_method_id` int(10) unsigned DEFAULT '0',
  `shipping_method_id` int(11) DEFAULT '0',
  `receiver_name` varchar(45) DEFAULT NULL COMMENT '收货人的姓名',
  `receiver_country` varchar(45) DEFAULT NULL,
  `receiver_state` varchar(45) DEFAULT NULL COMMENT '收货人的所在省份',
  `receiver_city` varchar(45) DEFAULT NULL COMMENT '收货人的所在城市',
  `receiver_district` varchar(45) DEFAULT NULL COMMENT '收货人的所在地区',
  `receiver_address` varchar(255) DEFAULT NULL COMMENT '收货人的详细地址',
  `receiver_zip` varchar(45) DEFAULT NULL COMMENT '收货人的邮编',
  `receiver_mobile` varchar(45) DEFAULT NULL COMMENT '收货人的手机号码',
  `receiver_phone` varchar(45) DEFAULT NULL COMMENT '收货人的电话号码',
  `memo` text COMMENT '备注',
  `pay_time` int(10) unsigned DEFAULT NULL,
  `ship_time` int(10) unsigned DEFAULT NULL COMMENT '发货时间',
  `create_time` int(10) unsigned DEFAULT NULL,
  `update_time` int(10) unsigned DEFAULT NULL,
  PRIMARY KEY (`order_id`),
  KEY `fk_order_payment_method1_idx` (`payment_method_id`),
  KEY `fk_order_shipping_method1_idx` (`shipping_method_id`)
) ENGINE=InnoDB  DEFAULT CHARSET=utf8 AUTO_INCREMENT=20140212007841 ;

--
-- 转存表中的数据 `order`
--

INSERT INTO `order` (`order_id`, `user_id`, `status`, `pay_status`, `ship_status`, `refund_status`, `comment_status`, `total_fee`, `ship_fee`, `pay_fee`, `payment_method_id`, `shipping_method_id`, `receiver_name`, `receiver_country`, `receiver_state`, `receiver_city`, `receiver_district`, `receiver_address`, `receiver_zip`, `receiver_mobile`, `receiver_phone`, `memo`, `pay_time`, `ship_time`, `create_time`, `update_time`) VALUES
(67, 6, 0, 0, 0, 0, 0, '123.00', '0.00', '0.00', 0, 0, '小明', NULL, '150000', '150200', '150202', '213.21', '1420', '13566666666', '00000000', '', NULL, NULL, 1389146901, NULL),
(68, 6, 0, 0, 0, 0, 0, '123.00', '0.00', '0.00', 1, 0, '小明', NULL, '150000', '150200', '150202', '213.21', '1420', '13566666666', '00000000', '', NULL, NULL, 1389147860, NULL),
(20140122022687, 7, 0, 0, 0, 0, 0, '0.00', '0.00', '0.00', 0, 1, 'asd', NULL, '110000', '110100', '110101', 'asdas', 'dasd', '', '', '', NULL, NULL, 1390382118, NULL),
(20140122197154, 7, 0, 0, 0, 0, 0, '0.00', '0.00', '0.00', 0, 1, 'asd', NULL, '120000', '120100', '120221', 'asdas', 'dasd', '', '', '', NULL, NULL, 1390380827, NULL),
(20140122461421, 6, 0, 0, 0, 0, 0, '233.00', '0.00', '0.00', 1, 0, '小明', NULL, '150000', '150200', '150202', '213.21', '1420', '13566666666', '00000000', '', NULL, NULL, 1390382426, NULL),
(20140122510267, 7, 0, 0, 0, 0, 0, '0.00', '0.00', '0.00', 0, 1, 'asd', NULL, '130000', '130300', '130302', 'asdas', 'dasd', '', '', '', NULL, NULL, 1390380881, NULL),
(20140122738254, 7, 0, 0, 0, 0, 0, '0.00', '0.00', '0.00', 0, 1, 'asd', NULL, '230000', '230400', '230402', 'asdas', 'dasd', '', '', '', NULL, NULL, 1390381960, NULL),
(20140122750469, 7, 0, 0, 0, 0, 0, '0.00', '0.00', '0.00', 0, 1, 'asd', NULL, '210000', '210400', '210402', 'asdas', 'dasd', '', '', '', NULL, NULL, 1390381520, NULL),
(20140122945806, 6, 0, 0, 0, 0, 0, '123.00', '0.00', '0.00', 1, 0, '小明', NULL, '150000', '150200', '150202', '213.21', '1420', '13566666666', '00000000', '', NULL, NULL, 1390382181, NULL),
(20140207642329, 1, 0, 0, 0, 0, 0, '1299.00', '0.00', '0.00', 1, 0, '小明', NULL, '130000', '130300', '130304', '11111', '1111111', '13338888899', '021-877777222', '', NULL, NULL, 1391749153, NULL),
(20140212007840, 1, 0, 0, 0, 0, 0, '1299.00', '0.00', '0.00', 1, 0, '小明', NULL, '130000', '130300', '130304', '11111', '1111111', '13338888899', '021-877777222', '', NULL, NULL, 1392190289, NULL);

-- --------------------------------------------------------

--
-- 表的结构 `order_item`
--

CREATE TABLE IF NOT EXISTS `order_item` (
  `order_item_id` int(10) unsigned NOT NULL AUTO_INCREMENT,
  `order_id` bigint(20) unsigned NOT NULL,
  `item_id` int(10) unsigned NOT NULL,
  `title` varchar(255) NOT NULL,
  `desc` longtext NOT NULL,
  `pic` varchar(255) DEFAULT NULL,
  `props_name` longtext NOT NULL,
  `price` decimal(10,2) unsigned NOT NULL,
  `quantity` int(10) unsigned NOT NULL,
  `total_price` decimal(10,2) unsigned NOT NULL,
  PRIMARY KEY (`order_item_id`),
  KEY `fk_order_item_order1_idx` (`order_id`),
  KEY `fk_order_item_item1_idx` (`item_id`)
) ENGINE=InnoDB  DEFAULT CHARSET=utf8 AUTO_INCREMENT=46 ;

--
-- 转存表中的数据 `order_item`
--

INSERT INTO `order_item` (`order_item_id`, `order_id`, `item_id`, `title`, `desc`, `pic`, `props_name`, `price`, `quantity`, `total_price`) VALUES
(25, 67, 31, '2012进口面料新品柔倍尔 天丝磨毛面料 四件套', '<p>sadfasdfxczxczxc</p>\r\n', '/basic/upload/item/manclothes/T1vyPGFhxeXXXXXXXX_!!0-item_pic.jpg_460x460q90.jpg', '{"\\u54c1\\u724c":"\\u54c1\\u724c:","\\u5c3a\\u5bf8":["\\u5c3a\\u5bf8:XL","\\u5c3a\\u5bf8:XXL"],"\\u989c\\u8272":["\\u989c\\u8272:\\u9ec4\\u8272","\\u989c\\u8272:\\u84dd\\u8272"]}', '123.00', 1, '123.00'),
(26, 68, 31, '2012进口面料新品柔倍尔 天丝磨毛面料 四件套', '<p>sadfasdfxczxczxc</p>\r\n', NULL, '{"\\u54c1\\u724c":"\\u54c1\\u724c:","\\u5c3a\\u5bf8":["\\u5c3a\\u5bf8:XL","\\u5c3a\\u5bf8:XXL"],"\\u989c\\u8272":["\\u989c\\u8272:\\u9ec4\\u8272","\\u989c\\u8272:\\u84dd\\u8272"]}', '123.00', 1, '123.00'),
(34, 20140122197154, 35, 'GXG男士长款大衣', '<p>22222</p>\r\n', '/basic/upload/item/manclothes/T1vyPGFhxeXXXXXXXX_!!0-item_pic.jpg_460x460q90.jpg', '{"\\u54c1\\u724c":"\\u54c1\\u724c:gxg.jeans","\\u5c3a\\u5bf8":"\\u5c3a\\u5bf8:XL","\\u989c\\u8272":"\\u989c\\u8272:\\u7c73\\u8272","test":"test:1"}', '123.00', 1, '123.00'),
(35, 20140122510267, 35, 'GXG男士长款大衣', '<p>22222</p>\r\n', '/basic/upload/item/manclothes/T1vyPGFhxeXXXXXXXX_!!0-item_pic.jpg_460x460q90.jpg', '{"\\u54c1\\u724c":"\\u54c1\\u724c:GXG","\\u5c3a\\u5bf8":"\\u5c3a\\u5bf8:XL","\\u989c\\u8272":"\\u989c\\u8272:\\u7c73\\u8272","test":"test:1"}', '123.00', 1, '123.00'),
(37, 20140122750469, 35, 'GXG男士长款大衣', '<p>22222</p>\r\n', '/basic/upload/item/manclothes/T1vyPGFhxeXXXXXXXX_!!0-item_pic.jpg_460x460q90.jpg', '{"\\u54c1\\u724c":"\\u54c1\\u724c:gxg.jeans","\\u5c3a\\u5bf8":"\\u5c3a\\u5bf8:L","\\u989c\\u8272":"\\u989c\\u8272:\\u7c73\\u8272","test":"test:1"}', '123.00', 1, '123.00'),
(39, 20140122738254, 35, 'GXG男士长款大衣', '<p>22222</p>\r\n', '/basic/upload/item/manclothes/T1vyPGFhxeXXXXXXXX_!!0-item_pic.jpg_460x460q90.jpg', '{"\\u54c1\\u724c":"\\u54c1\\u724c:gxg.jeans","\\u5c3a\\u5bf8":"\\u5c3a\\u5bf8:XL","\\u989c\\u8272":"\\u989c\\u8272:\\u7c73\\u8272","test":"test:2"}', '123.00', 1, '123.00'),
(40, 20140122022687, 35, 'GXG男士长款大衣', '<p>22222</p>\r\n', '/basic/upload/item/manclothes/T1vyPGFhxeXXXXXXXX_!!0-item_pic.jpg_460x460q90.jpg', '{"\\u54c1\\u724c":"\\u54c1\\u724c:gxg.jeans","\\u5c3a\\u5bf8":"\\u5c3a\\u5bf8:L","\\u989c\\u8272":"\\u989c\\u8272:\\u7c73\\u8272","test":"test:2"}', '123.00', 1, '123.00'),
(41, 20140122945806, 31, '2012进口面料新品柔倍尔 天丝磨毛面料 四件套', '<p>sadfasdfxczxczxc</p>\r\n', NULL, '{"\\u54c1\\u724c":"\\u54c1\\u724c:","\\u5c3a\\u5bf8":["\\u5c3a\\u5bf8:XL","\\u5c3a\\u5bf8:XXL"],"\\u989c\\u8272":["\\u989c\\u8272:\\u9ec4\\u8272","\\u989c\\u8272:\\u84dd\\u8272"]}', '123.00', 1, '123.00'),
(42, 20140122461421, 31, '2012进口面料新品柔倍尔 天丝磨毛面料 四件套', '<p>sadfasdfxczxczxc</p>\r\n', NULL, '{"\\u54c1\\u724c":"\\u54c1\\u724c:","\\u5c3a\\u5bf8":["\\u5c3a\\u5bf8:XL","\\u5c3a\\u5bf8:XXL"],"\\u989c\\u8272":["\\u989c\\u8272:\\u9ec4\\u8272","\\u989c\\u8272:\\u84dd\\u8272"]}', '123.00', 1, '123.00'),
(43, 20140122461421, 28, '2012进口面料新品柔倍尔 天丝磨毛面料 四件套', '<p>asdffdassadf</p>\r\n', NULL, '{"\\u54c1\\u724c":"\\u54c1\\u724c:jackjones","\\u5c3a\\u5bf8":["\\u5c3a\\u5bf8:L","\\u5c3a\\u5bf8:XL"],"\\u989c\\u8272":["\\u989c\\u8272:\\u9ec4\\u8272"]}', '110.00', 1, '110.00'),
(44, 20140207642329, 57, '枕头1号', '<p>121</p>\r\n', NULL, '{"\\u5c3a\\u5bf8":["\\u5c3a\\u5bf8:18cm"]}', '1299.00', 1, '1299.00'),
(45, 20140212007840, 38, 'GXG男士长款大衣3', '<p>按时打算</p>\r\n', NULL, '{"\\u54c1\\u724c":["\\u54c1\\u724c:GXG","\\u54c1\\u724c:gxg.jeans","\\u54c1\\u724c:\\u96c5\\u6208\\u5c14"],"\\u5c3a\\u5bf8":["\\u5c3a\\u5bf8:M"],"\\u989c\\u8272":["\\u989c\\u8272:\\u9ed1\\u8272"],"\\u9886\\u5e26":["\\u9886\\u5e26:1"]}', '1299.00', 1, '1299.00');

-- --------------------------------------------------------

--
-- 表的结构 `order_log`
--

CREATE TABLE IF NOT EXISTS `order_log` (
  `log_id` int(10) unsigned NOT NULL AUTO_INCREMENT,
  `order_id` int(11) DEFAULT NULL,
  `op_name` varchar(45) DEFAULT NULL,
  `log_text` longtext,
  `action_time` int(10) unsigned DEFAULT NULL,
  `user_id` int(10) DEFAULT NULL,
  `result` enum('success','failure') DEFAULT NULL,
  PRIMARY KEY (`log_id`)
) ENGINE=InnoDB  DEFAULT CHARSET=utf8 AUTO_INCREMENT=54 ;

--
-- 转存表中的数据 `order_log`
--

INSERT INTO `order_log` (`log_id`, `order_id`, `op_name`, `log_text`, `action_time`, `user_id`, `result`) VALUES
(35, 2147483647, 'update', 'O:5:"Order":11:{s:19:"\0CActiveRecord\0_new";b:0;s:26:"\0CActiveRecord\0_attributes";a:26:{s:8:"order_id";s:14:"20140117977926";s:7:"user_id";s:1:"7";s:6:"status";s:1:"0";s:10:"pay_status";s:1:"0";s:11:"ship_status";s:1:"0";s:13:"refund_status";s:1:"0";s:14:"comment_status";s:1:"0";s:9:"total_fee";s:4:"0.00";s:8:"ship_fee";s:4:"0.00";s:7:"pay_fee";s:4:"0.00";s:17:"payment_method_id";s:1:"0";s:18:"shipping_method_id";s:1:"2";s:13:"receiver_name";s:6:"dASDFs";s:16:"receiver_country";N;s:14:"receiver_state";s:6:"130000";s:13:"receiver_city";s:6:"130400";s:17:"receiver_district";s:6:"130402";s:16:"receiver_address";s:4:"Dasd";s:12:"receiver_zip";s:4:"dSDF";s:15:"receiver_mobile";s:0:"";s:14:"receiver_phone";s:0:"";s:4:"memo";s:0:"";s:8:"pay_time";N;s:9:"ship_time";N;s:11:"create_time";s:10:"1389942407";s:11:"update_time";s:10:"1390190317";}s:23:"\0CActiveRecord\0_related";a:0:{}s:17:"\0CActiveRecord\0_c";N;s:18:"\0CActiveRecord\0_pk";s:14:"20140117977926";s:21:"\0CActiveRecord\0_alias";s:1:"t";s:15:"\0CModel\0_errors";a:0:{}s:19:"\0CModel\0_validators";N;s:17:"\0CModel\0_scenario";s:6:"update";s:14:"\0CComponent\0_e";N;s:14:"\0CComponent\0_m";N;}', 1390195909, 2, 'success'),
(36, 2147483647, 'update', 'O:5:"Order":11:{s:19:"\0CActiveRecord\0_new";b:0;s:26:"\0CActiveRecord\0_attributes";a:26:{s:8:"order_id";s:14:"20140120300906";s:7:"user_id";s:1:"7";s:6:"status";s:1:"0";s:10:"pay_status";s:1:"0";s:11:"ship_status";s:1:"0";s:13:"refund_status";s:1:"0";s:14:"comment_status";s:1:"0";s:9:"total_fee";s:4:"0.00";s:8:"ship_fee";s:4:"0.00";s:7:"pay_fee";s:4:"0.00";s:17:"payment_method_id";s:1:"2";s:18:"shipping_method_id";s:1:"1";s:13:"receiver_name";s:6:"姚明";s:16:"receiver_country";N;s:14:"receiver_state";s:6:"130000";s:13:"receiver_city";s:6:"130400";s:17:"receiver_district";s:6:"130426";s:16:"receiver_address";s:6:"浙大";s:12:"receiver_zip";s:6:"310000";s:15:"receiver_mobile";s:11:"18777777777";s:14:"receiver_phone";s:8:"88888888";s:4:"memo";s:0:"";s:8:"pay_time";N;s:9:"ship_time";N;s:11:"create_time";s:10:"1390190039";s:11:"update_time";s:10:"1390190067";}s:23:"\0CActiveRecord\0_related";a:0:{}s:17:"\0CActiveRecord\0_c";N;s:18:"\0CActiveRecord\0_pk";s:14:"20140120300906";s:21:"\0CActiveRecord\0_alias";s:1:"t";s:15:"\0CModel\0_errors";a:0:{}s:19:"\0CModel\0_validators";N;s:17:"\0CModel\0_scenario";s:6:"update";s:14:"\0CComponent\0_e";N;s:14:"\0CComponent\0_m";N;}', 1390202633, 2, 'success'),
(48, NULL, 'create', 'O:5:"Order":11:{s:19:"\0CActiveRecord\0_new";b:1;s:26:"\0CActiveRecord\0_attributes";a:22:{s:6:"status";i:0;s:10:"pay_status";s:1:"0";s:11:"ship_status";i:0;s:13:"refund_status";i:0;s:14:"comment_status";i:0;s:9:"total_fee";s:4:"0.00";s:8:"ship_fee";s:4:"0.00";s:7:"pay_fee";s:4:"0.00";s:17:"payment_method_id";s:1:"0";s:18:"shipping_method_id";s:1:"1";s:7:"user_id";s:1:"7";s:13:"receiver_name";s:3:"asd";s:14:"receiver_state";s:6:"110000";s:13:"receiver_city";s:6:"110100";s:17:"receiver_district";s:6:"110101";s:12:"receiver_zip";s:4:"dasd";s:16:"receiver_address";s:5:"asdas";s:15:"receiver_mobile";s:0:"";s:14:"receiver_phone";s:0:"";s:4:"memo";s:0:"";s:8:"order_id";s:14:"20140122022687";s:11:"create_time";i:1390382118;}s:23:"\0CActiveRecord\0_related";a:0:{}s:17:"\0CActiveRecord\0_c";N;s:18:"\0CActiveRecord\0_pk";N;s:21:"\0CActiveRecord\0_alias";s:1:"t";s:15:"\0CModel\0_errors";a:0:{}s:19:"\0CModel\0_validators";O:5:"CList":5:{s:9:"\0CList\0_d";a:7:{i:0;O:18:"CRequiredValidator":12:{s:13:"requiredValue";N;s:6:"strict";b:0;s:4:"trim";b:1;s:10:"attributes";a:6:{i:0;s:13:"receiver_name";i:1;s:14:"receiver_state";i:2;s:13:"receiver_city";i:3;s:17:"receiver_district";i:4;s:12:"receiver_zip";i:5;s:16:"receiver_address";}s:7:"message";N;s:11:"skipOnError";b:0;s:2:"on";a:0:{}s:6:"except";a:0:{}s:4:"safe";b:1;s:22:"enableClientValidation";b:1;s:14:"\0CComponent\0_e";N;s:14:"\0CComponent\0_m";N;}i:1;O:16:"CNumberValidator":17:{s:11:"integerOnly";b:1;s:10:"allowEmpty";b:1;s:3:"max";N;s:3:"min";N;s:6:"tooBig";N;s:8:"tooSmall";N;s:14:"integerPattern";s:18:"/^\\s*[+-]?\\d+\\s*$/";s:13:"numberPattern";s:48:"/^\\s*[-+]?[0-9]*\\.?[0-9]+([eE][-+]?[0-9]+)?\\s*$/";s:10:"attributes";a:6:{i:0;s:18:"shipping_method_id";i:1;s:6:"status";i:2;s:10:"pay_status";i:3;s:11:"ship_status";i:4;s:13:"refund_status";i:5;s:14:"comment_status";}s:7:"message";N;s:11:"skipOnError";b:0;s:2:"on";a:0:{}s:6:"except";a:0:{}s:4:"safe";b:1;s:22:"enableClientValidation";b:1;s:14:"\0CComponent\0_e";N;s:14:"\0CComponent\0_m";N;}i:2;O:16:"CStringValidator":16:{s:3:"max";i:10;s:3:"min";N;s:2:"is";N;s:8:"tooShort";N;s:7:"tooLong";N;s:10:"allowEmpty";b:1;s:8:"encoding";N;s:10:"attributes";a:10:{i:0;s:7:"user_id";i:1;s:9:"total_fee";i:2;s:8:"ship_fee";i:3;s:7:"pay_fee";i:4;s:17:"payment_method_id";i:5;s:18:"shipping_method_id";i:6;s:8:"pay_time";i:7;s:9:"ship_time";i:8;s:11:"create_time";i:9;s:11:"update_time";}s:7:"message";N;s:11:"skipOnError";b:0;s:2:"on";a:0:{}s:6:"except";a:0:{}s:4:"safe";b:1;s:22:"enableClientValidation";b:1;s:14:"\0CComponent\0_e";N;s:14:"\0CComponent\0_m";N;}i:3;O:16:"CStringValidator":16:{s:3:"max";i:45;s:3:"min";N;s:2:"is";N;s:8:"tooShort";N;s:7:"tooLong";N;s:10:"allowEmpty";b:1;s:8:"encoding";N;s:10:"attributes";a:8:{i:0;s:13:"receiver_name";i:1;s:16:"receiver_country";i:2;s:14:"receiver_state";i:3;s:13:"receiver_city";i:4;s:17:"receiver_district";i:5;s:12:"receiver_zip";i:6;s:15:"receiver_mobile";i:7;s:14:"receiver_phone";}s:7:"message";N;s:11:"skipOnError";b:0;s:2:"on";a:0:{}s:6:"except";a:0:{}s:4:"safe";b:1;s:22:"enableClientValidation";b:1;s:14:"\0CComponent\0_e";N;s:14:"\0CComponent\0_m";N;}i:4;O:16:"CStringValidator":16:{s:3:"max";i:255;s:3:"min";N;s:2:"is";N;s:8:"tooShort";N;s:7:"tooLong";N;s:10:"allowEmpty";b:1;s:8:"encoding";N;s:10:"attributes";a:1:{i:0;s:16:"receiver_address";}s:7:"message";N;s:11:"skipOnError";b:0;s:2:"on";a:0:{}s:6:"except";a:0:{}s:4:"safe";b:1;s:22:"enableClientValidation";b:1;s:14:"\0CComponent\0_e";N;s:14:"\0CComponent\0_m";N;}i:5;O:14:"CSafeValidator":9:{s:10:"attributes";a:1:{i:0;s:4:"memo";}s:7:"message";N;s:11:"skipOnError";b:0;s:2:"on";a:0:{}s:6:"except";a:0:{}s:4:"safe";b:1;s:22:"enableClientValidation";b:1;s:14:"\0CComponent\0_e";N;s:14:"\0CComponent\0_m";N;}i:6;O:14:"CSafeValidator":9:{s:10:"attributes";a:26:{i:0;s:8:"order_id";i:1;s:7:"user_id";i:2;s:6:"status";i:3;s:10:"pay_status";i:4;s:11:"ship_status";i:5;s:13:"refund_status";i:6;s:14:"comment_status";i:7;s:9:"total_fee";i:8;s:8:"ship_fee";i:9;s:7:"pay_fee";i:10;s:17:"payment_method_id";i:11;s:18:"shipping_method_id";i:12;s:13:"receiver_name";i:13;s:16:"receiver_country";i:14;s:14:"receiver_state";i:15;s:13:"receiver_city";i:16;s:17:"receiver_district";i:17;s:16:"receiver_address";i:18;s:12:"receiver_zip";i:19;s:15:"receiver_mobile";i:20;s:14:"receiver_phone";i:21;s:4:"memo";i:22;s:8:"pay_time";i:23;s:9:"ship_time";i:24;s:11:"create_time";i:25;s:11:"update_time";}s:7:"message";N;s:11:"skipOnError";b:0;s:2:"on";a:1:{s:6:"search";s:6:"search";}s:6:"except";a:0:{}s:4:"safe";b:1;s:22:"enableClientValidation";b:1;s:14:"\0CComponent\0_e";N;s:14:"\0CComponent\0_m";N;}}s:9:"\0CList\0_c";i:7;s:9:"\0CList\0_r";b:0;s:14:"\0CComponent\0_e";N;s:14:"\0CComponent\0_m";N;}s:17:"\0CModel\0_scenario";s:6:"insert";s:14:"\0CComponent\0_e";N;s:14:"\0CComponent\0_m";N;}', 1390382118, 2, 'success'),
(50, NULL, 'create', 'O:5:"Order":11:{s:19:"\0CActiveRecord\0_new";b:1;s:26:"\0CActiveRecord\0_attributes";a:23:{s:6:"status";i:0;s:10:"pay_status";i:0;s:11:"ship_status";i:0;s:13:"refund_status";i:0;s:14:"comment_status";i:0;s:9:"total_fee";d:123;s:8:"ship_fee";s:4:"0.00";s:7:"pay_fee";s:4:"0.00";s:17:"payment_method_id";s:1:"1";s:18:"shipping_method_id";i:0;s:4:"memo";s:0:"";s:7:"user_id";s:1:"6";s:11:"create_time";i:1390382181;s:8:"order_id";s:14:"20140122945806";s:13:"receiver_name";s:6:"小明";s:16:"receiver_country";N;s:14:"receiver_state";s:6:"150000";s:13:"receiver_city";s:6:"150200";s:17:"receiver_district";s:6:"150202";s:16:"receiver_address";s:6:"213.21";s:12:"receiver_zip";s:4:"1420";s:15:"receiver_mobile";s:11:"13566666666";s:14:"receiver_phone";s:8:"00000000";}s:23:"\0CActiveRecord\0_related";a:0:{}s:17:"\0CActiveRecord\0_c";N;s:18:"\0CActiveRecord\0_pk";N;s:21:"\0CActiveRecord\0_alias";s:1:"t";s:15:"\0CModel\0_errors";a:0:{}s:19:"\0CModel\0_validators";O:5:"CList":5:{s:9:"\0CList\0_d";a:7:{i:0;O:18:"CRequiredValidator":12:{s:13:"requiredValue";N;s:6:"strict";b:0;s:4:"trim";b:1;s:10:"attributes";a:6:{i:0;s:13:"receiver_name";i:1;s:14:"receiver_state";i:2;s:13:"receiver_city";i:3;s:17:"receiver_district";i:4;s:12:"receiver_zip";i:5;s:16:"receiver_address";}s:7:"message";N;s:11:"skipOnError";b:0;s:2:"on";a:0:{}s:6:"except";a:0:{}s:4:"safe";b:1;s:22:"enableClientValidation";b:1;s:14:"\0CComponent\0_e";N;s:14:"\0CComponent\0_m";N;}i:1;O:16:"CNumberValidator":17:{s:11:"integerOnly";b:1;s:10:"allowEmpty";b:1;s:3:"max";N;s:3:"min";N;s:6:"tooBig";N;s:8:"tooSmall";N;s:14:"integerPattern";s:18:"/^\\s*[+-]?\\d+\\s*$/";s:13:"numberPattern";s:48:"/^\\s*[-+]?[0-9]*\\.?[0-9]+([eE][-+]?[0-9]+)?\\s*$/";s:10:"attributes";a:6:{i:0;s:18:"shipping_method_id";i:1;s:6:"status";i:2;s:10:"pay_status";i:3;s:11:"ship_status";i:4;s:13:"refund_status";i:5;s:14:"comment_status";}s:7:"message";N;s:11:"skipOnError";b:0;s:2:"on";a:0:{}s:6:"except";a:0:{}s:4:"safe";b:1;s:22:"enableClientValidation";b:1;s:14:"\0CComponent\0_e";N;s:14:"\0CComponent\0_m";N;}i:2;O:16:"CStringValidator":16:{s:3:"max";i:10;s:3:"min";N;s:2:"is";N;s:8:"tooShort";N;s:7:"tooLong";N;s:10:"allowEmpty";b:1;s:8:"encoding";N;s:10:"attributes";a:10:{i:0;s:7:"user_id";i:1;s:9:"total_fee";i:2;s:8:"ship_fee";i:3;s:7:"pay_fee";i:4;s:17:"payment_method_id";i:5;s:18:"shipping_method_id";i:6;s:8:"pay_time";i:7;s:9:"ship_time";i:8;s:11:"create_time";i:9;s:11:"update_time";}s:7:"message";N;s:11:"skipOnError";b:0;s:2:"on";a:0:{}s:6:"except";a:0:{}s:4:"safe";b:1;s:22:"enableClientValidation";b:1;s:14:"\0CComponent\0_e";N;s:14:"\0CComponent\0_m";N;}i:3;O:16:"CStringValidator":16:{s:3:"max";i:45;s:3:"min";N;s:2:"is";N;s:8:"tooShort";N;s:7:"tooLong";N;s:10:"allowEmpty";b:1;s:8:"encoding";N;s:10:"attributes";a:8:{i:0;s:13:"receiver_name";i:1;s:16:"receiver_country";i:2;s:14:"receiver_state";i:3;s:13:"receiver_city";i:4;s:17:"receiver_district";i:5;s:12:"receiver_zip";i:6;s:15:"receiver_mobile";i:7;s:14:"receiver_phone";}s:7:"message";N;s:11:"skipOnError";b:0;s:2:"on";a:0:{}s:6:"except";a:0:{}s:4:"safe";b:1;s:22:"enableClientValidation";b:1;s:14:"\0CComponent\0_e";N;s:14:"\0CComponent\0_m";N;}i:4;O:16:"CStringValidator":16:{s:3:"max";i:255;s:3:"min";N;s:2:"is";N;s:8:"tooShort";N;s:7:"tooLong";N;s:10:"allowEmpty";b:1;s:8:"encoding";N;s:10:"attributes";a:1:{i:0;s:16:"receiver_address";}s:7:"message";N;s:11:"skipOnError";b:0;s:2:"on";a:0:{}s:6:"except";a:0:{}s:4:"safe";b:1;s:22:"enableClientValidation";b:1;s:14:"\0CComponent\0_e";N;s:14:"\0CComponent\0_m";N;}i:5;O:14:"CSafeValidator":9:{s:10:"attributes";a:1:{i:0;s:4:"memo";}s:7:"message";N;s:11:"skipOnError";b:0;s:2:"on";a:0:{}s:6:"except";a:0:{}s:4:"safe";b:1;s:22:"enableClientValidation";b:1;s:14:"\0CComponent\0_e";N;s:14:"\0CComponent\0_m";N;}i:6;O:14:"CSafeValidator":9:{s:10:"attributes";a:26:{i:0;s:8:"order_id";i:1;s:7:"user_id";i:2;s:6:"status";i:3;s:10:"pay_status";i:4;s:11:"ship_status";i:5;s:13:"refund_status";i:6;s:14:"comment_status";i:7;s:9:"total_fee";i:8;s:8:"ship_fee";i:9;s:7:"pay_fee";i:10;s:17:"payment_method_id";i:11;s:18:"shipping_method_id";i:12;s:13:"receiver_name";i:13;s:16:"receiver_country";i:14;s:14:"receiver_state";i:15;s:13:"receiver_city";i:16;s:17:"receiver_district";i:17;s:16:"receiver_address";i:18;s:12:"receiver_zip";i:19;s:15:"receiver_mobile";i:20;s:14:"receiver_phone";i:21;s:4:"memo";i:22;s:8:"pay_time";i:23;s:9:"ship_time";i:24;s:11:"create_time";i:25;s:11:"update_time";}s:7:"message";N;s:11:"skipOnError";b:0;s:2:"on";a:1:{s:6:"search";s:6:"search";}s:6:"except";a:0:{}s:4:"safe";b:1;s:22:"enableClientValidation";b:1;s:14:"\0CComponent\0_e";N;s:14:"\0CComponent\0_m";N;}}s:9:"\0CList\0_c";i:7;s:9:"\0CList\0_r";b:0;s:14:"\0CComponent\0_e";N;s:14:"\0CComponent\0_m";N;}s:17:"\0CModel\0_scenario";s:6:"insert";s:14:"\0CComponent\0_e";N;s:14:"\0CComponent\0_m";N;}', 1390382181, 6, 'success'),
(51, NULL, 'create', 'O:5:"Order":11:{s:19:"\0CActiveRecord\0_new";b:1;s:26:"\0CActiveRecord\0_attributes";a:23:{s:6:"status";i:0;s:10:"pay_status";i:0;s:11:"ship_status";i:0;s:13:"refund_status";i:0;s:14:"comment_status";i:0;s:9:"total_fee";d:233;s:8:"ship_fee";s:4:"0.00";s:7:"pay_fee";s:4:"0.00";s:17:"payment_method_id";s:1:"1";s:18:"shipping_method_id";i:0;s:4:"memo";s:0:"";s:7:"user_id";s:1:"6";s:11:"create_time";i:1390382426;s:8:"order_id";s:14:"20140122461421";s:13:"receiver_name";s:6:"小明";s:16:"receiver_country";N;s:14:"receiver_state";s:6:"150000";s:13:"receiver_city";s:6:"150200";s:17:"receiver_district";s:6:"150202";s:16:"receiver_address";s:6:"213.21";s:12:"receiver_zip";s:4:"1420";s:15:"receiver_mobile";s:11:"13566666666";s:14:"receiver_phone";s:8:"00000000";}s:23:"\0CActiveRecord\0_related";a:0:{}s:17:"\0CActiveRecord\0_c";N;s:18:"\0CActiveRecord\0_pk";N;s:21:"\0CActiveRecord\0_alias";s:1:"t";s:15:"\0CModel\0_errors";a:0:{}s:19:"\0CModel\0_validators";O:5:"CList":5:{s:9:"\0CList\0_d";a:7:{i:0;O:18:"CRequiredValidator":12:{s:13:"requiredValue";N;s:6:"strict";b:0;s:4:"trim";b:1;s:10:"attributes";a:6:{i:0;s:13:"receiver_name";i:1;s:14:"receiver_state";i:2;s:13:"receiver_city";i:3;s:17:"receiver_district";i:4;s:12:"receiver_zip";i:5;s:16:"receiver_address";}s:7:"message";N;s:11:"skipOnError";b:0;s:2:"on";a:0:{}s:6:"except";a:0:{}s:4:"safe";b:1;s:22:"enableClientValidation";b:1;s:14:"\0CComponent\0_e";N;s:14:"\0CComponent\0_m";N;}i:1;O:16:"CNumberValidator":17:{s:11:"integerOnly";b:1;s:10:"allowEmpty";b:1;s:3:"max";N;s:3:"min";N;s:6:"tooBig";N;s:8:"tooSmall";N;s:14:"integerPattern";s:18:"/^\\s*[+-]?\\d+\\s*$/";s:13:"numberPattern";s:48:"/^\\s*[-+]?[0-9]*\\.?[0-9]+([eE][-+]?[0-9]+)?\\s*$/";s:10:"attributes";a:6:{i:0;s:18:"shipping_method_id";i:1;s:6:"status";i:2;s:10:"pay_status";i:3;s:11:"ship_status";i:4;s:13:"refund_status";i:5;s:14:"comment_status";}s:7:"message";N;s:11:"skipOnError";b:0;s:2:"on";a:0:{}s:6:"except";a:0:{}s:4:"safe";b:1;s:22:"enableClientValidation";b:1;s:14:"\0CComponent\0_e";N;s:14:"\0CComponent\0_m";N;}i:2;O:16:"CStringValidator":16:{s:3:"max";i:10;s:3:"min";N;s:2:"is";N;s:8:"tooShort";N;s:7:"tooLong";N;s:10:"allowEmpty";b:1;s:8:"encoding";N;s:10:"attributes";a:10:{i:0;s:7:"user_id";i:1;s:9:"total_fee";i:2;s:8:"ship_fee";i:3;s:7:"pay_fee";i:4;s:17:"payment_method_id";i:5;s:18:"shipping_method_id";i:6;s:8:"pay_time";i:7;s:9:"ship_time";i:8;s:11:"create_time";i:9;s:11:"update_time";}s:7:"message";N;s:11:"skipOnError";b:0;s:2:"on";a:0:{}s:6:"except";a:0:{}s:4:"safe";b:1;s:22:"enableClientValidation";b:1;s:14:"\0CComponent\0_e";N;s:14:"\0CComponent\0_m";N;}i:3;O:16:"CStringValidator":16:{s:3:"max";i:45;s:3:"min";N;s:2:"is";N;s:8:"tooShort";N;s:7:"tooLong";N;s:10:"allowEmpty";b:1;s:8:"encoding";N;s:10:"attributes";a:8:{i:0;s:13:"receiver_name";i:1;s:16:"receiver_country";i:2;s:14:"receiver_state";i:3;s:13:"receiver_city";i:4;s:17:"receiver_district";i:5;s:12:"receiver_zip";i:6;s:15:"receiver_mobile";i:7;s:14:"receiver_phone";}s:7:"message";N;s:11:"skipOnError";b:0;s:2:"on";a:0:{}s:6:"except";a:0:{}s:4:"safe";b:1;s:22:"enableClientValidation";b:1;s:14:"\0CComponent\0_e";N;s:14:"\0CComponent\0_m";N;}i:4;O:16:"CStringValidator":16:{s:3:"max";i:255;s:3:"min";N;s:2:"is";N;s:8:"tooShort";N;s:7:"tooLong";N;s:10:"allowEmpty";b:1;s:8:"encoding";N;s:10:"attributes";a:1:{i:0;s:16:"receiver_address";}s:7:"message";N;s:11:"skipOnError";b:0;s:2:"on";a:0:{}s:6:"except";a:0:{}s:4:"safe";b:1;s:22:"enableClientValidation";b:1;s:14:"\0CComponent\0_e";N;s:14:"\0CComponent\0_m";N;}i:5;O:14:"CSafeValidator":9:{s:10:"attributes";a:1:{i:0;s:4:"memo";}s:7:"message";N;s:11:"skipOnError";b:0;s:2:"on";a:0:{}s:6:"except";a:0:{}s:4:"safe";b:1;s:22:"enableClientValidation";b:1;s:14:"\0CComponent\0_e";N;s:14:"\0CComponent\0_m";N;}i:6;O:14:"CSafeValidator":9:{s:10:"attributes";a:26:{i:0;s:8:"order_id";i:1;s:7:"user_id";i:2;s:6:"status";i:3;s:10:"pay_status";i:4;s:11:"ship_status";i:5;s:13:"refund_status";i:6;s:14:"comment_status";i:7;s:9:"total_fee";i:8;s:8:"ship_fee";i:9;s:7:"pay_fee";i:10;s:17:"payment_method_id";i:11;s:18:"shipping_method_id";i:12;s:13:"receiver_name";i:13;s:16:"receiver_country";i:14;s:14:"receiver_state";i:15;s:13:"receiver_city";i:16;s:17:"receiver_district";i:17;s:16:"receiver_address";i:18;s:12:"receiver_zip";i:19;s:15:"receiver_mobile";i:20;s:14:"receiver_phone";i:21;s:4:"memo";i:22;s:8:"pay_time";i:23;s:9:"ship_time";i:24;s:11:"create_time";i:25;s:11:"update_time";}s:7:"message";N;s:11:"skipOnError";b:0;s:2:"on";a:1:{s:6:"search";s:6:"search";}s:6:"except";a:0:{}s:4:"safe";b:1;s:22:"enableClientValidation";b:1;s:14:"\0CComponent\0_e";N;s:14:"\0CComponent\0_m";N;}}s:9:"\0CList\0_c";i:7;s:9:"\0CList\0_r";b:0;s:14:"\0CComponent\0_e";N;s:14:"\0CComponent\0_m";N;}s:17:"\0CModel\0_scenario";s:6:"insert";s:14:"\0CComponent\0_e";N;s:14:"\0CComponent\0_m";N;}', 1390382426, 6, 'success'),
(52, 2147483647, 'create', 'O:5:"Order":11:{s:19:"\0CActiveRecord\0_new";b:1;s:26:"\0CActiveRecord\0_attributes";a:23:{s:6:"status";i:0;s:10:"pay_status";i:0;s:11:"ship_status";i:0;s:13:"refund_status";i:0;s:14:"comment_status";i:0;s:9:"total_fee";d:1299;s:8:"ship_fee";s:4:"0.00";s:7:"pay_fee";s:4:"0.00";s:17:"payment_method_id";s:1:"1";s:18:"shipping_method_id";i:0;s:4:"memo";s:0:"";s:7:"user_id";s:1:"1";s:11:"create_time";i:1391749153;s:8:"order_id";s:14:"20140207642329";s:13:"receiver_name";s:6:"小明";s:16:"receiver_country";N;s:14:"receiver_state";s:6:"130000";s:13:"receiver_city";s:6:"130300";s:17:"receiver_district";s:6:"130304";s:16:"receiver_address";s:5:"11111";s:12:"receiver_zip";s:7:"1111111";s:15:"receiver_mobile";s:11:"13338888899";s:14:"receiver_phone";s:13:"021-877777222";}s:23:"\0CActiveRecord\0_related";a:0:{}s:17:"\0CActiveRecord\0_c";N;s:18:"\0CActiveRecord\0_pk";N;s:21:"\0CActiveRecord\0_alias";s:1:"t";s:15:"\0CModel\0_errors";a:0:{}s:19:"\0CModel\0_validators";O:5:"CList":5:{s:9:"\0CList\0_d";a:7:{i:0;O:18:"CRequiredValidator":12:{s:13:"requiredValue";N;s:6:"strict";b:0;s:4:"trim";b:1;s:10:"attributes";a:6:{i:0;s:13:"receiver_name";i:1;s:14:"receiver_state";i:2;s:13:"receiver_city";i:3;s:17:"receiver_district";i:4;s:12:"receiver_zip";i:5;s:16:"receiver_address";}s:7:"message";N;s:11:"skipOnError";b:0;s:2:"on";a:0:{}s:6:"except";a:0:{}s:4:"safe";b:1;s:22:"enableClientValidation";b:1;s:14:"\0CComponent\0_e";N;s:14:"\0CComponent\0_m";N;}i:1;O:16:"CNumberValidator":17:{s:11:"integerOnly";b:1;s:10:"allowEmpty";b:1;s:3:"max";N;s:3:"min";N;s:6:"tooBig";N;s:8:"tooSmall";N;s:14:"integerPattern";s:18:"/^\\s*[+-]?\\d+\\s*$/";s:13:"numberPattern";s:48:"/^\\s*[-+]?[0-9]*\\.?[0-9]+([eE][-+]?[0-9]+)?\\s*$/";s:10:"attributes";a:6:{i:0;s:18:"shipping_method_id";i:1;s:6:"status";i:2;s:10:"pay_status";i:3;s:11:"ship_status";i:4;s:13:"refund_status";i:5;s:14:"comment_status";}s:7:"message";N;s:11:"skipOnError";b:0;s:2:"on";a:0:{}s:6:"except";a:0:{}s:4:"safe";b:1;s:22:"enableClientValidation";b:1;s:14:"\0CComponent\0_e";N;s:14:"\0CComponent\0_m";N;}i:2;O:16:"CStringValidator":16:{s:3:"max";i:10;s:3:"min";N;s:2:"is";N;s:8:"tooShort";N;s:7:"tooLong";N;s:10:"allowEmpty";b:1;s:8:"encoding";N;s:10:"attributes";a:10:{i:0;s:7:"user_id";i:1;s:9:"total_fee";i:2;s:8:"ship_fee";i:3;s:7:"pay_fee";i:4;s:17:"payment_method_id";i:5;s:18:"shipping_method_id";i:6;s:8:"pay_time";i:7;s:9:"ship_time";i:8;s:11:"create_time";i:9;s:11:"update_time";}s:7:"message";N;s:11:"skipOnError";b:0;s:2:"on";a:0:{}s:6:"except";a:0:{}s:4:"safe";b:1;s:22:"enableClientValidation";b:1;s:14:"\0CComponent\0_e";N;s:14:"\0CComponent\0_m";N;}i:3;O:16:"CStringValidator":16:{s:3:"max";i:45;s:3:"min";N;s:2:"is";N;s:8:"tooShort";N;s:7:"tooLong";N;s:10:"allowEmpty";b:1;s:8:"encoding";N;s:10:"attributes";a:8:{i:0;s:13:"receiver_name";i:1;s:16:"receiver_country";i:2;s:14:"receiver_state";i:3;s:13:"receiver_city";i:4;s:17:"receiver_district";i:5;s:12:"receiver_zip";i:6;s:15:"receiver_mobile";i:7;s:14:"receiver_phone";}s:7:"message";N;s:11:"skipOnError";b:0;s:2:"on";a:0:{}s:6:"except";a:0:{}s:4:"safe";b:1;s:22:"enableClientValidation";b:1;s:14:"\0CComponent\0_e";N;s:14:"\0CComponent\0_m";N;}i:4;O:16:"CStringValidator":16:{s:3:"max";i:255;s:3:"min";N;s:2:"is";N;s:8:"tooShort";N;s:7:"tooLong";N;s:10:"allowEmpty";b:1;s:8:"encoding";N;s:10:"attributes";a:1:{i:0;s:16:"receiver_address";}s:7:"message";N;s:11:"skipOnError";b:0;s:2:"on";a:0:{}s:6:"except";a:0:{}s:4:"safe";b:1;s:22:"enableClientValidation";b:1;s:14:"\0CComponent\0_e";N;s:14:"\0CComponent\0_m";N;}i:5;O:14:"CSafeValidator":9:{s:10:"attributes";a:1:{i:0;s:4:"memo";}s:7:"message";N;s:11:"skipOnError";b:0;s:2:"on";a:0:{}s:6:"except";a:0:{}s:4:"safe";b:1;s:22:"enableClientValidation";b:1;s:14:"\0CComponent\0_e";N;s:14:"\0CComponent\0_m";N;}i:6;O:14:"CSafeValidator":9:{s:10:"attributes";a:26:{i:0;s:8:"order_id";i:1;s:7:"user_id";i:2;s:6:"status";i:3;s:10:"pay_status";i:4;s:11:"ship_status";i:5;s:13:"refund_status";i:6;s:14:"comment_status";i:7;s:9:"total_fee";i:8;s:8:"ship_fee";i:9;s:7:"pay_fee";i:10;s:17:"payment_method_id";i:11;s:18:"shipping_method_id";i:12;s:13:"receiver_name";i:13;s:16:"receiver_country";i:14;s:14:"receiver_state";i:15;s:13:"receiver_city";i:16;s:17:"receiver_district";i:17;s:16:"receiver_address";i:18;s:12:"receiver_zip";i:19;s:15:"receiver_mobile";i:20;s:14:"receiver_phone";i:21;s:4:"memo";i:22;s:8:"pay_time";i:23;s:9:"ship_time";i:24;s:11:"create_time";i:25;s:11:"update_time";}s:7:"message";N;s:11:"skipOnError";b:0;s:2:"on";a:1:{s:6:"search";s:6:"search";}s:6:"except";a:0:{}s:4:"safe";b:1;s:22:"enableClientValidation";b:1;s:14:"\0CComponent\0_e";N;s:14:"\0CComponent\0_m";N;}}s:9:"\0CList\0_c";i:7;s:9:"\0CList\0_r";b:0;s:14:"\0CComponent\0_e";N;s:14:"\0CComponent\0_m";N;}s:17:"\0CModel\0_scenario";s:6:"insert";s:14:"\0CComponent\0_e";N;s:14:"\0CComponent\0_m";N;}', 1391749153, 1, 'success'),
(53, 2147483647, 'create', 'O:5:"Order":11:{s:19:"\0CActiveRecord\0_new";b:1;s:26:"\0CActiveRecord\0_attributes";a:23:{s:6:"status";i:0;s:10:"pay_status";i:0;s:11:"ship_status";i:0;s:13:"refund_status";i:0;s:14:"comment_status";i:0;s:9:"total_fee";d:1299;s:8:"ship_fee";s:4:"0.00";s:7:"pay_fee";s:4:"0.00";s:17:"payment_method_id";s:1:"1";s:18:"shipping_method_id";i:0;s:4:"memo";s:0:"";s:7:"user_id";s:1:"1";s:11:"create_time";i:1392190289;s:8:"order_id";s:14:"20140212007840";s:13:"receiver_name";s:6:"小明";s:16:"receiver_country";N;s:14:"receiver_state";s:6:"130000";s:13:"receiver_city";s:6:"130300";s:17:"receiver_district";s:6:"130304";s:16:"receiver_address";s:5:"11111";s:12:"receiver_zip";s:7:"1111111";s:15:"receiver_mobile";s:11:"13338888899";s:14:"receiver_phone";s:13:"021-877777222";}s:23:"\0CActiveRecord\0_related";a:0:{}s:17:"\0CActiveRecord\0_c";N;s:18:"\0CActiveRecord\0_pk";N;s:21:"\0CActiveRecord\0_alias";s:1:"t";s:15:"\0CModel\0_errors";a:0:{}s:19:"\0CModel\0_validators";O:5:"CList":5:{s:9:"\0CList\0_d";a:7:{i:0;O:18:"CRequiredValidator":12:{s:13:"requiredValue";N;s:6:"strict";b:0;s:4:"trim";b:1;s:10:"attributes";a:6:{i:0;s:13:"receiver_name";i:1;s:14:"receiver_state";i:2;s:13:"receiver_city";i:3;s:17:"receiver_district";i:4;s:12:"receiver_zip";i:5;s:16:"receiver_address";}s:7:"message";N;s:11:"skipOnError";b:0;s:2:"on";a:0:{}s:6:"except";a:0:{}s:4:"safe";b:1;s:22:"enableClientValidation";b:1;s:14:"\0CComponent\0_e";N;s:14:"\0CComponent\0_m";N;}i:1;O:16:"CNumberValidator":17:{s:11:"integerOnly";b:1;s:10:"allowEmpty";b:1;s:3:"max";N;s:3:"min";N;s:6:"tooBig";N;s:8:"tooSmall";N;s:14:"integerPattern";s:18:"/^\\s*[+-]?\\d+\\s*$/";s:13:"numberPattern";s:48:"/^\\s*[-+]?[0-9]*\\.?[0-9]+([eE][-+]?[0-9]+)?\\s*$/";s:10:"attributes";a:6:{i:0;s:18:"shipping_method_id";i:1;s:6:"status";i:2;s:10:"pay_status";i:3;s:11:"ship_status";i:4;s:13:"refund_status";i:5;s:14:"comment_status";}s:7:"message";N;s:11:"skipOnError";b:0;s:2:"on";a:0:{}s:6:"except";a:0:{}s:4:"safe";b:1;s:22:"enableClientValidation";b:1;s:14:"\0CComponent\0_e";N;s:14:"\0CComponent\0_m";N;}i:2;O:16:"CStringValidator":16:{s:3:"max";i:10;s:3:"min";N;s:2:"is";N;s:8:"tooShort";N;s:7:"tooLong";N;s:10:"allowEmpty";b:1;s:8:"encoding";N;s:10:"attributes";a:10:{i:0;s:7:"user_id";i:1;s:9:"total_fee";i:2;s:8:"ship_fee";i:3;s:7:"pay_fee";i:4;s:17:"payment_method_id";i:5;s:18:"shipping_method_id";i:6;s:8:"pay_time";i:7;s:9:"ship_time";i:8;s:11:"create_time";i:9;s:11:"update_time";}s:7:"message";N;s:11:"skipOnError";b:0;s:2:"on";a:0:{}s:6:"except";a:0:{}s:4:"safe";b:1;s:22:"enableClientValidation";b:1;s:14:"\0CComponent\0_e";N;s:14:"\0CComponent\0_m";N;}i:3;O:16:"CStringValidator":16:{s:3:"max";i:45;s:3:"min";N;s:2:"is";N;s:8:"tooShort";N;s:7:"tooLong";N;s:10:"allowEmpty";b:1;s:8:"encoding";N;s:10:"attributes";a:8:{i:0;s:13:"receiver_name";i:1;s:16:"receiver_country";i:2;s:14:"receiver_state";i:3;s:13:"receiver_city";i:4;s:17:"receiver_district";i:5;s:12:"receiver_zip";i:6;s:15:"receiver_mobile";i:7;s:14:"receiver_phone";}s:7:"message";N;s:11:"skipOnError";b:0;s:2:"on";a:0:{}s:6:"except";a:0:{}s:4:"safe";b:1;s:22:"enableClientValidation";b:1;s:14:"\0CComponent\0_e";N;s:14:"\0CComponent\0_m";N;}i:4;O:16:"CStringValidator":16:{s:3:"max";i:255;s:3:"min";N;s:2:"is";N;s:8:"tooShort";N;s:7:"tooLong";N;s:10:"allowEmpty";b:1;s:8:"encoding";N;s:10:"attributes";a:1:{i:0;s:16:"receiver_address";}s:7:"message";N;s:11:"skipOnError";b:0;s:2:"on";a:0:{}s:6:"except";a:0:{}s:4:"safe";b:1;s:22:"enableClientValidation";b:1;s:14:"\0CComponent\0_e";N;s:14:"\0CComponent\0_m";N;}i:5;O:14:"CSafeValidator":9:{s:10:"attributes";a:1:{i:0;s:4:"memo";}s:7:"message";N;s:11:"skipOnError";b:0;s:2:"on";a:0:{}s:6:"except";a:0:{}s:4:"safe";b:1;s:22:"enableClientValidation";b:1;s:14:"\0CComponent\0_e";N;s:14:"\0CComponent\0_m";N;}i:6;O:14:"CSafeValidator":9:{s:10:"attributes";a:26:{i:0;s:8:"order_id";i:1;s:7:"user_id";i:2;s:6:"status";i:3;s:10:"pay_status";i:4;s:11:"ship_status";i:5;s:13:"refund_status";i:6;s:14:"comment_status";i:7;s:9:"total_fee";i:8;s:8:"ship_fee";i:9;s:7:"pay_fee";i:10;s:17:"payment_method_id";i:11;s:18:"shipping_method_id";i:12;s:13:"receiver_name";i:13;s:16:"receiver_country";i:14;s:14:"receiver_state";i:15;s:13:"receiver_city";i:16;s:17:"receiver_district";i:17;s:16:"receiver_address";i:18;s:12:"receiver_zip";i:19;s:15:"receiver_mobile";i:20;s:14:"receiver_phone";i:21;s:4:"memo";i:22;s:8:"pay_time";i:23;s:9:"ship_time";i:24;s:11:"create_time";i:25;s:11:"update_time";}s:7:"message";N;s:11:"skipOnError";b:0;s:2:"on";a:1:{s:6:"search";s:6:"search";}s:6:"except";a:0:{}s:4:"safe";b:1;s:22:"enableClientValidation";b:1;s:14:"\0CComponent\0_e";N;s:14:"\0CComponent\0_m";N;}}s:9:"\0CList\0_c";i:7;s:9:"\0CList\0_r";b:0;s:14:"\0CComponent\0_e";N;s:14:"\0CComponent\0_m";N;}s:17:"\0CModel\0_scenario";s:6:"insert";s:14:"\0CComponent\0_e";N;s:14:"\0CComponent\0_m";N;}', 1392190289, 1, 'success');

-- --------------------------------------------------------

--
-- 表的结构 `page`
--

CREATE TABLE IF NOT EXISTS `page` (
  `id` int(11) NOT NULL AUTO_INCREMENT,
  `store_id` int(10) unsigned NOT NULL,
  `category_id` int(11) NOT NULL DEFAULT '0',
  `key` varchar(200) NOT NULL,
  `title` varchar(200) NOT NULL,
  `content` longtext NOT NULL,
  `language` varchar(45) NOT NULL,
  PRIMARY KEY (`id`)
) ENGINE=InnoDB  DEFAULT CHARSET=utf8 AUTO_INCREMENT=25 ;

--
-- 转存表中的数据 `page`
--

INSERT INTO `page` (`id`, `store_id`, `category_id`, `key`, `title`, `content`, `language`) VALUES
(1, 0, 32, 'notice', '顾客必读', '<h4>\r\n	如何订购商品？\r\n</h4>\r\n您可以首先浏览我们的网站了解商品。看到您满意的商品您可以直接在我们的网站上实现订购。您也可以和我们网站的客服人员联系订购。\r\n<h4>\r\n	我通过网站看到你们的商品后觉得不错，但是我不是经常上网，你可以寄一些商品的图片和介绍给我吗？\r\n</h4>\r\n答：我们的网站会不定期地为会员发送商品信息资料的电子邮件。如果您目前还没有成为我们的会员，您可以直接在我们的网站上注册，非常方便。\r\n<h4>\r\n	请告诉我在这里购物的理由好吗？\r\n</h4>\r\n<ol>\r\n	<li>\r\n		我们是一家拥有长期经营零售业务经验的网站；\r\n	</li>\r\n	<li>\r\n		我们将给您带来优质的商品及更优惠的价格；\r\n	</li>\r\n	<li>\r\n		多种付款方式以及快速的全国配送；\r\n	</li>\r\n	<li>\r\n		人性化的退换货事宜；\r\n	</li>\r\n	<li>\r\n		体贴入微的会员积分计划；\r\n	</li>\r\n	<li>\r\n		所有产品为原厂正规包装；\r\n	</li>\r\n</ol>\r\n<h4>\r\n	你们的商品我都非常喜欢，已经购买了很多，但是有些怎么一直没货？会不会订不到？\r\n</h4>\r\n由于网站顾客购买量比较大，商品随时可能断货，您可以通过网站上的“到货通知”按钮预定商品或直接联系我们的网站客服进行预约订购。\r\n<h4>\r\n	所有的产品都能够在网站上购买?\r\n</h4>\r\n答：目前网站查找的都是可以订购的，但是必须是仓库中有库存的产品我们才可以与您确认。部分热销产品也可以通过我们的网站做一个预约，等到货品到后，我们会立即通过电话或者电子邮件的方式通知您来订购。\r\n<h4>\r\n	为什么要注册会员？\r\n</h4>\r\n<ol>\r\n	<li>\r\n		只有注册用户才可以在网上进行订购，享受优惠的价格。\r\n	</li>\r\n	<li>\r\n		只有注册用户才可以登录"会员中心"，使用更多的会员购物功能,管理自己的资料。\r\n	</li>\r\n	<li>\r\n		只有注册用户才可以在网上给其他注册的朋友留言。\r\n	</li>\r\n	<li>\r\n		只有注册用户才有可能获取我们赠送的礼品。\r\n	</li>\r\n</ol>\r\n<h4>\r\n	忘记了密码怎么办？\r\n</h4>\r\n为了保护客户利益，我们无法看到您的密码。当您忘记密码时，请登录注册页面，点击"忘记密码"，系统会自动将您的密码通过email告诉您，您可以登录"会员中心"去更改密码，以确保您的利益。\r\n<h4>\r\n	积分是怎么回事？有什么作用？\r\n</h4>\r\n积分的高低只反映您对我们的关注和支持程度。我们的积分是通过订购商品产生的。对于高积分的客户我们会有一定的奖励，如积分兑换商品、积分抵扣价格、赠送商品,更优惠的价格购买商品等，以此回馈广大顾客。', 'zh_cn'),
(2, 0, 32, 'memberrank', '会员等级折扣', '我们的会员等级系统是动态的，按照会员积分的多少划分不同的等级，等级越高享受的商品折扣越大。 针对会员的促销活动和优惠政策会运用到每一个优惠活动中。如：“捆绑销售”、“积分换购”等等。', 'zh_cn'),
(3, 0, 32, 'orderstatus', '订单的几种状态', '<table class="liststyle data ke-zeroborder" border="0" cellpadding="0" cellspacing="2">\r\n	<tbody>\r\n		<tr>\r\n			<th>\r\n				状态名称\r\n			</th>\r\n			<th>\r\n				状态释义\r\n			</th>\r\n			<th>\r\n				定义\r\n			</th>\r\n			<th>\r\n				反馈信息\r\n			</th>\r\n		</tr>\r\n	</tbody>\r\n	<tbody>\r\n		<tr>\r\n			<th>\r\n				确认\r\n			</th>\r\n			<td>\r\n				未确认\r\n			</td>\r\n			<td>\r\n				未审核确认订单\r\n			</td>\r\n			<td>\r\n				&nbsp;\r\n			</td>\r\n		</tr>\r\n		<tr>\r\n			<th>\r\n				已确认\r\n			</th>\r\n			<td>\r\n				货到付款订单已经审核确认\r\n			</td>\r\n			<td>\r\n				为您发送订单已确认信件\r\n			</td>\r\n			<td>\r\n				&nbsp;\r\n			</td>\r\n		</tr>\r\n		<tr>\r\n			<th>\r\n				付款\r\n			</th>\r\n			<td>\r\n				&nbsp;\r\n			</td>\r\n			<td>\r\n				&nbsp;\r\n			</td>\r\n			<td>\r\n				&nbsp;\r\n			</td>\r\n		</tr>\r\n		<tr>\r\n			<th>\r\n				部分付款\r\n			</th>\r\n			<td>\r\n				只收到部分订单货款\r\n			</td>\r\n			<td>\r\n				为您发送订单收款信件\r\n			</td>\r\n			<td>\r\n				&nbsp;\r\n			</td>\r\n		</tr>\r\n		<tr>\r\n			<th>\r\n				已付款\r\n			</th>\r\n			<td>\r\n				货款全部收到\r\n			</td>\r\n			<td>\r\n				为您发送订单收款信件\r\n			</td>\r\n			<td>\r\n				&nbsp;\r\n			</td>\r\n		</tr>\r\n		<tr>\r\n			<th>\r\n				取消\r\n			</th>\r\n			<td>\r\n				客户要求取消\r\n			</td>\r\n			<td>\r\n				客户自行取消的订单\r\n			</td>\r\n			<td>\r\n				为您发送订单取消信件\r\n			</td>\r\n		</tr>\r\n		<tr>\r\n			<th>\r\n				超送货范围取消\r\n			</th>\r\n			<td>\r\n				超出送货范围的订单\r\n			</td>\r\n			<td>\r\n				为您发送订单取消信件\r\n			</td>\r\n			<td>\r\n				&nbsp;\r\n			</td>\r\n		</tr>\r\n		<tr>\r\n			<th>\r\n				重复订单取消\r\n			</th>\r\n			<td>\r\n				同一日重复定购同样商品的订单\r\n			</td>\r\n			<td>\r\n				为您发送订单取消信件\r\n			</td>\r\n			<td>\r\n				&nbsp;\r\n			</td>\r\n		</tr>\r\n		<tr>\r\n			<th>\r\n				地址不详取消\r\n			</th>\r\n			<td>\r\n				客户所留地址不够详细，或只留信箱，无法上门送货的订单\r\n			</td>\r\n			<td>\r\n				为您发送订单取消信件\r\n			</td>\r\n			<td>\r\n				&nbsp;\r\n			</td>\r\n		</tr>\r\n		<tr>\r\n			<th>\r\n				货款逾期未收到\r\n			</th>\r\n			<td>\r\n				自订单日期后7日内仍然没有收到全部货款\r\n			</td>\r\n			<td>\r\n				为您发送订单取消信件\r\n			</td>\r\n			<td>\r\n				&nbsp;\r\n			</td>\r\n		</tr>\r\n		<tr>\r\n			<th>\r\n				货款不足取消\r\n			</th>\r\n			<td>\r\n				部分到款后7日内余款未付\r\n			</td>\r\n			<td>\r\n				为您发送订单取消信件\r\n			</td>\r\n			<td>\r\n				&nbsp;\r\n			</td>\r\n		</tr>\r\n		<tr>\r\n			<th>\r\n				发货\r\n			</th>\r\n			<td>\r\n				部分发货\r\n			</td>\r\n			<td>\r\n				由于订单中部分商品缺货，先将有库存的商品发货\r\n			</td>\r\n			<td>\r\n				&nbsp;为您发送全部发货信件\r\n			</td>\r\n		</tr>\r\n		<tr>\r\n			<th>\r\n				已发货\r\n			</th>\r\n			<td>\r\n				全部发货\r\n			</td>\r\n			<td>\r\n				为您发送部分发货信件\r\n			</td>\r\n			<td>\r\n				&nbsp;\r\n			</td>\r\n		</tr>\r\n		<tr>\r\n			<th>\r\n				退款\r\n			</th>\r\n			<td>\r\n				&nbsp;\r\n			</td>\r\n			<td>\r\n				&nbsp;\r\n			</td>\r\n			<td>\r\n				&nbsp;\r\n			</td>\r\n		</tr>\r\n		<tr>\r\n			<th>\r\n				部分退款\r\n			</th>\r\n			<td>\r\n				退回您的部分购物款项\r\n			</td>\r\n			<td>\r\n				&nbsp;\r\n			</td>\r\n			<td>\r\n				&nbsp;\r\n			</td>\r\n		</tr>\r\n		<tr>\r\n			<th>\r\n				全额退款\r\n			</th>\r\n			<td>\r\n				退回您的全部购物款项\r\n			</td>\r\n			<td>\r\n				&nbsp;\r\n			</td>\r\n			<td>\r\n				&nbsp;\r\n			</td>\r\n		</tr>\r\n		<tr>\r\n			<th>\r\n				退货\r\n			</th>\r\n			<td>\r\n				部分退货\r\n			</td>\r\n			<td>\r\n				收到了您退回订单中的部分商品\r\n			</td>\r\n			<td>\r\n				&nbsp;\r\n			</td>\r\n		</tr>\r\n		<tr>\r\n			<th>\r\n				全部退货\r\n			</th>\r\n			<td>\r\n				收到了您退回订单中的全部商品\r\n			</td>\r\n			<td>\r\n				&nbsp;\r\n			</td>\r\n			<td>\r\n				&nbsp;\r\n			</td>\r\n		</tr>\r\n		<tr>\r\n			<th>\r\n				归档\r\n			</th>\r\n			<td>\r\n				已归档\r\n			</td>\r\n			<td>\r\n				订单已经全部处理结束，归档保存\r\n			</td>\r\n		</tr>\r\n	</tbody>\r\n</table>', 'zh_cn'),
(4, 0, 32, 'scoreplan', '积分奖励计划 ', '<h4>\r\n	积分增加\r\n</h4>\r\n按照订单中商品金额或者商品可得积分，订单状态为已发货后可获得相应的积分 。\r\n<h4>\r\n	积分查询\r\n</h4>\r\n会员可进入会员中心－会员信息中查看自己的积分情况。\r\n<h4>\r\n	积分有效期\r\n</h4>\r\n积分长期有效。除非本网站取消积分奖励计划。如果取消积分奖励计划我们会提前通知广大用户。\r\n<h4>\r\n	积分说明\r\n</h4>\r\n本积分奖励计划由本网站制定并保留所有的解释权和修改权。修改以网站公布为准，不做另行通知。', 'zh_cn'),
(5, 0, 32, 'returngood', '商品退货保障', '<h4>\r\n	符合以下条件，可以要求换货\r\n</h4>\r\n<ol>\r\n	<li>\r\n		客户在收到货物时当面在送货员面前拆包检查，发现货物有质量问题的；\r\n	</li>\r\n	<li>\r\n		实际收到货物与网站上描述的有很大的出入的。\r\n	</li>\r\n</ol>\r\n<strong>换货流程</strong>：客户当面要求送货人员退回货物，然后与我们联系。我们会为您重新发货，货物到达时间顺延。\r\n<h4>\r\n	符合以下条件，可以要求退货\r\n</h4>\r\n<ol>\r\n	<li>\r\n		客户收到货物后两天之内，发现商品有明显的制造缺陷的；\r\n	</li>\r\n	<li>\r\n		货物经过一次换货但仍然存在质量问题的；\r\n	</li>\r\n	<li>\r\n		由于人为原因造成超过我们承诺到货之日5天还没收到货物的。\r\n	</li>\r\n</ol>\r\n<strong>退货流程：</strong>客户在收到货物后两天内与我们联系，我们会在三个工作日内通过银行汇款把您的货款退回。\r\n<h4>\r\n	在以下情况我们有权拒绝客户的退换货要求\r\n</h4>\r\n<ol>\r\n	<li>\r\n		货物出现破损，但没有在收货时当场要求送货人员换货的；\r\n	</li>\r\n	<li>\r\n		超过退换货期限的退换货要求；\r\n	</li>\r\n	<li>\r\n		退换货物不全或者外观受损 ；\r\n	</li>\r\n	<li>\r\n		客户发货单据丢失或者不全；\r\n	</li>\r\n	<li>\r\n		产品并非我们提供；\r\n	</li>\r\n	<li>\r\n		货物本身不存在质量问题的 。\r\n	</li>\r\n</ol>', 'zh_cn'),
(6, 0, 33, 'nonmember', '非会员购物通道', '<ol>\r\n	<li>\r\n		我们提供非会员购物功能，在购物车下一步的时候，进入非会员购物通道即可使用此功能。\r\n	</li>\r\n	<li>\r\n		但是由于非会员无法享受购物积分、无法查询订单等，所以我们建议您花一分钟时间注册成为会员，这样就能享受整个网站强大的会员功能和多种优惠措施。\r\n	</li>\r\n</ol>', 'zh_cn'),
(7, 0, 33, 'service', '体贴的售后服务', '本网站所售产品均实行三包政策，请顾客保存好有效凭证，以确保我们为您更好服务。本公司的客户除享受国家规定“三包”。您可以更放心地在这里购物。<br />\r\n<br />\r\n<h3>\r\n	保修细则\r\n</h3>\r\n<h4>\r\n	一、在本网站购买的商品，自购买日起(以到货登记为准)7日内出现性能故障，您可以选择退货、换货或修理。\r\n</h4>\r\n<ol>\r\n	<li>\r\n		在接到您的产品后，我公司将问题商品送厂商特约维修中心检测；\r\n	</li>\r\n	<li>\r\n		检测报出来后，如非人为损坏的，是产品本身质量问题，我公司会及时按您的要求予以退款、换可或维修。\r\n	</li>\r\n	<li>\r\n		如果检测结果是无故障或是人为因素造成的故障，我公司会及时通知您，并咨询您的处理意见。\r\n	</li>\r\n</ol>\r\n<h4>\r\n	二、在本公司购买的商品，自购日起(以到货登记为准)15日内出现性能故障，您可以选择换货或修理。(享受15天退换货无需理由的商品，按《15天退换货无需理由细则》办理)\r\n</h4>\r\n<ol>\r\n	<li>\r\n		在接到您的产品后，我公司将问题商品送厂商特约维修中心检测；\r\n	</li>\r\n	<li>\r\n		检测报出来后，如非人为损坏的，是产品本身质量问题，我公司会及时按您的要求予以退款、换可或维修。\r\n	</li>\r\n	<li>\r\n		如果检测结果是无故障或是人为因素造成的故障，我公司会及时通知您，并咨询您的处理意见。\r\n	</li>\r\n</ol>\r\n<h4>\r\n	三、在本公司购买的商品，自购日起(以到货登记为准)一年之内出现非人为损坏的质量问题，本公司承诺免费保修。\r\n</h4>\r\n<ol>\r\n	<li>\r\n		在接到您的产品后，我公司将问题商品送厂商特约维修中心检测；\r\n	</li>\r\n	<li>\r\n		检测报出来后，如非人为损坏的，是产品本身质量问题，我公司会及时按您的要求予以退款、换可或维修。\r\n	</li>\r\n	<li>\r\n		如果检测结果是无故障或是人为因素造成的故障，我公司会及时通知您，并咨询您的处理意见。\r\n	</li>\r\n</ol>\r\n<h3>\r\n	收费维修：\r\n</h3>\r\n<h4>\r\n	一、对于人为造成的故障，本公司将采取收费维修，包括：\r\n</h4>\r\n<ol>\r\n	<li>\r\n		产品内部被私自拆开或其中任何部分被更替；\r\n	</li>\r\n	<li>\r\n		商品里面的条码不清楚，无法成功判断；\r\n	</li>\r\n	<li>\r\n		有入水、碎裂、损毁或有腐蚀等现象；\r\n	</li>\r\n	<li>\r\n		过了保修期的商品。\r\n	</li>\r\n</ol>\r\n<h4>\r\n	二、符合以下条件，可以要求换货：\r\n</h4>\r\n<ol>\r\n	<li>\r\n		客户在收到货物时当面在送货员面前拆包检查，发现货物有质量问题的\r\n	</li>\r\n	<li>\r\n		实际收到货物与网站上描述的有很大的出入的\r\n	</li>\r\n	<li>\r\n		换货流程：客户当面要求送货人员退回货物，然后与我们联系。我们会在一个工作日内为您重新发货，货物到达时间顺延。\r\n	</li>\r\n</ol>\r\n<h4>\r\n	三、符合以下条件，可以要求退货：\r\n</h4>\r\n客户收到货物后两天之内，\r\n<ol>\r\n	<li>\r\n		发现商品有明显的制造缺陷的\r\n	</li>\r\n	<li>\r\n		货物经过一次换货但仍然存在质量问题的\r\n	</li>\r\n	<li>\r\n		由于人为原因造成超过我们承诺到货之日三天还没收到货物的\r\n	</li>\r\n</ol>\r\n退货流程：客户在收到货物后两天内与我们联系，我们会在两个工作日内通过银行汇款把您的货款退回。\r\n<h4>\r\n	在以下情况我们有权拒绝客户的退换货要求：\r\n</h4>\r\n<ol>\r\n	<li>\r\n		货物出现破损，但没有在收货时当场要求送货人员换货的\r\n	</li>\r\n	<li>\r\n		超过退换货期限的退换货要求\r\n	</li>\r\n	<li>\r\n		退换货物不全或者外观受损\r\n	</li>\r\n	<li>\r\n		客户发货单据丢失或者不全\r\n	</li>\r\n	<li>\r\n		产品并非我们提供\r\n	</li>\r\n	<li>\r\n		货物本身不存在质量问题的\r\n	</li>\r\n</ol>', 'zh_cn'),
(8, 0, 33, 'terms', '网站使用条款', '如果您在本网站访问或购物，您便接受了以下条件。\r\n<h4>\r\n	版权\r\n</h4>\r\n本网站上的所有内容诸如文字、图表、标识、按钮图标、图像、声音文件片段、数字下载、数据编辑和软件都是本网站提供者的财产，受中国和国际版权法的保护。\r\n本网站上所有内容的汇编是本网站的排他财产，受中国和国际版权法的保护。本网站上所使用的所有软件都是本网站或其关联公司或其软件供应商的财产，受中国和\r\n国际版权法的保护。\r\n<h4>\r\n	许可和网站进入\r\n</h4>\r\n本网站授予您有限的许可进入和个人使用本网站，未经本网站的明确书面同意不许下载（除了页面缓存）或修改网站或其任何部分。这一许可不包括对本网站或其内\r\n容的转售或商业利用、任何收集和利用产品目录、说明和价格、任何对本网站或其内容的衍生利用、任何为其他商业利益而下载或拷贝账户信息或使用任何数据采\r\n集、 \r\nrobots或类似的数据收集和摘录工具。未经本网站的书面许可，严禁对本网站的内容进行系统获取以直接或间接创建或编辑文集、汇编、数据库或人名地址录\r\n（无论是否通过robots、spiders、自动仪器或手工操作）。另外，严禁为任何未经本使用条件明确允许的目的而使用本网站上的内容和材料。 \r\n未经本网站明确书面同意，不得以任何商业目的对本网站或其任何部分进行复制、复印、仿造、出售、转售、访问、或以其他方式加以利用。未经本网站明确书面同\r\n意，您不得用设计或运用设计技巧把本网站或其关联公司的商标、标识或其他专有信息（包括图像、文字、网页设计或形式）据为己有。未经本网站明确书面同意，\r\n您不可以meta \r\ntags或任何其他“隐藏文本”方式使用本网站的名字和商标。任何未经授权的使用都会终止本网站所授予的允许或许可。您被授予有限的、可撤销的和非独家的\r\n权利建立链接到本网站主页的超链接，只要这个链接不以虚假、误导、贬毁或其他侵犯性方式描写本网站、其关联公司或它们的产品和服务。\r\n<h4>\r\n	评论、意见、消息和其他内容\r\n</h4>\r\n访问者可以张贴评论、意见及其他内容，以及提出建议、主意、意见、问题或其他信息，只要内容不是非法、淫秽、威胁、诽谤、侵犯隐私、侵犯知识产权或以其他\r\n形式对第三者构成伤害或侵犯或令公众讨厌，也不包含软件病毒、政治宣传、商业招揽、连锁信、大宗邮件或任何形式的“垃圾邮件”。您不可以使用虚假的电子邮\r\n件地址、冒充任何他人或实体或以其它方式对卡片或其他内容的来源进行误导。本网站保留清除或编辑这些内容的权利（但非义务），但不对所张贴的内容进行经常\r\n性的审查。如果您确实张贴了内容或提交了材料，除非我们有相反指示，您授予本网站及其关联公司非排他的、免费的、永久的、不可撤销的和完全的再许可权而在\r\n全世界范围内任何媒体上使用、复制、修改、改写、出版、翻译、创作衍生作品、分发和展示这样的内容。您授予本网站及其关联公司和被转许可人使用您所提交的\r\n与这些内容有关的名字的权利，如果他们选择这样做的话。您声明并担保您拥有或以其它方式控制您所张贴内容的权利，内容是准确的，对您所提供内容的使用不违\r\n反本政策并不会对任何人和实体造成伤害。您声明并保证对于因您所提供的内容引起的对本网站或其关联公司损害进行赔偿。本网站有权监控和编辑或清除任何活动\r\n或内容。本网站对您或任何第三方所张贴的内容不承担责任。\r\n<h4>\r\n	产品说明\r\n</h4>\r\n本网站及其关联公司努力使产品说明尽可能准确。不过，由于实际条件限制，本网站并不保证产品说明或本网站上的其他内容是准确的、完整的、可靠的、最新的或无任何错误的。\r\n<h4>\r\n	电子通讯\r\n</h4>\r\n当您访问本网站或给我们发送电子邮件时，您与我们用电子方式进行联系。您同意以电子方式接受我们的信息。我们将用电子邮件或通过在本网站上发布通知的方式\r\n与您进行联系。您同意我们用电子方式提供给您的所有协议、通知、披露和其他信息是符合此类通讯必须是书面形式的法定要求的。如果并且当本网站能够证明以电\r\n子形式的信息已经发送给您或者在本网站张贴这样的通知，将被视为您已收到所有协议、声明、披露和其他信息。', 'zh_cn'),
(9, 0, 33, 'disclaimer', '免责条款', '<h4>\r\n	免责声明\r\n</h4>\r\n如因不可抗力或其他无法控制的原因造成网站销售系统崩溃或无法正常使用，从而导致网上交易无法完成或丢失有关的信息、记录等，网站将不承担责任。但是我们将会尽合理的可能协助处理善后事宜，并努力使客户减少可能遭受的经济损失。<br />\r\n本\r\n店可以按买方的要求代办相关运输手续，但我们的责任义务仅限于按时发货，遇到物流（邮政）意外时协助买方查询，不承担任何物流（邮政）提供给顾客之外的赔\r\n偿，一切查询索赔事宜均按照物流（邮政）的规定办理。在物流（邮政）全程查询期限未满之前，买方不得要求赔偿。提醒买方一定核实好收货详细地址和收货人电\r\n话，以免耽误投递。凡在本店购物，均视为如同意此声明。<br />\r\n<h4>\r\n	客户监督\r\n</h4>\r\n我们希望通过不懈努力，为客户提供最佳服务，我们在给客户提供服务的全程中接受客户的监督。\r\n<h4>\r\n	争议处理\r\n</h4>\r\n如果客户与网站之间发生任何争议，可依据当时双方所认定的协议或相关法律来解决。', 'zh_cn'),
(10, 0, 33, 'process', '简单的购物流程', '<h4>\r\n	怎样注册？\r\n</h4>\r\n<p>\r\n	答：您可以直接点击"会员注册"进行注册。注册很简单，您只需按注册向导的要求输入一些基本信息即可。为了准确地为您服务，请务必在注册时填写您的真实信息，我们会为您保密。输入的帐号要4-10位，仅可使用英文字母、数字"-"。\r\n</p>\r\n<h4>\r\n	怎样成为会员?\r\n</h4>\r\n<p>\r\n	答：您可以直接点击"会员登录与注册"进行注册。注册很简单，您只需根据系统提示输入相关资料即可，请您填写完毕时，务必核对填写内容的准确性，并谨记您的会员账号和密码，以便您查询订单或是希望网站提供予您更多的服务时用以核对您的身份。\r\n</p>\r\n<h4>\r\n	如何在网上下单购买，怎么一个操作流程呢？\r\n</h4>\r\n<p>\r\n	答：这种方式和您逛商场的方式十分相似，您只要按照我们的商品分类页面或进入"钻石珠宝"、"个性定制"等逐页按照链接指明的路径浏览就可以了。 \r\n一旦看中了您喜欢的商品，您可以随时点击"放入购物篮"按钮将它放入"购物篮"。随后，您可以按"去收银台"。我们的商品十分丰富，不过您别担心，我们在\r\n每一页中都设立了详细明白的导航条，您是不会迷路的。\r\n</p>', 'zh_cn'),
(11, 0, 34, 'payment', '支付方式', '<table class="liststyle data ke-zeroborder" border="0" cellpadding="0" cellspacing="2">\r\n	<tbody>\r\n		<tr>\r\n			<th width="123">\r\n				支付方式\r\n			</th>\r\n			<th width="198">\r\n				银行\r\n			</th>\r\n			<th width="518">\r\n				卡号\r\n			</th>\r\n			<th width="309">\r\n				户名\r\n			</th>\r\n		</tr>\r\n	</tbody>\r\n	<tbody>\r\n		<tr>\r\n			<th>\r\n				<span>预存款支付</span>\r\n			</th>\r\n			<td>\r\n				&nbsp;\r\n			</td>\r\n			<td colspan="2">\r\n				使用本商店会员预存款余额进行支付。如果余额不足，可进入会员中心在线充值。\r\n			</td>\r\n		</tr>\r\n		<tr>\r\n			<th>\r\n				<span> </span><br />\r\n			</th>\r\n			<td>\r\n				<img src="http://pic.shopex.cn/pictures/newsimg/1169028039.gif" />\r\n			</td>\r\n			<td>\r\n				一卡通卡号：\r\n			</td>\r\n			<td rowspan="2">\r\n				刘小恪\r\n			</td>\r\n		</tr>\r\n		<tr>\r\n			<th>\r\n				&nbsp;\r\n			</th>\r\n			<td>\r\n				<strong>招商</strong>银行上海分行\r\n			</td>\r\n			<td>\r\n				&nbsp;\r\n			</td>\r\n		</tr>\r\n		<tr>\r\n			<th>\r\n				&nbsp;\r\n			</th>\r\n			<td>\r\n				<span style="font-size:small;"><strong><img src="http://pic.shopex.cn/pictures/newsimg/1169028056.gif" /></strong></span>\r\n			</td>\r\n			<td>\r\n				灵通卡号：\r\n			</td>\r\n			<td rowspan="2">\r\n				刘小恪\r\n			</td>\r\n		</tr>\r\n		<tr>\r\n			<th>\r\n				&nbsp;\r\n			</th>\r\n			<td>\r\n				<span style="font-size:small;"><strong>工商</strong></span>银行上海分行昌宁支行\r\n			</td>\r\n			<td>\r\n				<span style="color:#0080c0;">9558</span>8010<span style="color:#0080c0;">0×××8</span>9<span style="color:#0080c0;">×××</span>\r\n			</td>\r\n		</tr>\r\n		<tr>\r\n			<th>\r\n				&nbsp;\r\n			</th>\r\n			<td>\r\n				<strong><span style="font-size:small;"><img src="http://pic.shopex.cn/pictures/newsimg/1169028068.gif" /></span></strong>\r\n			</td>\r\n			<td>\r\n				金穗卡号：\r\n			</td>\r\n			<td rowspan="2">\r\n				刘小恪\r\n			</td>\r\n		</tr>\r\n		<tr>\r\n			<th>\r\n				&nbsp;\r\n			</th>\r\n			<td>\r\n				<strong><span style="font-size:small;">农业</span></strong>银行上海分行共和支行\r\n			</td>\r\n			<td>\r\n				<span style="color:#0080c0;">622848×××8</span>9<span style="color:#0080c0;">×××</span>\r\n			</td>\r\n		</tr>\r\n		<tr>\r\n			<th>\r\n				&nbsp;\r\n			</th>\r\n			<td>\r\n				<span style="font-size:small;"><strong><img src="http://pic.shopex.cn/pictures/newsimg/1169028078.gif" /></strong></span>\r\n			</td>\r\n			<td>\r\n				龙卡号：\r\n			</td>\r\n			<td rowspan="2">\r\n				刘小恪\r\n			</td>\r\n		</tr>\r\n		<tr>\r\n			<th>\r\n				&nbsp;\r\n			</th>\r\n			<td>\r\n				<span style="font-size:small;"><strong>建设</strong></span>银行上海分行\r\n			</td>\r\n			<td>\r\n				<span style="color:#0080c0;">4367</span>4212<span style="color:#0080c0;">1×××8<span style="color:#000000;">9</span><span style="color:#0080c0;">×××</span></span>\r\n			</td>\r\n		</tr>\r\n		<tr>\r\n			<th>\r\n				支付宝\r\n			</th>\r\n			<td>\r\n				<img alt="" src="http://pic.shopex.cn/pictures/newsimg/1169028139.jpg" />\r\n			</td>\r\n			<td colspan="2">\r\n				支付宝（<a href="http://www.alipay.com/"><span style="color:#0328c1;">www.alipay.com</span></a>）致力于为中国电子商务提供各种安全、方便、个性化的在线支付解决方案。支付宝从2003年10月在淘宝网推出，短短几年时间内迅速成为使用极其广泛的网上安全支付工具，深受用户喜爱。截止2006年6月，使用支付宝的用户已经超过2000万，日支付宝日交易总额超过４000万元人民币，日交易笔数超过25万笔。\r\n			</td>\r\n		</tr>\r\n		<tr>\r\n			<th>\r\n				<span> paypal贝宝</span>\r\n			</th>\r\n			<td>\r\n				<img src="http://pic.shopex.cn/pictures/newsimg/1169028114.jpg" />\r\n			</td>\r\n			<td colspan="2">\r\n				paypal 贝宝（<a href="http://www.paypal.com.cn/"><span style="color:#000000;">www.paypal.com.cn</span></a>）公司是世界领先的网络支付公司paypal 公司为中国市场度身定做的网络支付服务，可以用e-mail地址，透过信用卡及银行帐户，安全地支付及存入网上各类帐项。paypal公司利用现有的银行系统和信用卡系统，通过先进的网络技术和网络安全防范技术，在全球 103 个国家为超过 1 亿个人以及网上商户提供安全便利的网上支付服务。\r\n			</td>\r\n		</tr>\r\n	</tbody>\r\n</table>', 'zh_cn'),
(12, 0, 34, 'shipping', '配送方式', '<table class="liststyle data ke-zeroborder" border="0" cellpadding="0" cellspacing="2">\r\n	<tbody>\r\n		<tr>\r\n			<th width="79">\r\n				快递公司\r\n			</th>\r\n			<th width="120">\r\n				送货范围\r\n			</th>\r\n			<th width="117">\r\n				送达时间\r\n			</th>\r\n			<th width="815">\r\n				详细介绍\r\n			</th>\r\n		</tr>\r\n	</tbody>\r\n	<tbody>\r\n		<tr>\r\n			<th>\r\n				<span>顺丰快递(+￥20.00)<br />\r\n</span>\r\n			</th>\r\n			<td colspan="3">\r\n				<img src="http://pic.shopex.cn/pictures/newsimg/1169028571.jpg" />\r\n			</td>\r\n		</tr>\r\n		<tr>\r\n			<th>\r\n				&nbsp;\r\n			</th>\r\n			<td>\r\n				全国\r\n			</td>\r\n			<td>\r\n				2-4个工作日\r\n			</td>\r\n			<td>\r\n				顺丰快递（<a href="http://www.sf-express.com/"><span style="color:#0328c1;">www.sf-express.com</span></a>）可能是国内最好的快递公司。假如你希望快递公司的服务质量比较好，请选择顺丰。从速度到人员素质乃至安全性，顺丰都是国内数一数二的。配送过程中可以进入顺风网站查询和跟踪商品运输情况。\r\n			</td>\r\n		</tr>\r\n		<tr>\r\n			<th>\r\n				ems快递(+￥25.00)<br />\r\n			</th>\r\n			<td colspan="3">\r\n				<img src="http://pic.shopex.cn/pictures/newsimg/1169028716.jpg" />\r\n			</td>\r\n		</tr>\r\n		<tr>\r\n			<th>\r\n				&nbsp;\r\n			</th>\r\n			<td>\r\n				全国\r\n			</td>\r\n			<td>\r\n				2-5个工作日\r\n			</td>\r\n			<td>\r\n				国家邮政特快专递，门对门服务，一般在2-5天内到达。由快递公司中转，所以速度反而会比一般的快递慢。主要用于一般快递无法到达地区。\r\n			</td>\r\n		</tr>\r\n		<tr>\r\n			<th>\r\n				fedex联邦快递(+￥30.00)<br />\r\n			</th>\r\n			<td colspan="3">\r\n				<img src="http://pic.shopex.cn/pictures/newsimg/1169028674.jpg" />\r\n			</td>\r\n		</tr>\r\n		<tr>\r\n			<th>\r\n				&nbsp;\r\n			</th>\r\n			<td>\r\n				全国\r\n			</td>\r\n			<td>\r\n				1-2工作日\r\n			</td>\r\n			<td>\r\n				联邦快递是全球最具规模的快递运输公司，为全球超过220个国家及地区提供快捷、可靠的快递服务。联邦快递设有环球航空及陆运网络，通常只需一至两个工作日，就能迅速运送时限紧迫的货件，而且确保准时送达。\r\n			</td>\r\n		</tr>\r\n	</tbody>\r\n</table>', 'zh_cn'),
(13, 0, 34, 'orderinfo', '订单何时出库？', '订单的出库时间要以您订单的配货情况而定。请您随时登录“会员中心”查看订单状态。如果订单显示“已发货”，说明订单已经出库，请您耐心等待收货。', 'zh_cn'),
(14, 0, 34, 'onlinepayment', '网上支付小贴士', '<h4>\r\n	1、银行卡网上支付的开通手续\r\n</h4>\r\n因各地银行政策不同，建议您在网上支付前拨打所在地银行电话，咨询该行可供网上支付的银行卡种类及开通手续。\r\n<table class="liststyle data ke-zeroborder" border="0" cellpadding="0" cellspacing="2">\r\n	<tbody>\r\n		<tr>\r\n			<th width="174">\r\n				<strong>银行名称</strong>\r\n			</th>\r\n			<th width="153">\r\n				<strong>服务热线</strong>\r\n			</th>\r\n			<th width="195">\r\n				<strong>银行名称</strong>\r\n			</th>\r\n			<th width="184">\r\n				<strong>服务热线</strong>\r\n			</th>\r\n			<th width="195">\r\n				银行名称\r\n			</th>\r\n			<th width="243">\r\n				服务热线\r\n			</th>\r\n		</tr>\r\n	</tbody>\r\n	<tbody>\r\n		<tr>\r\n			<th>\r\n				招商银行\r\n			</th>\r\n			<td>\r\n				95555\r\n			</td>\r\n			<th>\r\n				中国银行\r\n			</th>\r\n			<td>\r\n				95566\r\n			</td>\r\n			<th>\r\n				交通银行\r\n			</th>\r\n			<td>\r\n				95559\r\n			</td>\r\n		</tr>\r\n		<tr>\r\n			<th>\r\n				中国工商银行\r\n			</th>\r\n			<td>\r\n				95588\r\n			</td>\r\n			<th>\r\n				北京银行\r\n			</th>\r\n			<td>\r\n				010-96169\r\n			</td>\r\n			<th>\r\n				光大银行\r\n			</th>\r\n			<td>\r\n				95595\r\n			</td>\r\n		</tr>\r\n		<tr>\r\n			<th>\r\n				中国建设银行\r\n			</th>\r\n			<td>\r\n				95533\r\n			</td>\r\n			<th>\r\n				中国农业银行\r\n			</th>\r\n			<td>\r\n				95599\r\n			</td>\r\n			<th>\r\n				深圳发展银行\r\n			</th>\r\n			<td>\r\n				95501\r\n			</td>\r\n		</tr>\r\n		<tr>\r\n			<th>\r\n				上海浦东发展银行\r\n			</th>\r\n			<td>\r\n				95528\r\n			</td>\r\n			<th>\r\n				广东发展银行\r\n			</th>\r\n			<td>\r\n				95508\r\n			</td>\r\n			<th>\r\n				中国邮政\r\n			</th>\r\n			<td>\r\n				11185\r\n			</td>\r\n		</tr>\r\n		<tr>\r\n			<th>\r\n				民生银行\r\n			</th>\r\n			<td>\r\n				95568\r\n			</td>\r\n			<th>\r\n				华夏银行\r\n			</th>\r\n			<td>\r\n				95577\r\n			</td>\r\n			<th>\r\n				中信银行\r\n			</th>\r\n			<td>\r\n				86668888\r\n			</td>\r\n		</tr>\r\n	</tbody>\r\n</table>\r\n<h4>\r\n	2、支付金额上限\r\n</h4>\r\n目前各银行对于网上支付均有一定金额的限制，由于各银行政策不同，建议您在申请网上支付功能时向银行咨询相关事宜。\r\n<h4>\r\n	3、怎样判断网上支付是否成功？\r\n</h4>\r\n<ol>\r\n	<li>\r\n		当您完成网上在线支付过程后，系统应提示支付成功；如果系统没有提示支付失败或成功，您可通过电话、atm 、柜台或登录网上银行等各种方式查询银行卡余额，如果款项已被扣除，网上支付交易应该是成功的，请您耐心等待。\r\n	</li>\r\n	<li>\r\n		如果出现信用卡超额透支、存折余额不足、意外断线等导致支付不成功，请您登录会员中心，找到该张未支付成功的订单，重新完成支付。\r\n	</li>\r\n</ol>\r\n<span style="color:#ff0000;">小贴士：请您在48小时之内完成支付，否则我们将不会保留您的订单。</span> \r\n<h4>\r\n	4、造成“支付被拒绝”的原因有哪些？\r\n</h4>\r\n<ol>\r\n	<li>\r\n		所持银行卡尚未开通网上在线支付功能\r\n	</li>\r\n	<li>\r\n		所持银行卡已过期、作废、挂失；\r\n	</li>\r\n	<li>\r\n		所持银行卡内余额不足；\r\n	</li>\r\n	<li>\r\n		输入银行卡卡号或密码不符；\r\n	</li>\r\n	<li>\r\n		输入证件号不符；\r\n	</li>\r\n	<li>\r\n		银行系统数据传输出现异常；\r\n	</li>\r\n	<li>\r\n		网络中断。\r\n	</li>\r\n</ol>', 'zh_cn'),
(15, 0, 34, 'shippinginfo', '关于送货和验货', '<h2>\r\n	签收商品时需要注意哪些问题？\r\n</h2>\r\n<p>\r\n	1、送货上门、货到付款订单：快递员送货上门时，请您务必当面对照发货单核对商品，如果出现商品数量缺少、商品破损，请您当场办理整单商品的退货。若订单中含有赠品，请一并退回。一旦您确认签字，我们将无法为您办理退换或补发。\r\n</p>\r\n<ol>\r\n	<strong>特别提示：</strong>\r\n	<li>\r\n		如果您的订单使用帐户余额或礼券支付，只有退货商品的金额小于实际应付款金额时才可办理。\r\n	</li>\r\n	<li>\r\n		如果您的订单中含有赠品，将无法提供此项服务；如果是成套商品，您只能整套退货。如果是捆绑商品，您在退主商品的同时需要将赠品一起退回。\r\n	</li>\r\n</ol>\r\n2、\r\n邮局邮寄订单：请您在领取包裹时务必检查外包装，如果发现包裹破损，请您不要签收，随后请及时将包裹单原件邮寄给我们，您的包裹单原件将作为我们为您办理\r\n补发或退款的唯一证明。收到包裹单后，我们将为您办理相关手续。如您未拆开外包装箱，也可以当场全部退货。平邮订单，在收到包裹时，如发现包裹破损，请您\r\n要求邮局出具包裹破损证明。<span style="color:#ff0000;">注：敬请您在验货签收时仔细核对发票，如果出现发票开错或漏开，请您及时联系我们，注明订单号、邮寄地址和收信人姓名，我们接到您的信息后会尽快为您开具，并邮寄给您。</span>', 'zh_cn'),
(16, 0, 35, 'license', '注册服务条款', '<p>\r\n	尊敬的用户，欢迎您注册成为本网站用户。在注册前请您仔细阅读如下服务条款：<br />\r\n本服务协议双方为本网站与本网站用户，本服务协议具有合同效力。<br />\r\n您确认本服务协议后，本服务协议即在您和本网站之间产生法律效力。请您务必在注册之前认真阅读全部服务协议内容，如有任何疑问，可向本网站咨询。<br />\r\n无论您事实上是否在注册之前认真阅读了本服务协议，只要您点击协议正本下方的"注册"按钮并按照本网站注册程序成功注册为用户，您的行为仍然表示您同意并签署了本服务协议。\r\n</p>\r\n<h4>\r\n	1．本网站服务条款的确认和接纳\r\n</h4>\r\n本网站各项服务的所有权和运作权归本网站拥有。\r\n<h4>\r\n	2．用户必须：\r\n</h4>\r\n(1)自行配备上网的所需设备， 包括个人电脑、调制解调器或其他必备上网装置。<br />\r\n(2)自行负担个人上网所支付的与此服务有关的电话费用、 网络费用。\r\n<h4>\r\n	3．用户在本网站上交易平台上不得发布下列违法信息：\r\n</h4>\r\n(1)反对宪法所确定的基本原则的；<br />\r\n(2).危害国家安全，泄露国家秘密，颠覆国家政权，破坏国家统一的；<br />\r\n(3).损害国家荣誉和利益的；<br />\r\n(4).煽动民族仇恨、民族歧视，破坏民族团结的；<br />\r\n(5).破坏国家宗教政策，宣扬邪教和封建迷信的；<br />\r\n(6).散布谣言，扰乱社会秩序，破坏社会稳定的；<br />\r\n(7).散布淫秽、色情、赌博、暴力、凶杀、恐怖或者教唆犯罪的；<br />\r\n(8).侮辱或者诽谤他人，侵害他人合法权益的；<br />\r\n(9).含有法律、行政法规禁止的其他内容的。\r\n<h4>\r\n	4． 有关个人资料\r\n</h4>\r\n用户同意：<br />\r\n(1) 提供及时、详尽及准确的个人资料。<br />\r\n(2).同意接收来自本网站的信息。<br />\r\n(3) 不断更新注册资料，符合及时、详尽准确的要求。所有原始键入的资料将引用为注册资料。<br />\r\n(4)本网站不公开用户的姓名、地址、电子邮箱和笔名，以下情况除外：<br />\r\n（a）用户授权本网站透露这些信息。<br />\r\n（b）相应的法律及程序要求本网站提供用户的个人资料。如果用户提供的资料包含有不正确的信息，本网站保留结束用户使用本网站信息服务资格的权利。\r\n<h4>\r\n	5.\r\n用户在注册时应当选择稳定性及安全性相对较好的电子邮箱，并且同意接受并阅读本网站发往用户的各类电子邮件。如用户未及时从自己的电子邮箱接受电子邮件或\r\n因用户电子邮箱或用户电子邮件接收及阅读程序本身的问题使电子邮件无法正常接收或阅读的，只要本网站成功发送了电子邮件，应当视为用户已经接收到相关的电\r\n子邮件。电子邮件在发信服务器上所记录的发出时间视为送达时间。\r\n</h4>\r\n<h4>\r\n	6． 服务条款的修改\r\n</h4>\r\n本网站有权在必要时修改服务条款，本\r\n网站服务条款一旦发生变动，将会在重要页面上提示修改内容。如果不同意所改动的内容，用户可以主动取消获得的本网站信息服务。如果用户继续享用本网站信息\r\n服务，则视为接受服务条款的变动。本网站保留随时修改或中断服务而不需通知用户的权利。本网站行使修改或中断服务的权利，不需对用户或第三方负责。\r\n<h4>\r\n	7． 用户隐私制度\r\n</h4>\r\n尊重用户个人隐私是本网站的一项基本政策。所以，本网站一定不会在未经合法用户授权时公开、编辑或透露其注册资料及保存在本网站中的非公开内容，除非有法律许可要求或本网站在诚信的基础上认为透露这些信息在以下四种情况是必要的：<br />\r\n(1) 遵守有关法律规定，遵从本网站合法服务程序。<br />\r\n(2) 保持维护本网站的商标所有权。<br />\r\n(3) 在紧急情况下竭力维护用户个人和社会大众的隐私安全。<br />\r\n(4)符合其他相关的要求。<br />\r\n本网站保留发布会员人口分析资询的权利。\r\n<h4>\r\n	8．用户的帐号、密码和安全性\r\n</h4>\r\n你\r\n一旦注册成功成为用户，你将得到一个密码和帐号。如果你不保管好自己的帐号和密码安全，将负全部责任。另外，每个用户都要对其帐户中的所有活动和事件负全\r\n责。你可随时根据指示改变你的密码，也可以结束旧的帐户重开一个新帐户。用户同意若发现任何非法使用用户帐号或安全漏洞的情况，请立即通告本网站。\r\n<h4>\r\n	9． 拒绝提供担保\r\n</h4>\r\n用户明确同意信息服务的使用由用户个人承担风险。 本网站不担保服务不会受中断，对服务的及时性，安全性，出错发生都不作担保，但会在能力范围内，避免出错。\r\n<h4>\r\n	10．有限责任\r\n</h4>\r\n本网站对任何直接、间接、偶然、特殊及继起的损害不负责任，这些损害来自：不正当使用本网站服务，或用户传送的信息不符合规定等。这些行为都有可能导致本网站形象受损，所以本网站事先提出这种损害的可能性，同时会尽量避免这种损害的发生。\r\n<h4>\r\n	11．信息的储存及限制\r\n</h4>\r\n本网站有判定用户的行为是否符合本网站服务条款的要求和精神的权利，如果用户违背本网站服务条款的规定，本网站有权中断其服务的帐号。\r\n<h4>\r\n	12．用户管理\r\n</h4>\r\n<strong>用户必须遵循</strong>：<br />\r\n(1) 使用信息服务不作非法用途。<br />\r\n(2) 不干扰或混乱网络服务。<br />\r\n(3) 遵守所有使用服务的网络协议、规定、程序和惯例。用户的行为准则是以因特网法规，政策、程序和惯例为根据的。\r\n<h4>\r\n	13．保障\r\n</h4>\r\n用户同意保障和维护本网站全体成员的利益，负责支付由用户使用超出服务范围引起的律师费用，违反服务条款的损害补偿费用，其它人使用用户的电脑、帐号和其它知识产权的追索费。\r\n<h4>\r\n	14．结束服务\r\n</h4>\r\n用户或本网站可随时根据实际情况中断一项或多项服务。本网站不需对任何个人或第三方负责而随时中断服务。用户若反对任何服务条款的建议或对后来的条款修改有异议，或对本网站服务不满，用户可以行使如下权利：<br />\r\n(1) 不再使用本网站信息服务。<br />\r\n(2) 通知本网站停止对该用户的服务。<br />\r\n结束用户服务后，用户使用本网站服务的权利马上中止。从那时起，用户没有权利，本网站也没有义务传送任何未处理的信息或未完成的服务给用户或第三方。\r\n<h4>\r\n	15．通告\r\n</h4>\r\n所有发给用户的通告都可通过重要页面的公告或电子邮件或常规的信件传送。服务条款的修改、服务变更、或其它重要事件的通告都会以此形式进行。\r\n<h4>\r\n	16．信息内容的所有权\r\n</h4>\r\n本\r\n网站定义的信息内容包括：文字、软件、声音、相片、录象、图表；在广告中全部内容；本网站为用户提供的其它信息。所有这些内容受版权、商标、标签和其它财\r\n产所有权法律的保护。所以，用户只能在本网站和广告商授权下才能使用这些内容，而不能擅自复制、再造这些内容、或创造与内容有关的派生产品。\r\n<h4>\r\n	17．法律\r\n</h4>\r\n本网站信息服务条款要与中华人民共和国的法律解释一致。用户和本网站一致同意服从本网站所在地有管辖权的法院管辖。如发生本网站服务条款与中华人民共和国法律相抵触时，则这些条款将完全按法律规定重新解释，而其它条款则依旧保持对用户的约束力。', 'zh_cn'),
(17, 0, 35, 'privacy', '隐私保护政策', '<h4>\r\n	个人信息\r\n</h4>\r\n一般情况下，您无须提供您的姓名或其它个人信息即可访问我们的站点。但有时我们可能需要您提供一些信息，例如为了处理订单、与您联系、提供预订服务或处理工作应聘。我们可能需要这些信息完成以上事务的处理或提供更好的服务。\r\n<h4>\r\n	用途\r\n</h4>\r\n<ol>\r\n	<li>\r\n		供我们网站交易和沟通等相关方使用，以满足您的订单等购物服务；\r\n	</li>\r\n	<li>\r\n		用于与您保持联系，以开展客户满意度调查、市场研究或某些事务的处理；\r\n	</li>\r\n	<li>\r\n		用于不记名的数据分析（例如点击流量数据）；\r\n	</li>\r\n	<li>\r\n		帮助发展我们的业务关系（如果您是我们网站的业务合作伙伴或批发商）；\r\n	</li>\r\n</ol>', 'zh_cn'),
(18, 0, 13, 'helpcenter', '帮助中心', '<div>\r\n <img src="http://pic.shopex.cn/shop48/welcome.gif" height="130" width="684" /> </div>\r\n <h4>简单的购物流程：</h4>\r\n <img src="http://pic.shopex.cn/shop48/003.png" height="51" width="467" /> <h4>如果您需要和我们联系，可以通过以下方式：</h4>\r\n \r\n\r\n <div class="span-2 textcenter">\r\n <img src="http://pic.shopex.cn/shop48/icon_ser.gif" /> </div>\r\n <div class="span-7">\r\n <h5>在线客服</h5>\r\n点击首页在线客服链接，向客服专员提问。 </div>\r\n <div class="span-2 textcenter">\r\n <img src="http://pic.shopex.cn/shop48/icon_mail.gif" /> </div>\r\n <div class="span-7">\r\n <h5>电子邮件</h5>\r\n您也可以通过电子邮件和我们联系。 </div>\r\n <div class="clear">\r\n <br />\r\n</div>', 'zh_cn'),
(19, 0, 13, 'about', '公司简介', 'Just say something about your company ...', 'zh_cn'),
(20, 0, 13, 'contact', '联系客服', '<p>客服QQ：</p>\r\n<p>客服旺旺：</p>\r\n<p>客服电话：</p>\r\n<p>公司传真：</p>\r\n<p>公司地址：</p>', 'zh_cn'),
(21, 0, 13, 'join', '加入我们', '真诚欢迎您加入我们的团队，如果您有兴趣，请联系我们的人事部们。<br />', 'zh_cn'),
(22, 0, 13, 'wholesale', '批发政策', '本站的批发政策如下<br />', 'zh_cn'),
(23, 0, 13, 'qualityAssurance', '品质保证', '10年的行业经验，专注的品质<br />', 'zh_cn'),
(24, 0, 13, 'coop', '业务合作', '如果你想和我们有业务合作，请联系我们的客服<br />', 'zh_cn');

-- --------------------------------------------------------

--
-- 表的结构 `payment`
--

CREATE TABLE IF NOT EXISTS `payment` (
  `payment_id` int(10) unsigned NOT NULL AUTO_INCREMENT,
  `order_id` bigint(20) unsigned NOT NULL,
  `payment_sn` varchar(45) NOT NULL,
  `money` decimal(10,2) unsigned NOT NULL,
  `currency` varchar(20) NOT NULL,
  `user_id` int(10) unsigned NOT NULL,
  `account` varchar(45) NOT NULL,
  `bank` varchar(45) NOT NULL,
  `pay_account` varchar(45) NOT NULL,
  `status` tinyint(1) unsigned NOT NULL,
  `create_time` int(10) unsigned NOT NULL,
  PRIMARY KEY (`payment_id`),
  KEY `fk_payment_order1_idx` (`order_id`)
) ENGINE=InnoDB DEFAULT CHARSET=utf8 AUTO_INCREMENT=1 ;

-- --------------------------------------------------------

--
-- 表的结构 `payment_method`
--

CREATE TABLE IF NOT EXISTS `payment_method` (
  `payment_method_id` int(10) unsigned NOT NULL AUTO_INCREMENT,
  `code` varchar(45) NOT NULL,
  `name` varchar(120) NOT NULL,
  `desc` text NOT NULL,
  `config` text NOT NULL,
  `enabled` tinyint(1) unsigned NOT NULL DEFAULT '0',
  `is_cod` tinyint(1) unsigned NOT NULL DEFAULT '0',
  `is_online` tinyint(1) unsigned NOT NULL DEFAULT '0',
  `sort_order` tinyint(3) unsigned NOT NULL DEFAULT '255',
  PRIMARY KEY (`payment_method_id`)
) ENGINE=InnoDB  DEFAULT CHARSET=utf8 AUTO_INCREMENT=3 ;

--
-- 转存表中的数据 `payment_method`
--

INSERT INTO `payment_method` (`payment_method_id`, `code`, `name`, `desc`, `config`, `enabled`, `is_cod`, `is_online`, `sort_order`) VALUES
(0, '', '货到付款', '', '', 1, 0, 0, 255),
(1, '', '支付宝', '', '', 1, 0, 0, 255),
(2, '', '财付通', '', '', 1, 0, 0, 255);

-- --------------------------------------------------------

--
-- 表的结构 `plugins`
--

CREATE TABLE IF NOT EXISTS `plugins` (
  `plugin_id` int(11) NOT NULL AUTO_INCREMENT,
  `identify` varchar(45) NOT NULL,
  `path` varchar(255) NOT NULL,
  `hooks` text NOT NULL,
  `enable` tinyint(1) NOT NULL DEFAULT '0',
  PRIMARY KEY (`plugin_id`),
  UNIQUE KEY `identify_UNIQUE` (`identify`)
) ENGINE=InnoDB  DEFAULT CHARSET=utf8 AUTO_INCREMENT=2 ;

--
-- 转存表中的数据 `plugins`
--

INSERT INTO `plugins` (`plugin_id`, `identify`, `path`, `hooks`, `enable`) VALUES
(1, 'OAuth', 'E:\\wamp\\www\\yincart\\basic\\protected\\plugin\\OAuth', 'a:1:{s:10:"Hook_Login";s:9:"showMedia";}', 0);

-- --------------------------------------------------------

--
-- 表的结构 `plugins_setting`
--

CREATE TABLE IF NOT EXISTS `plugins_setting` (
  `plugin` varchar(45) NOT NULL,
  `key` varchar(45) NOT NULL,
  `value` text,
  PRIMARY KEY (`plugin`,`key`)
) ENGINE=InnoDB DEFAULT CHARSET=utf8;

-- --------------------------------------------------------

--
-- 表的结构 `post`
--

CREATE TABLE IF NOT EXISTS `post` (
  `id` int(11) NOT NULL AUTO_INCREMENT,
  `store_id` int(10) unsigned NOT NULL,
  `category_id` int(11) NOT NULL,
  `title` varchar(128) NOT NULL,
  `url` varchar(100) DEFAULT NULL,
  `source` varchar(50) DEFAULT NULL,
  `summary` text,
  `content` text NOT NULL,
  `tags` text,
  `status` int(11) DEFAULT NULL,
  `views` int(11) DEFAULT '0',
  `create_time` int(11) DEFAULT NULL,
  `update_time` int(11) DEFAULT NULL,
  `author` varchar(32) DEFAULT NULL,
  `user_id` int(11) DEFAULT '0',
  `language` varchar(45) DEFAULT NULL,
  PRIMARY KEY (`id`),
  KEY `FK_post_author` (`user_id`)
) ENGINE=InnoDB  DEFAULT CHARSET=utf8 AUTO_INCREMENT=3 ;

--
-- 转存表中的数据 `post`
--

INSERT INTO `post` (`id`, `store_id`, `category_id`, `title`, `url`, `source`, `summary`, `content`, `tags`, `status`, `views`, `create_time`, `update_time`, `author`, `user_id`, `language`) VALUES
(1, 0, 0, 'test', NULL, NULL, NULL, 'sssss', 'test, demo', 2, 0, 1393317486, 1393317486, NULL, 1, NULL),
(2, 0, 0, 'demo', NULL, NULL, NULL, 'demo', 'demo', 2, 0, 1393318093, 1393318093, NULL, 1, NULL);

-- --------------------------------------------------------

--
-- 表的结构 `profiles`
--

CREATE TABLE IF NOT EXISTS `profiles` (
  `user_id` int(11) NOT NULL AUTO_INCREMENT,
  `first_name` varchar(255) DEFAULT NULL,
  `last_name` varchar(255) DEFAULT NULL,
  `truename` varchar(45) NOT NULL DEFAULT '',
  `nickname` varchar(45) NOT NULL DEFAULT '',
  `phone` varchar(20) NOT NULL DEFAULT '',
  `cart` text NOT NULL,
  PRIMARY KEY (`user_id`)
) ENGINE=InnoDB  DEFAULT CHARSET=utf8 AUTO_INCREMENT=8 ;

--
-- 转存表中的数据 `profiles`
--

INSERT INTO `profiles` (`user_id`, `first_name`, `last_name`, `truename`, `nickname`, `phone`, `cart`) VALUES
(1, NULL, NULL, '', '', '15858443363', 'a:2:{s:5:"Sku61";O:8:"CartItem":13:{s:9:"cartProps";s:19:"4:11;5:15;6:19;7:22";s:3:"sku";O:3:"Sku":11:{s:19:"\0CActiveRecord\0_new";b:0;s:26:"\0CActiveRecord\0_attributes";a:8:{s:6:"sku_id";s:2:"61";s:7:"item_id";s:2:"38";s:5:"props";s:45:"{"4":"4:11","5":"5:15","6":"6:19","7":"7:22"}";s:10:"props_name";s:148:"{"\\u54c1\\u724c":"\\u54c1\\u724c:gxg.jeans","\\u5c3a\\u5bf8":"\\u5c3a\\u5bf8:M","\\u989c\\u8272":"\\u989c\\u8272:\\u9ed1\\u8272","\\u9886\\u5e26":"\\u9886\\u5e26:1"}";s:5:"stock";s:3:"999";s:5:"price";s:7:"1000.00";s:8:"outer_id";s:6:"123123";s:6:"status";s:1:"1";}s:23:"\0CActiveRecord\0_related";a:0:{}s:17:"\0CActiveRecord\0_c";N;s:18:"\0CActiveRecord\0_pk";s:2:"61";s:21:"\0CActiveRecord\0_alias";s:1:"t";s:15:"\0CModel\0_errors";a:0:{}s:19:"\0CModel\0_validators";N;s:17:"\0CModel\0_scenario";s:6:"update";s:14:"\0CComponent\0_e";N;s:14:"\0CComponent\0_m";N;}s:19:"\0CActiveRecord\0_new";b:0;s:26:"\0CActiveRecord\0_attributes";a:27:{s:7:"item_id";s:2:"38";s:11:"category_id";s:3:"129";s:8:"outer_id";s:0:"";s:5:"title";s:22:"GXG男士长款大衣3";s:5:"stock";s:5:"10000";s:10:"min_number";s:1:"1";s:5:"price";s:7:"1299.00";s:8:"currency";s:1:"$";s:5:"props";s:67:"{"4":["4:10","4:11","4:14"],"5":["5:15"],"6":["6:19"],"7":["7:22"]}";s:10:"props_name";s:209:"{"\\u54c1\\u724c":["\\u54c1\\u724c:GXG","\\u54c1\\u724c:gxg.jeans","\\u54c1\\u724c:\\u96c5\\u6208\\u5c14"],"\\u5c3a\\u5bf8":["\\u5c3a\\u5bf8:M"],"\\u989c\\u8272":["\\u989c\\u8272:\\u9ed1\\u8272"],"\\u9886\\u5e26":["\\u9886\\u5e26:1"]}";s:4:"desc";s:21:"<p>按时打算</p>\r\n";s:12:"shipping_fee";s:4:"5.00";s:7:"is_show";s:1:"1";s:10:"is_promote";s:1:"1";s:6:"is_new";s:1:"1";s:6:"is_hot";s:1:"1";s:7:"is_best";s:1:"1";s:11:"click_count";s:1:"6";s:10:"wish_count";s:1:"0";s:12:"review_count";s:1:"0";s:10:"deal_count";s:1:"1";s:11:"create_time";s:10:"1390456979";s:11:"update_time";s:10:"1393323374";s:8:"language";s:5:"zh_cn";s:7:"country";s:6:"100000";s:5:"state";s:6:"110000";s:4:"city";s:6:"110100";}s:23:"\0CActiveRecord\0_related";a:0:{}s:17:"\0CActiveRecord\0_c";O:11:"CDbCriteria":17:{s:6:"select";s:1:"*";s:8:"distinct";b:0;s:9:"condition";s:11:"is_show = 1";s:6:"params";a:0:{}s:5:"limit";i:-1;s:6:"offset";i:-1;s:5:"order";s:0:"";s:5:"group";s:0:"";s:4:"join";s:0:"";s:6:"having";s:0:"";s:4:"with";N;s:5:"alias";N;s:8:"together";N;s:5:"index";N;s:6:"scopes";N;s:14:"\0CComponent\0_e";N;s:14:"\0CComponent\0_m";N;}s:18:"\0CActiveRecord\0_pk";s:2:"38";s:21:"\0CActiveRecord\0_alias";s:1:"t";s:15:"\0CModel\0_errors";a:0:{}s:19:"\0CModel\0_validators";N;s:17:"\0CModel\0_scenario";s:6:"update";s:14:"\0CComponent\0_e";N;s:14:"\0CComponent\0_m";a:1:{s:12:"CartPosition";O:22:"ECartPositionBehaviour":7:{s:32:"\0ECartPositionBehaviour\0quantity";i:1;s:31:"\0ECartPositionBehaviour\0refresh";b:1;s:37:"\0ECartPositionBehaviour\0discountPrice";d:0;s:19:"\0CBehavior\0_enabled";b:1;s:17:"\0CBehavior\0_owner";r:2;s:14:"\0CComponent\0_e";N;s:14:"\0CComponent\0_m";N;}}}s:5:"Sku85";O:8:"CartItem":13:{s:9:"cartProps";s:7:"2:5;3:7";s:3:"sku";O:3:"Sku":11:{s:19:"\0CActiveRecord\0_new";b:0;s:26:"\0CActiveRecord\0_attributes";a:8:{s:6:"sku_id";s:2:"85";s:7:"item_id";s:2:"52";s:5:"props";s:21:"{"2":"2:5","3":"3:7"}";s:10:"props_name";s:77:"{"\\u5c3a\\u5bf8":"\\u5c3a\\u5bf8:XL","\\u989c\\u8272":"\\u989c\\u8272:\\u7ea2\\u8272"}";s:5:"stock";s:2:"12";s:5:"price";s:7:"1000.00";s:8:"outer_id";s:4:"1000";s:6:"status";s:1:"1";}s:23:"\0CActiveRecord\0_related";a:0:{}s:17:"\0CActiveRecord\0_c";N;s:18:"\0CActiveRecord\0_pk";s:2:"85";s:21:"\0CActiveRecord\0_alias";s:1:"t";s:15:"\0CModel\0_errors";a:0:{}s:19:"\0CModel\0_validators";N;s:17:"\0CModel\0_scenario";s:6:"update";s:14:"\0CComponent\0_e";N;s:14:"\0CComponent\0_m";N;}s:19:"\0CActiveRecord\0_new";b:0;s:26:"\0CActiveRecord\0_attributes";a:27:{s:7:"item_id";s:2:"52";s:11:"category_id";s:3:"110";s:8:"outer_id";s:0:"";s:5:"title";s:14:"2012四件套3";s:5:"stock";s:5:"10000";s:10:"min_number";s:1:"1";s:5:"price";s:6:"243.00";s:8:"currency";s:1:"$";s:5:"props";s:35:"{"1":"1:1","2":["2:5"],"3":["3:7"]}";s:10:"props_name";s:115:"{"\\u54c1\\u724c":"\\u54c1\\u724c:GXG","\\u5c3a\\u5bf8":["\\u5c3a\\u5bf8:XL"],"\\u989c\\u8272":["\\u989c\\u8272:\\u7ea2\\u8272"]}";s:4:"desc";s:14:"<p>sdwas</p>\r\n";s:12:"shipping_fee";s:4:"0.00";s:7:"is_show";s:1:"1";s:10:"is_promote";s:1:"1";s:6:"is_new";s:1:"1";s:6:"is_hot";s:1:"1";s:7:"is_best";s:1:"1";s:11:"click_count";s:1:"4";s:10:"wish_count";s:1:"0";s:12:"review_count";s:1:"0";s:10:"deal_count";s:1:"0";s:11:"create_time";s:10:"1390458724";s:11:"update_time";s:10:"1393323491";s:8:"language";s:5:"zh_cn";s:7:"country";s:6:"100000";s:5:"state";s:6:"150000";s:4:"city";s:6:"150400";}s:23:"\0CActiveRecord\0_related";a:1:{s:4:"skus";a:1:{i:0;r:89;}}s:17:"\0CActiveRecord\0_c";N;s:18:"\0CActiveRecord\0_pk";s:2:"52";s:21:"\0CActiveRecord\0_alias";s:1:"t";s:15:"\0CModel\0_errors";a:0:{}s:19:"\0CModel\0_validators";N;s:17:"\0CModel\0_scenario";s:6:"update";s:14:"\0CComponent\0_e";N;s:14:"\0CComponent\0_m";a:1:{s:12:"CartPosition";O:22:"ECartPositionBehaviour":7:{s:32:"\0ECartPositionBehaviour\0quantity";i:1;s:31:"\0ECartPositionBehaviour\0refresh";b:1;s:37:"\0ECartPositionBehaviour\0discountPrice";d:0;s:19:"\0CBehavior\0_enabled";b:1;s:17:"\0CBehavior\0_owner";r:87;s:14:"\0CComponent\0_e";N;s:14:"\0CComponent\0_m";N;}}}}'),
(6, NULL, NULL, '', '', '', 'a:5:{s:5:"Sku48";O:8:"CartItem":13:{s:9:"cartProps";s:19:"4:10;5:15;6:19;7:23";s:3:"sku";O:3:"Sku":11:{s:19:"\0CActiveRecord\0_new";b:0;s:26:"\0CActiveRecord\0_attributes";a:8:{s:6:"sku_id";s:2:"48";s:7:"item_id";s:2:"37";s:5:"props";s:45:"{"4":"4:10","5":"5:15","6":"6:19","7":"7:23"}";s:10:"props_name";s:126:"{"\\u54c1\\u724c":"\\u54c1\\u724c:GXG","\\u5c3a\\u5bf8":"\\u5c3a\\u5bf8:M","\\u989c\\u8272":"\\u989c\\u8272:\\u9ed1\\u8272","test":"test:2"}";s:5:"stock";s:3:"123";s:5:"price";s:7:"1000.00";s:8:"outer_id";s:4:"1233";s:6:"status";s:1:"1";}s:23:"\0CActiveRecord\0_related";a:0:{}s:17:"\0CActiveRecord\0_c";N;s:18:"\0CActiveRecord\0_pk";s:2:"48";s:21:"\0CActiveRecord\0_alias";s:1:"t";s:15:"\0CModel\0_errors";a:0:{}s:19:"\0CModel\0_validators";N;s:17:"\0CModel\0_scenario";s:6:"update";s:14:"\0CComponent\0_e";N;s:14:"\0CComponent\0_m";N;}s:19:"\0CActiveRecord\0_new";b:0;s:26:"\0CActiveRecord\0_attributes";a:27:{s:7:"item_id";s:2:"37";s:11:"category_id";s:3:"129";s:8:"outer_id";s:0:"";s:5:"title";s:22:"GXG男士长款大衣2";s:5:"stock";s:5:"10000";s:10:"min_number";s:1:"1";s:5:"price";s:6:"243.00";s:8:"currency";s:1:"$";s:5:"props";s:81:"{"4":["4:10","4:11","4:12"],"5":["5:15","5:16"],"6":["6:19","6:20"],"7":["7:23"]}";s:10:"props_name";s:229:"{"\\u54c1\\u724c":["\\u54c1\\u724c:GXG","\\u54c1\\u724c:gxg.jeans","\\u54c1\\u724c:jackjones"],"\\u5c3a\\u5bf8":["\\u5c3a\\u5bf8:M","\\u5c3a\\u5bf8:L"],"\\u989c\\u8272":["\\u989c\\u8272:\\u9ed1\\u8272","\\u989c\\u8272:\\u767d\\u8272"],"test":["test:2"]}";s:4:"desc";s:36:"<p>哦哈哈哈哈哈哈哈哈</p>\r\n";s:12:"shipping_fee";s:4:"0.00";s:7:"is_show";s:1:"1";s:10:"is_promote";s:1:"1";s:6:"is_new";s:1:"1";s:6:"is_hot";s:1:"1";s:7:"is_best";s:1:"1";s:11:"click_count";s:1:"7";s:10:"wish_count";s:1:"0";s:12:"review_count";s:1:"0";s:10:"deal_count";s:1:"0";s:11:"create_time";s:10:"1390455802";s:11:"update_time";s:10:"1390465790";s:8:"language";s:5:"zh_cn";s:7:"country";s:6:"100000";s:5:"state";s:6:"130000";s:4:"city";s:6:"130700";}s:23:"\0CActiveRecord\0_related";a:0:{}s:17:"\0CActiveRecord\0_c";O:11:"CDbCriteria":17:{s:6:"select";s:1:"*";s:8:"distinct";b:0;s:9:"condition";s:11:"is_show = 1";s:6:"params";a:0:{}s:5:"limit";i:-1;s:6:"offset";i:-1;s:5:"order";s:0:"";s:5:"group";s:0:"";s:4:"join";s:0:"";s:6:"having";s:0:"";s:4:"with";N;s:5:"alias";N;s:8:"together";N;s:5:"index";N;s:6:"scopes";N;s:14:"\0CComponent\0_e";N;s:14:"\0CComponent\0_m";N;}s:18:"\0CActiveRecord\0_pk";s:2:"37";s:21:"\0CActiveRecord\0_alias";s:1:"t";s:15:"\0CModel\0_errors";a:0:{}s:19:"\0CModel\0_validators";N;s:17:"\0CModel\0_scenario";s:6:"update";s:14:"\0CComponent\0_e";N;s:14:"\0CComponent\0_m";a:1:{s:12:"CartPosition";O:22:"ECartPositionBehaviour":7:{s:32:"\0ECartPositionBehaviour\0quantity";i:2;s:31:"\0ECartPositionBehaviour\0refresh";b:1;s:37:"\0ECartPositionBehaviour\0discountPrice";d:0;s:19:"\0CBehavior\0_enabled";b:1;s:17:"\0CBehavior\0_owner";r:2;s:14:"\0CComponent\0_e";N;s:14:"\0CComponent\0_m";N;}}}s:5:"Sku12";O:8:"CartItem":13:{s:9:"cartProps";s:7:"2:4;3:8";s:3:"sku";O:3:"Sku":11:{s:19:"\0CActiveRecord\0_new";b:0;s:26:"\0CActiveRecord\0_attributes";a:8:{s:6:"sku_id";s:2:"12";s:7:"item_id";s:2:"28";s:5:"props";s:21:"{"2":"2:4","3":"3:8"}";s:10:"props_name";s:76:"{"\\u5c3a\\u5bf8":"\\u5c3a\\u5bf8:L","\\u989c\\u8272":"\\u989c\\u8272:\\u9ec4\\u8272"}";s:5:"stock";s:3:"320";s:5:"price";s:6:"123.00";s:8:"outer_id";s:3:"123";s:6:"status";s:1:"1";}s:23:"\0CActiveRecord\0_related";a:0:{}s:17:"\0CActiveRecord\0_c";N;s:18:"\0CActiveRecord\0_pk";s:2:"12";s:21:"\0CActiveRecord\0_alias";s:1:"t";s:15:"\0CModel\0_errors";a:0:{}s:19:"\0CModel\0_validators";N;s:17:"\0CModel\0_scenario";s:6:"update";s:14:"\0CComponent\0_e";N;s:14:"\0CComponent\0_m";N;}s:19:"\0CActiveRecord\0_new";b:0;s:26:"\0CActiveRecord\0_attributes";a:27:{s:7:"item_id";s:2:"28";s:11:"category_id";s:3:"110";s:8:"outer_id";s:6:"123456";s:5:"title";s:60:"2012进口面料新品柔倍尔 天丝磨毛面料 四件套";s:5:"stock";s:5:"10000";s:10:"min_number";s:1:"1";s:5:"price";s:6:"110.00";s:8:"currency";s:1:"$";s:5:"props";s:41:"{"1":"1:2","2":["2:4","2:5"],"3":["3:8"]}";s:10:"props_name";s:138:"{"\\u54c1\\u724c":"\\u54c1\\u724c:jackjones","\\u5c3a\\u5bf8":["\\u5c3a\\u5bf8:L","\\u5c3a\\u5bf8:XL"],"\\u989c\\u8272":["\\u989c\\u8272:\\u9ec4\\u8272"]}";s:4:"desc";s:21:"<p>asdffdassadf</p>\r\n";s:12:"shipping_fee";s:4:"0.01";s:7:"is_show";s:1:"1";s:10:"is_promote";s:1:"1";s:6:"is_new";s:1:"1";s:6:"is_hot";s:1:"1";s:7:"is_best";s:1:"1";s:11:"click_count";s:3:"229";s:10:"wish_count";s:1:"0";s:12:"review_count";s:1:"0";s:10:"deal_count";s:1:"1";s:11:"create_time";s:10:"1388133167";s:11:"update_time";s:10:"1390465834";s:8:"language";s:5:"zh_cn";s:7:"country";s:6:"100000";s:5:"state";s:6:"370000";s:4:"city";s:6:"371400";}s:23:"\0CActiveRecord\0_related";a:0:{}s:17:"\0CActiveRecord\0_c";O:11:"CDbCriteria":17:{s:6:"select";s:1:"*";s:8:"distinct";b:0;s:9:"condition";s:11:"is_show = 1";s:6:"params";a:0:{}s:5:"limit";i:-1;s:6:"offset";i:-1;s:5:"order";s:0:"";s:5:"group";s:0:"";s:4:"join";s:0:"";s:6:"having";s:0:"";s:4:"with";N;s:5:"alias";N;s:8:"together";N;s:5:"index";N;s:6:"scopes";N;s:14:"\0CComponent\0_e";N;s:14:"\0CComponent\0_m";N;}s:18:"\0CActiveRecord\0_pk";s:2:"28";s:21:"\0CActiveRecord\0_alias";s:1:"t";s:15:"\0CModel\0_errors";a:0:{}s:19:"\0CModel\0_validators";N;s:17:"\0CModel\0_scenario";s:6:"update";s:14:"\0CComponent\0_e";N;s:14:"\0CComponent\0_m";a:1:{s:12:"CartPosition";O:22:"ECartPositionBehaviour":7:{s:32:"\0ECartPositionBehaviour\0quantity";i:1;s:31:"\0ECartPositionBehaviour\0refresh";b:1;s:37:"\0ECartPositionBehaviour\0discountPrice";d:0;s:19:"\0CBehavior\0_enabled";b:1;s:17:"\0CBehavior\0_owner";r:87;s:14:"\0CComponent\0_e";N;s:14:"\0CComponent\0_m";N;}}}s:6:"Item57";O:8:"CartItem":13:{s:9:"cartProps";s:0:"";s:3:"sku";N;s:19:"\0CActiveRecord\0_new";b:0;s:26:"\0CActiveRecord\0_attributes";a:27:{s:7:"item_id";s:2:"57";s:11:"category_id";s:3:"111";s:8:"outer_id";s:0:"";s:5:"title";s:10:"枕头1号";s:5:"stock";s:5:"10000";s:10:"min_number";s:1:"1";s:5:"price";s:7:"1299.00";s:8:"currency";s:1:"$";s:5:"props";s:16:"{"10":["10:28"]}";s:10:"props_name";s:38:"{"\\u5c3a\\u5bf8":["\\u5c3a\\u5bf8:18cm"]}";s:4:"desc";s:12:"<p>121</p>\r\n";s:12:"shipping_fee";s:4:"0.00";s:7:"is_show";s:1:"1";s:10:"is_promote";s:1:"1";s:6:"is_new";s:1:"1";s:6:"is_hot";s:1:"1";s:7:"is_best";s:1:"1";s:11:"click_count";s:1:"3";s:10:"wish_count";s:1:"0";s:12:"review_count";s:1:"0";s:10:"deal_count";s:1:"0";s:11:"create_time";s:10:"1390460239";s:11:"update_time";s:10:"1390468667";s:8:"language";s:5:"zh_cn";s:7:"country";s:6:"100000";s:5:"state";s:6:"110000";s:4:"city";s:6:"110100";}s:23:"\0CActiveRecord\0_related";a:0:{}s:17:"\0CActiveRecord\0_c";O:11:"CDbCriteria":17:{s:6:"select";s:1:"*";s:8:"distinct";b:0;s:9:"condition";s:11:"is_show = 1";s:6:"params";a:0:{}s:5:"limit";i:-1;s:6:"offset";i:-1;s:5:"order";s:0:"";s:5:"group";s:0:"";s:4:"join";s:0:"";s:6:"having";s:0:"";s:4:"with";N;s:5:"alias";N;s:8:"together";N;s:5:"index";N;s:6:"scopes";N;s:14:"\0CComponent\0_e";N;s:14:"\0CComponent\0_m";N;}s:18:"\0CActiveRecord\0_pk";s:2:"57";s:21:"\0CActiveRecord\0_alias";s:1:"t";s:15:"\0CModel\0_errors";a:0:{}s:19:"\0CModel\0_validators";N;s:17:"\0CModel\0_scenario";s:6:"update";s:14:"\0CComponent\0_e";N;s:14:"\0CComponent\0_m";a:1:{s:12:"CartPosition";O:22:"ECartPositionBehaviour":7:{s:32:"\0ECartPositionBehaviour\0quantity";i:1;s:31:"\0ECartPositionBehaviour\0refresh";b:1;s:37:"\0ECartPositionBehaviour\0discountPrice";d:0;s:19:"\0CBehavior\0_enabled";b:1;s:17:"\0CBehavior\0_owner";r:172;s:14:"\0CComponent\0_e";N;s:14:"\0CComponent\0_m";N;}}}s:5:"Item6";O:8:"CartItem":13:{s:9:"cartProps";s:7:"2:5;3:8";s:3:"sku";N;s:19:"\0CActiveRecord\0_new";b:0;s:26:"\0CActiveRecord\0_attributes";a:27:{s:7:"item_id";s:1:"6";s:11:"category_id";s:3:"110";s:8:"outer_id";s:5:"12364";s:5:"title";s:9:"aaaabbbbb";s:5:"stock";s:3:"123";s:10:"min_number";s:1:"1";s:5:"price";s:6:"123.00";s:8:"currency";s:1:"$";s:5:"props";s:35:"{"1":"1:1","2":["2:5"],"3":["3:8"]}";s:10:"props_name";s:112:"{"\\u54c1\\u724c":"\\u54c1\\u724c:","\\u5c3a\\u5bf8":["\\u5c3a\\u5bf8:XL"],"\\u989c\\u8272":["\\u989c\\u8272:\\u9ec4\\u8272"]}";s:4:"desc";s:18:"<p>asdasdasd</p>\r\n";s:12:"shipping_fee";s:4:"0.01";s:7:"is_show";s:1:"1";s:10:"is_promote";s:1:"1";s:6:"is_new";s:1:"1";s:6:"is_hot";s:1:"1";s:7:"is_best";s:1:"1";s:11:"click_count";s:2:"95";s:10:"wish_count";s:1:"0";s:12:"review_count";s:1:"0";s:10:"deal_count";s:1:"0";s:11:"create_time";s:10:"1388114648";s:11:"update_time";s:10:"1390468628";s:8:"language";s:5:"zh_cn";s:7:"country";s:6:"100000";s:5:"state";s:6:"330000";s:4:"city";s:6:"330500";}s:23:"\0CActiveRecord\0_related";a:0:{}s:17:"\0CActiveRecord\0_c";O:11:"CDbCriteria":17:{s:6:"select";s:1:"*";s:8:"distinct";b:0;s:9:"condition";s:11:"is_show = 1";s:6:"params";a:0:{}s:5:"limit";i:-1;s:6:"offset";i:-1;s:5:"order";s:0:"";s:5:"group";s:0:"";s:4:"join";s:0:"";s:6:"having";s:0:"";s:4:"with";N;s:5:"alias";N;s:8:"together";N;s:5:"index";N;s:6:"scopes";N;s:14:"\0CComponent\0_e";N;s:14:"\0CComponent\0_m";N;}s:18:"\0CActiveRecord\0_pk";s:1:"6";s:21:"\0CActiveRecord\0_alias";s:1:"t";s:15:"\0CModel\0_errors";a:0:{}s:19:"\0CModel\0_validators";N;s:17:"\0CModel\0_scenario";s:6:"update";s:14:"\0CComponent\0_e";N;s:14:"\0CComponent\0_m";a:1:{s:12:"CartPosition";O:22:"ECartPositionBehaviour":7:{s:32:"\0ECartPositionBehaviour\0quantity";i:1;s:31:"\0ECartPositionBehaviour\0refresh";b:1;s:37:"\0ECartPositionBehaviour\0discountPrice";d:0;s:19:"\0CBehavior\0_enabled";b:1;s:17:"\0CBehavior\0_owner";r:238;s:14:"\0CComponent\0_e";N;s:14:"\0CComponent\0_m";N;}}}s:5:"Sku90";O:8:"CartItem":13:{s:9:"cartProps";s:5:"10:28";s:3:"sku";O:3:"Sku":11:{s:19:"\0CActiveRecord\0_new";b:0;s:26:"\0CActiveRecord\0_attributes";a:8:{s:6:"sku_id";s:2:"90";s:7:"item_id";s:2:"57";s:5:"props";s:14:"{"10":"10:28"}";s:10:"props_name";s:36:"{"\\u5c3a\\u5bf8":"\\u5c3a\\u5bf8:18cm"}";s:5:"stock";s:3:"123";s:5:"price";s:7:"1000.00";s:8:"outer_id";s:6:"123123";s:6:"status";s:1:"1";}s:23:"\0CActiveRecord\0_related";a:0:{}s:17:"\0CActiveRecord\0_c";N;s:18:"\0CActiveRecord\0_pk";s:2:"90";s:21:"\0CActiveRecord\0_alias";s:1:"t";s:15:"\0CModel\0_errors";a:0:{}s:19:"\0CModel\0_validators";N;s:17:"\0CModel\0_scenario";s:6:"update";s:14:"\0CComponent\0_e";N;s:14:"\0CComponent\0_m";N;}s:19:"\0CActiveRecord\0_new";b:0;s:26:"\0CActiveRecord\0_attributes";a:27:{s:7:"item_id";s:2:"57";s:11:"category_id";s:3:"111";s:8:"outer_id";s:0:"";s:5:"title";s:10:"枕头1号";s:5:"stock";s:5:"10000";s:10:"min_number";s:1:"1";s:5:"price";s:7:"1299.00";s:8:"currency";s:1:"$";s:5:"props";s:16:"{"10":["10:28"]}";s:10:"props_name";s:38:"{"\\u5c3a\\u5bf8":["\\u5c3a\\u5bf8:18cm"]}";s:4:"desc";s:12:"<p>121</p>\r\n";s:12:"shipping_fee";s:4:"0.00";s:7:"is_show";s:1:"1";s:10:"is_promote";s:1:"1";s:6:"is_new";s:1:"1";s:6:"is_hot";s:1:"1";s:7:"is_best";s:1:"1";s:11:"click_count";s:1:"3";s:10:"wish_count";s:1:"0";s:12:"review_count";s:1:"0";s:10:"deal_count";s:1:"0";s:11:"create_time";s:10:"1390460239";s:11:"update_time";s:10:"1390468667";s:8:"language";s:5:"zh_cn";s:7:"country";s:6:"100000";s:5:"state";s:6:"110000";s:4:"city";s:6:"110100";}s:23:"\0CActiveRecord\0_related";a:1:{s:4:"skus";a:1:{i:0;r:306;}}s:17:"\0CActiveRecord\0_c";N;s:18:"\0CActiveRecord\0_pk";s:2:"57";s:21:"\0CActiveRecord\0_alias";s:1:"t";s:15:"\0CModel\0_errors";a:0:{}s:19:"\0CModel\0_validators";N;s:17:"\0CModel\0_scenario";s:6:"update";s:14:"\0CComponent\0_e";N;s:14:"\0CComponent\0_m";a:1:{s:12:"CartPosition";O:22:"ECartPositionBehaviour":7:{s:32:"\0ECartPositionBehaviour\0quantity";i:1;s:31:"\0ECartPositionBehaviour\0refresh";b:1;s:37:"\0ECartPositionBehaviour\0discountPrice";d:0;s:19:"\0CBehavior\0_enabled";b:1;s:17:"\0CBehavior\0_owner";r:304;s:14:"\0CComponent\0_e";N;s:14:"\0CComponent\0_m";N;}}}}'),
(7, NULL, NULL, '', '', '', '');

-- --------------------------------------------------------

--
-- 表的结构 `profiles_fields`
--

CREATE TABLE IF NOT EXISTS `profiles_fields` (
  `id` int(11) NOT NULL AUTO_INCREMENT,
  `varname` varchar(50) NOT NULL DEFAULT '',
  `title` varchar(255) NOT NULL DEFAULT '',
  `field_type` varchar(50) NOT NULL DEFAULT '',
  `field_size` int(3) NOT NULL DEFAULT '0',
  `field_size_min` int(3) NOT NULL DEFAULT '0',
  `required` int(1) NOT NULL DEFAULT '0',
  `match` varchar(255) NOT NULL DEFAULT '',
  `range` varchar(255) NOT NULL DEFAULT '',
  `error_message` varchar(255) NOT NULL DEFAULT '',
  `other_validator` text,
  `default` varchar(255) NOT NULL DEFAULT '',
  `widget` varchar(255) NOT NULL DEFAULT '',
  `widgetparams` text,
  `position` int(3) NOT NULL DEFAULT '0',
  `visible` int(1) NOT NULL DEFAULT '0',
  PRIMARY KEY (`id`)
) ENGINE=InnoDB  DEFAULT CHARSET=utf8 AUTO_INCREMENT=7 ;

--
-- 转存表中的数据 `profiles_fields`
--

INSERT INTO `profiles_fields` (`id`, `varname`, `title`, `field_type`, `field_size`, `field_size_min`, `required`, `match`, `range`, `error_message`, `other_validator`, `default`, `widget`, `widgetparams`, `position`, `visible`) VALUES
(1, 'first_name', 'First Name', 'VARCHAR', 255, 3, 0, '', '', 'Incorrect First Name (length between 3 and 50 characters).', '', '', '', '', 1, 0),
(2, 'last_name', 'Last Name', 'VARCHAR', 255, 3, 0, '', '', 'Incorrect Last Name (length between 3 and 50 characters).', '', '', '', '', 2, 0),
(3, 'truename', '真实姓名', 'VARCHAR', 45, 2, 0, '', '', '', '', '', '', '', 0, 1),
(4, 'nickname', '昵称', 'VARCHAR', 45, 4, 0, '', '', '', '', '', '', '', 0, 3),
(5, 'phone', '手机号码', 'VARCHAR', 45, 11, 0, '/^0{0,1}(13[0-9]|15[0-9])[0-9]{8}$/', '', '手机号码不正确', '', '', '', '', 0, 3),
(6, 'cart', 'cart', 'TEXT', 0, 0, 0, '', '', '', '', '', '', '', 0, 0);

-- --------------------------------------------------------

--
-- 表的结构 `prop_category`
--

CREATE TABLE IF NOT EXISTS `prop_category` (
  `prop_id` int(10) unsigned NOT NULL,
  `category_id` int(10) unsigned NOT NULL,
  PRIMARY KEY (`prop_id`,`category_id`),
  KEY `fk_prop_category_item_prop1` (`prop_id`),
  KEY `fk_prop_category_category1` (`category_id`)
) ENGINE=InnoDB DEFAULT CHARSET=utf8;

--
-- 转存表中的数据 `prop_category`
--

INSERT INTO `prop_category` (`prop_id`, `category_id`) VALUES
(1, 1),
(2, 1);

-- --------------------------------------------------------

--
-- 表的结构 `prop_img`
--

CREATE TABLE IF NOT EXISTS `prop_img` (
  `prop_img_id` int(10) unsigned NOT NULL AUTO_INCREMENT COMMENT 'Prop Img ID',
  `item_id` int(10) unsigned NOT NULL COMMENT 'Item ID',
  `item_prop_value` varchar(255) NOT NULL COMMENT '图片所对应的属性组合的字符串',
  `pic` varchar(255) NOT NULL COMMENT '图片url',
  `create_time` int(10) unsigned NOT NULL COMMENT '创建时间',
  PRIMARY KEY (`prop_img_id`),
  KEY `fk_prop_img_item1_idx` (`item_id`)
) ENGINE=InnoDB DEFAULT CHARSET=utf8 AUTO_INCREMENT=1 ;

-- --------------------------------------------------------

--
-- 表的结构 `prop_value`
--

CREATE TABLE IF NOT EXISTS `prop_value` (
  `prop_value_id` int(10) unsigned NOT NULL AUTO_INCREMENT COMMENT '属性值ID',
  `item_prop_id` int(10) unsigned NOT NULL,
  `value_name` varchar(45) NOT NULL COMMENT '属性值',
  `value_alias` varchar(45) NOT NULL COMMENT '属性值别名',
  `status` tinyint(1) unsigned NOT NULL COMMENT '状态。可选值:normal(正常),deleted(删除)',
  `sort_order` tinyint(3) unsigned NOT NULL DEFAULT '255' COMMENT '排列序号。取值范围:大于零的整数',
  PRIMARY KEY (`prop_value_id`),
  KEY `fk_prop_value_item_prop1_idx` (`item_prop_id`)
) ENGINE=InnoDB  DEFAULT CHARSET=utf8 AUTO_INCREMENT=32 ;

--
-- 转存表中的数据 `prop_value`
--

INSERT INTO `prop_value` (`prop_value_id`, `item_prop_id`, `value_name`, `value_alias`, `status`, `sort_order`) VALUES
(1, 1, 'GXG', 'GXG', 1, 0),
(2, 1, 'jackjones', 'jackjones', 1, 1),
(3, 2, 'M', 'M', 1, 0),
(4, 2, 'L', 'L', 1, 1),
(5, 2, 'XL', 'XL', 1, 2),
(6, 2, 'XXL', 'XXL', 1, 3),
(7, 3, '红色', '红色', 1, 0),
(8, 3, '黄色', '黄色', 1, 1),
(9, 3, '蓝色', '蓝色', 1, 2),
(10, 4, 'GXG', 'GXG', 1, 0),
(11, 4, 'gxg.jeans', 'gxg.jeans', 1, 1),
(12, 4, 'jackjones', 'jackjones', 1, 2),
(13, 4, 'Mark Fairwhale', 'Mark Fairwhale', 1, 3),
(14, 4, '雅戈尔', '雅戈尔', 1, 4),
(15, 5, 'M', 'M', 1, 0),
(16, 5, 'L', 'L', 1, 1),
(17, 5, 'XL', 'XL', 1, 2),
(18, 5, 'XXL', 'XXL', 1, 3),
(19, 6, '黑色', '黑色', 1, 0),
(20, 6, '白色', '白色', 1, 1),
(21, 6, '米色', '米色', 1, 2),
(22, 7, '1', '1', 1, 0),
(23, 7, '2', '2', 1, 1),
(24, 8, 'X', 'X', 1, 0),
(25, 8, 'XL', 'XL', 1, 1),
(26, 9, 'X', 'X', 1, 0),
(27, 9, 'XL', 'XL', 1, 1),
(28, 10, '18cm', '18cm', 1, 0),
(29, 10, '50cm', '50cm', 1, 1),
(30, 11, '1200x800', '1200x800', 1, 0),
(31, 11, '780x400', '780x400', 1, 1);

-- --------------------------------------------------------

--
-- 表的结构 `refund`
--

CREATE TABLE IF NOT EXISTS `refund` (
  `refund_id` int(10) unsigned NOT NULL AUTO_INCREMENT,
  `order_id` bigint(20) unsigned NOT NULL,
  `refund_sn` varchar(45) NOT NULL,
  `money` decimal(20,2) NOT NULL,
  `currency` varchar(20) NOT NULL,
  `pay_method` varchar(45) NOT NULL,
  `user_id` int(10) unsigned NOT NULL,
  `account` varchar(45) NOT NULL,
  `bank` varchar(45) NOT NULL,
  `refund_account` varchar(45) NOT NULL,
  `status` tinyint(1) unsigned NOT NULL,
  `create_time` int(10) unsigned NOT NULL,
  PRIMARY KEY (`refund_id`,`create_time`,`status`),
  KEY `fk_refund_order1_idx` (`order_id`)
) ENGINE=InnoDB DEFAULT CHARSET=utf8 AUTO_INCREMENT=1 ;

-- --------------------------------------------------------

--
-- 表的结构 `review`
--

CREATE TABLE IF NOT EXISTS `review` (
  `review_id` bigint(20) NOT NULL AUTO_INCREMENT,
  `create_at` int(10) DEFAULT NULL,
  `content` text,
  `customer_id` int(10) DEFAULT NULL,
  `entity_id` smallint(5) DEFAULT NULL,
  `entity_pk_value` int(10) DEFAULT NULL,
  `rating` tinyint(1) DEFAULT NULL,
  `photos_exit` tinyint(1) DEFAULT '0',
  PRIMARY KEY (`review_id`)
) ENGINE=InnoDB  DEFAULT CHARSET=utf8 AUTO_INCREMENT=141 ;

--
-- 转存表中的数据 `review`
--

INSERT INTO `review` (`review_id`, `create_at`, `content`, `customer_id`, `entity_id`, `entity_pk_value`, `rating`, `photos_exit`) VALUES
(1, 1231312, '似懂非懂', 7, 1, 28, 2, 0),
(2, 1231312, '士大夫似的', 7, 1, 28, 2, 0),
(3, 2435252, 'dfgdfgdfgdg', 7, 1, 28, 1, 0),
(4, 12313123, 'xcvxcvscfbgdfbaaaaaaaaaaaaaaaaaaaaaaaaaaaaaaaaaaaaaaaaaaaaaaaaaaaaaaaaaaaaaaaaaaaaaaaaaaaaaaaaaaaaaaaaaaaaaaaaaaaaaaaaaaaaaaaaaaaaaaaaaaaaaaaaaaaaaaaaaaaaaaaaaaaaaaaaaaaaaaaaaaaaaaaxcvxcvscfbgdfbaaaaaaaaaaaaaaaaaaaaaaaaaaaaaaaaaaaaaaaaaaaaaaaaaaaaaaaaaaaaaaaaaaaaaaaaaaaaaaaaaaaaaaaaaaaaaaaaaaaaaaaaaaaaaaaaaaaaaaaaaaaaaaaaaaaaaaaaaaaaaaaaaaaaaaaaaaaaaaaaaaaaaaaxcvxcvscfbgdfbaaaaaaaaaaaaaaaaaaaaaaaaaaaaaaaaaaaaaaaaaaaaaaaaaaaaaaaaaaaaaaaaaaaaaaaaaaaaaaaaaaaaaaaaaaaaaaaaaaaaaaaaaaaaaaaaaaaaaaaaaaaaaaaaaaaaaaaaaaaaaaaaaaaaaaaaaaaaaaaaaaaaaaaxcvxcvscfbgdfbaaaaaaaaaaaaaaaaaaaaaaaaaaaaaaaaaaaaaaaaaaaaaaaaaaaaaaaaaaaaaaaaaaaaaaaaaaaaaaaaaaaaaaaaaaaaaaaaaaaaaaaaaaaaaaaaaaaaaaaaaaaaaaaaaaaaaaaaaaaaaaaaaaaaaaaaaaaaaaaaaaaaaaaxcvxcvscfbgdfbaaaaaaaaaaaaaaaaaaaaaaaaaaaaaaaaaaaaaaaaaaaaaaaaaaaaaaaaaaaaaaaaaaaaaaaaaaaaaaaaaaaaaaaaaaaaaaaaaaaaaaaaaaaaaaaaaaaaaaaaaaaaaaaaaaaaaaaaaaaaaaaaaaaaaaaaaaaaaaaaaaaaaaaxcvxcvscfbgdfbaaaaaaaaaaaaaaaaaaaaaaaaaaaaaaaaaaaaaaaaaaaaaaaaaaaaaaaaaaaaaaaaaaaaaaaaaaaaaaaaaaaaaaaaaaaaaaaaaaaaaaaaaaaaaaaaaaaaaaaaaaaaaaaaaaaaaaaaaaaaaaaaaaaaaaaaaaaaaaaaaaaaaaaxcvxcvscfbgdfbaaaaaaaaaaaaaaaaaaaaaaaaaaaaaaaaaaaaaaaaaaaaaaaaaaaaaaaaaaaaaaaaaaaaaaaaaaaaaaaaaaaaaaaaaaaaaaaaaaaaaaaaaaaaaaaaaaaaaaaaaaaaaaaaaaaaaaaaaaaaaaaaaaaaaaaaaaaaaaaaaaaaaaaxcvxcvscfbgdfbaaaaaaaaaaaaaaaaaaaaaaaaaaaaaaaaaaaaaaaaaaaaaaaaaaaaaaaaaaaaaaaaaaaaaaaaaaaaaaaaaaaaaaaaaaaaaaaaaaaaaaaaaaaaaaaaaaaaaaaaaaaaaaaaaaaaaaaaaaaaaaaaaaaaaaaaaaaaaaaaaaaaaaaxcvxcvscfbgdfbaaaaaaaaaaaaaaaaaaaaaaaaaaaaaaaaaaaaaaaaaaaaaaaaaaaaaaaaaaaaaaaaaaaaaaaaaaaaaaaaaaaaaaaaaaaaaaaaaaaaaaaaaaaaaaaaaaaaaaaaaaaaaaaaaaaaaaaaaaaaaaaaaaaaaaaaaaaaaaaaaaaaaaaxcvxcvscfbgdfbaaaaaaaaaaaaaaaaaaaaaaaaaaaaaaaaaaaaaaaaaaaaaaaaaaaaaaaaaaaaaaaaaaaaaaaaaaaaaaaaaaaaaaaaaaaaaaaaaaaaaaaaaaaaaaaaaaaaaaaaaaaaaaaaaaaaaaaaaaaaaaaaaaaaaaaaaaaaaaaaaaaaaaaxcvxcvscfbgdfbaaaaaaaaaaaaaaaaaaaaaaaaaaaaaaaaaaaaaaaaaaaaaaaaaaaaaaaaaaaaaaaaaaaaaaaaaaaaaaaaaaaaaaaaaaaaaaaaaaaaaaaaaaaaaaaaaaaaaaaaaaaaaaaaaaaaaaaaaaaaaaaaaaaaaaaaaaaaaaaaaaaaaaaxcvxcvscfbgdfbaaaaaaaaaaaaaaaaaaaaaaaaaaaaaaaaaaaaaaaaaaaaaaaaaaaaaaaaaaaaaaaaaaaaaaaaaaaaaaaaaaaaaaaaaaaaaaaaaaaaaaaaaaaaaaaaaaaaaaaaaaaaaaaaaaaaaaaaaaaaaaaaaaaaaaaaaaaaaaaaaaaaaaaxcvxcvscfbgdfbaaaaaaaaaaaaaaaaaaaaaaaaaaaaaaaaaaaaaaaaaaaaaaaaaaaaaaaaaaaaaaaaaaaaaaaaaaaaaaaaaaaaaaaaaaaaaaaaaaaaaaaaaaaaaaaaaaaaaaaaaaaaaaaaaaaaaaaaaaaaaaaaaaaaaaaaaaaaaaaaaaaaaaaxcvxcvscfbgdfbaaaaaaaaaaaaaaaaaaaaaaaaaaaaaaaaaaaaaaaaaaaaaaaaaaaaaaaaaaaaaaaaaaaaaaaaaaaaaaaaaaaaaaaaaaaaaaaaaaaaaaaaaaaaaaaaaaaaaaaaaaaaaaaaaaaaaaaaaaaaaaaaaaaaaaaaaaaaaaaaaaaaaaaxcvxcvscfbgdfbaaaaaaaaaaaaaaaaaaaaaaaaaaaaaaaaaaaaaaaaaaaaaaaaaaaaaaaaaaaaaaaaaaaaaaaaaaaaaaaaaaaaaaaaaaaaaaaaaaaaaaaaaaaaaaaaaaaaaaaaaaaaaaaaaaaaaaaaaaaaaaaaaaaaaaaaaaaaaaaaaaaaaaaxcvxcvscfbgdfbaaaaaaaaaaaaaaaaaaaaaaaaaaaaaaaaaaaaaaaaaaaaaaaaaaaaaaaaaaaaaaaaaaaaaaaaaaaaaaaaaaaaaaaaaaaaaaaaaaaaaaaaaaaaaaaaaaaaaaaaaaaaaaaaaaaaaaaaaaaaaaaaaaaaaaaaaaaaaaaaaaaaaaaxcvxcvscfbgdfbaaaaaaaaaaaaaaaaaaaaaaaaaaaaaaaaaaaaaaaaaaaaaaaaaaaaaaaaaaaaaaaaaaaaaaaaaaaaaaaaaaaaaaaaaaaaaaaaaaaaaaaaaaaaaaaaaaaaaaaaaaaaaaaaaaaaaaaaaaaaaaaaaaaaaaaaaaaaaaaaaaaaaaaxcvxcvscfbgdfbaaaaaaaaaaaaaaaaaaaaaaaaaaaaaaaaaaaaaaaaaaaaaaaaaaaaaaaaaaaaaaaaaaaaaaaaaaaaaaaaaaaaaaaaaaaaaaaaaaaaaaaaaaaaaaaaaaaaaaaaaaaaaaaaaaaaaaaaaaaaaaaaaaaaaaaaaaaaaaaaaaaaaaaxcvxcvscfbgdfbaaaaaaaaaaaaaaaaaaaaaaaaaaaaaaaaaaaaaaaaaaaaaaaaaaaaaaaaaaaaaaaaaaaaaaaaaaaaaaaaaaaaaaaaaaaaaaaaaaaaaaaaaaaaaaaaaaaaaaaaaaaaaaaaaaaaaaaaaaaaaaaaaaaaaaaaaaaaaaaaaaaaaaaxcvxcvscfbgdfbaaaaaaaaaaaaaaaaaaaaaaaaaaaaaaaaaaaaaaaaaaaaaaaaaaaaaaaaaaaaaaaaaaaaaaaaaaaaaaaaaaaaaaaaaaaaaaaaaaaaaaaaaaaaaaaaaaaaaaaaaaaaaaaaaaaaaaaaaaaaaaaaaaaaaaaaaaaaaaaaaaaaaaaxcvxcvscfbgdfbaaaaaaaaaaaaaaaaaaaaaaaaaaaaaaaaaaaaaaaaaaaaaaaaaaaaaaaaaaaaaaaaaaaaaaaaaaaaaaaaaaaaaaaaaaaaaaaaaaaaaaaaaaaaaaaaaaaaaaaaaaaaaaaaaaaaaaaaaaaaaaaaaaaaaaaaaaaaaaaaaaaaaaaxcvxcvscfbgdfbaaaaaaaaaaaaaaaaaaaaaaaaaaaaaaaaaaaaaaaaaaaaaaaaaaaaaaaaaaaaaaaaaaaaaaaaaaaaaaaaaaaaaaaaaaaaaaaaaaaaaaaaaaaaaaaaaaaaaaaaaaaaaaaaaaaaaaaaaaaaaaaaaaaaaaaaaaaaaaaaaaaaaaaxcvxcvscfbgdfbaaaaaaaaaaaaaaaaaaaaaaaaaaaaaaaaaaaaaaaaaaaaaaaaaaaaaaaaaaaaaaaaaaaaaaaaaaaaaaaaaaaaaaaaaaaaaaaaaaaaaaaaaaaaaaaaaaaaaaaaaaaaaaaaaaaaaaaaaaaaaaaaaaaaaaaaaaaaaaaaaaaaaaaxcvxcvscfbgdfbaaaaaaaaaaaaaaaaaaaaaaaaaaaaaaaaaaaaaaaaaaaaaaaaaaaaaaaaaaaaaaaaaaaaaaaaaaaaaaaaaaaaaaaaaaaaaaaaaaaaaaaaaaaaaaaaaaaaaaaaaaaaaaaaaaaaaaaaaaaaaaaaaaaaaaaaaaaaaaaaaaaaaaaxcvxcvscfbgdfbaaaaaaaaaaaaaaaaaaaaaaaaaaaaaaaaaaaaaaaaaaaaaaaaaaaaaaaaaaaaaaaaaaaaaaaaaaaaaaaaaaaaaaaaaaaaaaaaaaaaaaaaaaaaaaaaaaaaaaaaaaaaaaaaaaaaaaaaaaaaaaaaaaaaaaaaaaaaaaaaaaaaaaaxcvxcvscfbgdfbaaaaaaaaaaaaaaaaaaaaaaaaaaaaaaaaaaaaaaaaaaaaaaaaaaaaaaaaaaaaaaaaaaaaaaaaaaaaaaaaaaaaaaaaaaaaaaaaaaaaaaaaaaaaaaaaaaaaaaaaaaaaaaaaaaaaaaaaaaaaaaaaaaaaaaaaaaaaaaaaaaaaaaaxcvxcvscfbgdfbaaaaaaaaaaaaaaaaaaaaaaaaaaaaaaaaaaaaaaaaaaaaaaaaaaaaaaaaaaaaaaaaaaaaaaaaaaaaaaaaaaaaaaaaaaaaaaaaaaaaaaaaaaaaaaaaaaaaaaaaaaaaaaaaaaaaaaaaaaaaaaaaaaaaaaaaaaaaaaaaaaaaaaaxcvxcvscfbgdfbaaaaaaaaaaaaaaaaaaaaaaaaaaaaaaaaaaaaaaaaaaaaaaaaaaaaaaaaaaaaaaaaaaaaaaaaaaaaaaaaaaaaaaaaaaaaaaaaaaaaaaaaaaaaaaaaaaaaaaaaaaaaaaaaaaaaaaaaaaaaaaaaaaaaaaaaaaaaaaaaaaaaaaaxcvxcvscfbgdfbaaaaaaaaaaaaaaaaaaaaaaaaaaaaaaaaaaaaaaaaaaaaaaaaaaaaaaaaaaaaaaaaaaaaaaaaaaaaaaaaaaaaaaaaaaaaaaaaaaaaaaaaaaaaaaaaaaaaaaaaaaaaaaaaaaaaaaaaaaaaaaaaaaaaaaaaaaaaaaaaaaaaaaaxcvxcvscfbgdfbaaaaaaaaaaaaaaaaaaaaaaaaaaaaaaaaaaaaaaaaaaaaaaaaaaaaaaaaaaaaaaaaaaaaaaaaaaaaaaaaaaaaaaaaaaaaaaaaaaaaaaaaaaaaaaaaaaaaaaaaaaaaaaaaaaaaaaaaaaaaaaaaaaaaaaaaaaaaaaaaaaaaaaaxcvxcvscfbgdfbaaaaaaaaaaaaaaaaaaaaaaaaaaaaaaaaaaaaaaaaaaaaaaaaaaaaaaaaaaaaaaaaaaaaaaaaaaaaaaaaaaaaaaaaaaaaaaaaaaaaaaaaaaaaaaaaaaaaaaaaaaaaaaaaaaaaaaaaaaaaaaaaaaaaaaaaaaaaaaaaaaaaaaaxcvxcvscfbgdfbaaaaaaaaaaaaaaaaaaaaaaaaaaaaaaaaaaaaaaaaaaaaaaaaaaaaaaaaaaaaaaaaaaaaaaaaaaaaaaaaaaaaaaaaaaaaaaaaaaaaaaaaaaaaaaaaaaaaaaaaaaaaaaaaaaaaaaaaaaaaaaaaaaaaaaaaaaaaaaaaaaaaaaaxcvxcvscfbgdfbaaaaaaaaaaaaaaaaaaaaaaaaaaaaaaaaaaaaaaaaaaaaaaaaaaaaaaaaaaaaaaaaaaaaaaaaaaaaaaaaaaaaaaaaaaaaaaaaaaaaaaaaaaaaaaaaaaaaaaaaaaaaaaaaaaaaaaaaaaaaaaaaaaaaaaaaaaaaaaaaaaaaaaaxcvxcvscfbgdfbaaaaaaaaaaaaaaaaaaaaaaaaaaaaaaaaaaaaaaaaaaaaaaaaaaaaaaaaaaaaaaaaaaaaaaaaaaaaaaaaaaaaaaaaaaaaaaaaaaaaaaaaaaaaaaaaaaaaaaaaaaaaaaaaaaaaaaaaaaaaaaaaaaaaaaaaaaaaaaaaaaaaaaaxcvxcvscfbgdfbaaaaaaaaaaaaaaaaaaaaaaaaaaaaaaaaaaaaaaaaaaaaaaaaaaaaaaaaaaaaaaaaaaaaaaaaaaaaaaaaaaaaaaaaaaaaaaaaaaaaaaaaaaaaaaaaaaaaaaaaaaaaaaaaaaaaaaaaaaaaaaaaaaaaaaaaaaaaaaaaaaaaaaaxcvxcvscfbgdfbaaaaaaaaaaaaaaaaaaaaaaaaaaaaaaaaaaaaaaaaaaaaaaaaaaaaaaaaaaaaaaaaaaaaaaaaaaaaaaaaaaaaaaaaaaaaaaaaaaaaaaaaaaaaaaaaaaaaaaaaaaaaaaaaaaaaaaaaaaaaaaaaaaaaaaaaaaaaaaaaaaaaaaaxcvxcvscfbgdfbaaaaaaaaaaaaaaaaaaaaaaaaaaaaaaaaaaaaaaaaaaaaaaaaaaaaaaaaaaaaaaaaaaaaaaaaaaaaaaaaaaaaaaaaaaaaaaaaaaaaaaaaaaaaaaaaaaaaaaaaaaaaaaaaaaaaaaaaaaaaaaaaaaaaaaaaaaaaaaaaaaaaaaaxcvxcvscfbgdfbaaaaaaaaaaaaaaaaaaaaaaaaaaaaaaaaaaaaaaaaaaaaaaaaaaaaaaaaaaaaaaaaaaaaaaaaaaaaaaaaaaaaaaaaaaaaaaaaaaaaaaaaaaaaaaaaaaaaaaaaaaaaaaaaaaaaaaaaaaaaaaaaaaaaaaaaaaaaaaaaaaaaaaaxcvxcvscfbgdfbaaaaaaaaaaaaaaaaaaaaaaaaaaaaaaaaaaaaaaaaaaaaaaaaaaaaaaaaaaaaaaaaaaaaaaaaaaaaaaaaaaaaaaaaaaaaaaaaaaaaaaaaaaaaaaaaaaaaaaaaaaaaaaaaaaaaaaaaaaaaaaaaaaaaaaaaaaaaaaaaaaaaaaaxcvxcvscfbgdfbaaaaaaaaaaaaaaaaaaaaaaaaaaaaaaaaaaaaaaaaaaaaaaaaaaaaaaaaaaaaaaaaaaaaaaaaaaaaaaaaaaaaaaaaaaaaaaaaaaaaaaaaaaaaaaaaaaaaaaaaaaaaaaaaaaaaaaaaaaaaaaaaaaaaaaaaaaaaaaaaaaaaaaaxcvxcvscfbgdfbaaaaaaaaaaaaaaaaaaaaaaaaaaaaaaaaaaaaaaaaaaaaaaaaaaaaaaaaaaaaaaaaaaaaaaaaaaaaaaaaaaaaaaaaaaaaaaaaaaaaaaaaaaaaaaaaaaaaaaaaaaaaaaaaaaaaaaaaaaaaaaaaaaaaaaaaaaaaaaaaaaaaaaaxcvxcvscfbgdfbaaaaaaaaaaaaaaaaaaaaaaaaaaaaaaaaaaaaaaaaaaaaaaaaaaaaaaaaaaaaaaaaaaaaaaaaaaaaaaaaaaaaaaaaaaaaaaaaaaaaaaaaaaaaaaaaaaaaaaaaaaaaaaaaaaaaaaaaaaaaaaaaaaaaaaaaaaaaaaaaaaaaaaa', 7, 1, 28, 1, 0),
(5, 2435252, 'dfgdfgdfgdg', 7, 1, 28, 3, 0),
(7, 12341234, '爱上大声地', 8, 2, 1, NULL, 0),
(9, 1387356848, 'asdasdad', 1, 2, 8, NULL, 0),
(10, 1387357007, 'sdfsdf', 8, 2, 1, NULL, 0),
(11, 1387357018, 'dfgdfgdfg', 8, 2, 2, NULL, 0),
(12, 1387357077, 'sdfsdfsdf', 8, 2, 1, NULL, 0),
(13, 1387429491, 'niaho', 0, 2, 1, NULL, 0),
(14, 1387429513, 'asdxsa', 0, 2, 1, NULL, 0),
(15, 1387429521, 'asxa', 0, 2, 1, NULL, 0),
(16, 1387430678, 'sdfsdf', 0, 2, 6, NULL, 0),
(17, 1387431468, 'sdfsdf', 0, 2, 1, NULL, 0),
(18, 1387431787, 'sdvcx ', 8, 2, 2, NULL, 0),
(19, 1387431996, 'sdfsdf', 8, 2, 2, NULL, 0),
(20, 1387432480, 'sdf', 8, 2, 5, NULL, 0),
(21, 1387432671, 'asdasd', 8, 2, 5, NULL, 0),
(22, 1387432704, 'sdfsc', 8, 2, 5, NULL, 0),
(23, 1387432774, 'sdfc', 8, 2, 5, NULL, 0),
(24, 1387432794, 'dfgvcb', 8, 2, 5, NULL, 0),
(25, 1387432833, 'sczxcs', 8, 2, 4, NULL, 0),
(26, 1387432852, 'aszxczxc', 8, 2, 4, NULL, 0),
(27, 1387432897, 'axz潇洒', 8, 2, 2, NULL, 0),
(28, 1387433013, '安神定志', 8, 2, 3, NULL, 0),
(29, 1387433240, '啊山地自行车', 8, 2, 3, NULL, 0),
(30, 1387433321, '在现场咨询', 8, 2, 3, NULL, 0),
(31, 1387433558, '现场v型吃', 8, 2, 1, NULL, 0),
(32, 1387439332, '爱上大声地', 8, 2, 1, NULL, 0),
(33, 1387439332, '爱上大声地', 8, 2, 1, NULL, 0),
(34, 1387439332, '爱上大声地', 8, 2, 1, NULL, 0),
(35, 1387439332, '爱上大声地', 8, 2, 1, NULL, 0),
(36, 1387439332, '爱上大声地', 8, 2, 1, NULL, 0),
(37, 1387439332, '爱上大声地', 8, 2, 1, NULL, 0),
(38, 1387439333, '爱上大声地', 8, 2, 1, NULL, 0),
(39, 1387439333, '爱上大声地', 8, 2, 1, NULL, 0),
(40, 1387439333, '爱上大声地', 8, 2, 1, NULL, 0),
(41, 1387439333, '爱上大声地', 8, 2, 1, NULL, 0),
(42, 1387439333, '爱上大声地', 8, 2, 1, NULL, 0),
(43, 1387439333, '爱上大声地', 8, 2, 1, NULL, 0),
(44, 1387439333, '爱上大声地', 8, 2, 1, NULL, 0),
(45, 1387439333, '爱上大声地', 8, 2, 1, NULL, 0),
(46, 1387439333, '爱上大声地', 8, 2, 1, NULL, 0),
(47, 1387439333, '爱上大声地', 8, 2, 1, NULL, 0),
(48, 1387439333, '爱上大声地', 8, 2, 1, NULL, 0),
(49, 1387439333, '爱上大声地', 8, 2, 1, NULL, 0),
(50, 1387439333, '爱上大声地', 8, 2, 1, NULL, 0),
(51, 1387439533, '阿什顿', 8, 2, 1, NULL, 0),
(52, 1387441279, '阿什顿', 8, 2, 4, NULL, 0),
(53, 1387441314, '大三', 8, 2, 4, NULL, 0),
(54, 1387441357, '大三', 8, 2, 4, NULL, 0),
(55, 1387441516, '第三方', 8, 2, 4, NULL, 0),
(56, 1387441572, '丰盛的', 8, 2, 6, NULL, 0),
(57, 1387441649, '房顶上', 8, 2, 6, NULL, 0),
(58, 1387441671, 'v刹下', 8, 2, 3, NULL, 0),
(59, 1387441793, '许昌', 8, 2, 4, NULL, 0),
(60, 1387441873, '丰盛的', 8, 2, 4, NULL, 0),
(61, 1387441932, '张东旭', 8, 2, 4, NULL, 0),
(62, 1387442297, 'zxczx ', 8, 2, 6, NULL, 0),
(63, 1387442314, 'xcv ', 8, 2, 6, NULL, 0),
(64, 1387442733, 'das', 8, 2, 4, NULL, 0),
(65, 1387442847, 'asdasdasd', 8, 2, 4, NULL, 0),
(66, 1387443833, 'fds ', 8, 2, 4, NULL, 0),
(67, 1387443882, 'fsdf', 8, 2, 4, NULL, 0),
(68, 1387444025, 'dasd', 8, 2, 4, NULL, 0),
(69, 1387444271, 'xcxczcxzxc', 8, 2, 4, NULL, 0),
(70, 1387444429, 'heello', 8, 2, 4, NULL, 0),
(71, 1387444657, 'asdasasda', 8, 2, 4, NULL, 0),
(72, 1387444701, 'test', 8, 2, 4, NULL, 0),
(73, 1387444719, 'sadasdasd', 8, 2, 4, NULL, 0),
(74, 1387444864, 'hello', 8, 2, 6, NULL, 0),
(75, 1387499701, 'asdawwwwwwwwwwwwwwwwwwwwwww', 8, 2, 4, NULL, 0),
(76, 1387502201, 'v cx ', 8, 2, 4, NULL, 0),
(77, 1387504050, 'dfhdfh', 8, 2, 4, NULL, 0),
(78, 1387508467, 'dfghdfhdfh', 8, 2, NULL, NULL, 0),
(79, 1387508500, 'ghjkhjk', 8, 2, NULL, NULL, 0),
(80, 1387508519, 'dhdfhdh', 8, 2, NULL, NULL, 0),
(81, 1387508558, 'xvbcxbcx', 8, 2, 4, NULL, 0),
(82, 1387508579, 'fcgnbhvcnb ', 8, 2, 4, NULL, 0),
(83, 1387508598, 'cx cx cx vcx', 8, 2, NULL, NULL, 0),
(84, 1387509088, 'kjli', 8, 2, NULL, NULL, 0),
(85, 1387509102, ';''l;''k;''', 8, 2, NULL, NULL, 0),
(86, 1387509113, ' nb,bn,bn,,bhj', 8, 2, NULL, NULL, 0),
(87, 1387509188, 'sdfwef', 8, 2, NULL, NULL, 0),
(88, 1387509198, 'ghkhk', 8, 2, NULL, NULL, 0),
(89, 1387509234, 'sdfsdf', 8, 2, 4, NULL, 0),
(90, 1387509239, 'dsfsdf', 8, 2, 4, NULL, 0),
(91, 1387509419, 'sadasdas', 8, 2, NULL, NULL, 0),
(92, 1387510650, 'cvbvcbcv', 8, 2, 4, NULL, 0),
(93, 1387510680, 'sdfsd', 8, 2, 4, NULL, 0),
(94, 1387529949, 'v刹女包', 8, 2, 4, NULL, 0),
(95, 1387529952, 'vbnvb', 8, 2, 4, NULL, 0),
(96, 1387529955, 'v刹冰女成本', 8, 2, 6, NULL, 0),
(97, 1387529959, 'vbn', 8, 2, 4, NULL, 0),
(98, 1387529961, 'vbnvb', 8, 2, 4, NULL, 0),
(99, 1387529961, '', 8, 2, 4, NULL, 0),
(100, 1387529963, 'v被你', 8, 2, 4, NULL, 0),
(101, 1387529964, 'vbnb', 8, 2, 4, NULL, 0),
(102, 1387529966, 'vbnvb吧', 8, 2, 4, NULL, 0),
(103, 1387529968, 'vbnfg', 8, 2, 4, NULL, 0),
(104, 1387529970, 'vbngfn ', 8, 2, 4, NULL, 0),
(105, 1387529972, 'vbng', 8, 2, 4, NULL, 0),
(106, 1387529974, 'vgnfg', 8, 2, 4, NULL, 0),
(107, 1387530236, 'v刹', 8, 2, 4, NULL, 0),
(108, 1387530242, '速度非常单纯', 8, 2, 6, NULL, 0),
(109, 1387530247, '蓄电池v', 8, 2, 3, NULL, 0),
(110, 1387530254, '许昌', 8, 2, 3, NULL, 0),
(111, 1388364843, '', 8, 2, 4, NULL, 0),
(112, 1388367739, 'ghnmgh', 8, 2, 4, NULL, 0),
(113, 1388368843, 'dfg', 8, 2, 5, NULL, 0),
(114, 1388372117, 'dfgd', 8, 2, 4, NULL, 0),
(115, 1388372181, 'hfghfg', 8, 2, 6, NULL, 0),
(116, 1388372250, 'dergdfg', 8, 2, 4, NULL, 0),
(117, 1388372255, 'gdfg', 8, 2, 6, NULL, 0),
(118, 1388372260, 'gdfvcbyhj', 8, 2, 3, NULL, 0),
(119, 1388393961, 'sdsdf', 8, 2, 4, NULL, 0),
(120, 1388393965, 'fsdfsdf', 8, 2, 4, NULL, 0),
(121, 1388394013, 'm', 8, 2, 4, NULL, 0),
(122, 1388394026, 'jmnmbnmbmbnmbnmbnmbmbnmbnm', 8, 2, 4, NULL, 0),
(123, 1388394366, 'fsdfsd', 8, 2, 4, NULL, 0),
(124, 1388394369, 'cvbcv', 8, 2, 4, NULL, 0),
(125, 1388458934, '54684765', 8, 2, 4, NULL, 0),
(126, 1389664570, '12', 6, 2, 4, NULL, 0),
(127, 1389664577, '46', 6, 2, 3, NULL, 0),
(128, 1389949440, 'dszfsadf', 1, 2, 3, NULL, 0),
(129, 1389949485, 'dvsffds', 1, 2, 3, NULL, 0),
(130, 1389949489, 'hfg', 1, 2, 3, NULL, 0),
(131, 1389950182, 'hjkhjk', 1, 2, 3, NULL, 0),
(132, 1389950629, 'gdfgdf', 1, 2, 5, NULL, 0),
(133, 1389950731, NULL, 1, 2, 5, NULL, 0),
(134, 1389950807, NULL, 1, 2, 5, NULL, 0),
(135, 1389950868, NULL, 1, 2, 5, NULL, 0),
(136, 1389950889, NULL, 1, 2, 5, NULL, 0),
(137, 1389950904, NULL, 1, 2, 5, NULL, 0),
(138, 1389951321, NULL, 1, 2, 5, NULL, 0),
(139, 1389951337, NULL, 1, 2, 5, NULL, 0),
(140, 1389951509, NULL, 1, 2, 5, NULL, 0);

-- --------------------------------------------------------

--
-- 表的结构 `review_entity`
--

CREATE TABLE IF NOT EXISTS `review_entity` (
  `entiy_id` smallint(5) NOT NULL AUTO_INCREMENT,
  `entiy_code` varchar(32) DEFAULT NULL,
  PRIMARY KEY (`entiy_id`)
) ENGINE=InnoDB  DEFAULT CHARSET=utf8 AUTO_INCREMENT=3 ;

--
-- 转存表中的数据 `review_entity`
--

INSERT INTO `review_entity` (`entiy_id`, `entiy_code`) VALUES
(1, 'product'),
(2, 'review');

-- --------------------------------------------------------

--
-- 表的结构 `review_photos`
--

CREATE TABLE IF NOT EXISTS `review_photos` (
  `image_id` bigint(20) NOT NULL AUTO_INCREMENT,
  `path` varchar(45) DEFAULT NULL,
  `review_id` bigint(20) DEFAULT NULL,
  PRIMARY KEY (`image_id`),
  KEY `fk_review_image_review1_idx` (`review_id`)
) ENGINE=InnoDB DEFAULT CHARSET=utf8 AUTO_INCREMENT=1 ;

-- --------------------------------------------------------

--
-- 表的结构 `settings`
--

CREATE TABLE IF NOT EXISTS `settings` (
  `id` int(11) NOT NULL AUTO_INCREMENT,
  `category` varchar(64) NOT NULL DEFAULT 'system',
  `key` varchar(255) NOT NULL,
  `value` text NOT NULL,
  PRIMARY KEY (`id`),
  KEY `category_key` (`category`,`key`)
) ENGINE=InnoDB  DEFAULT CHARSET=utf8 AUTO_INCREMENT=27 ;

--
-- 转存表中的数据 `settings`
--

INSERT INTO `settings` (`id`, `category`, `key`, `value`) VALUES
(1, 'site', 'name', 's:17:"Yincart demo site";'),
(2, 'site', 'domain', 's:11:"domain.com";'),
(3, 'site', 'googleAPIKey', 's:0:"";'),
(4, 'site', 'numSearchResults', 's:0:"";'),
(5, 'site', 'defaultLanguage', 's:0:"";'),
(6, 'site', 'defaultCurrency', 's:0:"";'),
(7, 'site', 'about', 's:0:"";'),
(8, 'site', 'statistics', 's:0:"";'),
(9, 'seo', 'mainTitle', 's:17:"Yincart Demo Site";'),
(10, 'seo', 'mainKwrds', 's:38:"yincart,cart,shop,mall,b2c,b2b,b2m,c2c";'),
(11, 'seo', 'mainDescr', 's:53:"Yincart is a new online shop driven by Yii framework.";'),
(12, 'mail', 'adminEmail', 's:0:"";'),
(13, 'mail', 'fromReply', 's:0:"";'),
(14, 'mail', 'fromNoReply', 's:0:"";'),
(15, 'mail', 'server', 's:0:"";'),
(16, 'mail', 'port', 's:0:"";'),
(17, 'mail', 'user', 's:0:"";'),
(18, 'mail', 'password', 's:0:"";'),
(19, 'mail', 'ssl', 's:0:"";'),
(20, 'filter', 'priceLower', 's:0:"";'),
(21, 'filter', 'priceUpper', 's:0:"";'),
(22, 'site', 'frontDomain', 's:12:"frontend.com";'),
(23, 'site', 'backDomain', 's:11:"backend.com";'),
(24, 'site', 'shopDomain', 's:11:"shopend.com";'),
(25, 'site', 'imageDomain', 's:9:"image.com";'),
(26, 'site', 'apiDomain', 's:10:"apiend.com";');

-- --------------------------------------------------------

--
-- 表的结构 `shipping`
--

CREATE TABLE IF NOT EXISTS `shipping` (
  `ship_id` int(10) unsigned NOT NULL AUTO_INCREMENT,
  `order_id` bigint(20) unsigned NOT NULL,
  `ship_sn` varchar(45) DEFAULT NULL,
  `type` enum('return','delivery') DEFAULT NULL,
  `ship_method` varchar(45) DEFAULT NULL,
  `ship_fee` decimal(10,2) DEFAULT NULL,
  `op_name` varchar(45) DEFAULT NULL,
  `status` tinyint(1) unsigned DEFAULT NULL,
  `receiver_name` varchar(45) DEFAULT NULL,
  `receiver_phone` varchar(45) DEFAULT NULL,
  `receiver_mobile` varchar(45) DEFAULT NULL,
  `location` text,
  `create_time` int(10) unsigned DEFAULT NULL,
  `update_time` int(10) unsigned DEFAULT NULL,
  PRIMARY KEY (`ship_id`),
  KEY `fk_shipping_order1_idx` (`order_id`)
) ENGINE=InnoDB DEFAULT CHARSET=utf8 COMMENT='物流数据结构 ' AUTO_INCREMENT=1 ;

-- --------------------------------------------------------

--
-- 表的结构 `shipping_item`
--

CREATE TABLE IF NOT EXISTS `shipping_item` (
  `id` int(10) unsigned NOT NULL AUTO_INCREMENT,
  `ship_id` int(10) unsigned NOT NULL,
  `item_id` int(10) unsigned DEFAULT NULL,
  `item_sn` varchar(45) DEFAULT NULL,
  `item_title` varchar(255) DEFAULT NULL,
  `num` int(10) unsigned DEFAULT NULL,
  PRIMARY KEY (`id`),
  KEY `fk_delivery_item_delivery1_idx` (`ship_id`)
) ENGINE=InnoDB DEFAULT CHARSET=utf8 AUTO_INCREMENT=1 ;

-- --------------------------------------------------------

--
-- 表的结构 `shipping_method`
--

CREATE TABLE IF NOT EXISTS `shipping_method` (
  `shipping_method_id` int(11) NOT NULL AUTO_INCREMENT,
  `code` varchar(45) DEFAULT NULL,
  `name` varchar(120) DEFAULT NULL,
  `desc` text,
  `enabled` tinyint(1) unsigned DEFAULT '0',
  `is_cod` tinyint(1) unsigned DEFAULT '0',
  `sort_order` tinyint(3) unsigned DEFAULT '255',
  PRIMARY KEY (`shipping_method_id`)
) ENGINE=InnoDB  DEFAULT CHARSET=utf8 AUTO_INCREMENT=4 ;

--
-- 转存表中的数据 `shipping_method`
--

INSERT INTO `shipping_method` (`shipping_method_id`, `code`, `name`, `desc`, `enabled`, `is_cod`, `sort_order`) VALUES
(0, NULL, '包邮', NULL, 0, 0, 255),
(1, NULL, '平邮', NULL, 1, 0, 255),
(2, NULL, '快递', NULL, 1, 0, 255),
(3, NULL, 'EMS', NULL, 1, 0, 255);

-- --------------------------------------------------------

--
-- 表的结构 `sku`
--

CREATE TABLE IF NOT EXISTS `sku` (
  `sku_id` int(10) unsigned NOT NULL AUTO_INCREMENT COMMENT 'SKU ID',
  `item_id` int(10) unsigned NOT NULL COMMENT 'Item ID',
  `props` longtext NOT NULL COMMENT 'sku的销售属性组合字符串（颜色，大小，等等，可通过类目API获取某类目下的销售属性）,格式是p1:v1;p2:v2',
  `props_name` longtext NOT NULL COMMENT 'sku所对应的销售属性的中文名字串，格式如：pid1:vid1:pid_name1:vid_name1;pid2:vid2:pid_name2:vid_name2……',
  `stock` int(10) unsigned NOT NULL COMMENT 'sku商品库存',
  `price` decimal(10,2) unsigned NOT NULL COMMENT 'sku的商品价格',
  `outer_id` varchar(45) NOT NULL COMMENT '商家设置的外部id',
  `status` tinyint(1) unsigned NOT NULL DEFAULT '1' COMMENT 'sku状态。 normal:正常 ；delete:删除',
  PRIMARY KEY (`sku_id`),
  KEY `fk_sku_item1_idx` (`item_id`)
) ENGINE=InnoDB  DEFAULT CHARSET=utf8 AUTO_INCREMENT=94 ;

--
-- 转存表中的数据 `sku`
--

INSERT INTO `sku` (`sku_id`, `item_id`, `props`, `props_name`, `stock`, `price`, `outer_id`, `status`) VALUES
(1, 24, '{"2":"2:5","3":"3:8"}', '{"\\u5c3a\\u5bf8":"\\u5c3a\\u5bf8:","\\u989c\\u8272":"\\u989c\\u8272:"}', 321, '123.00', '123', 1),
(2, 25, '{"2":"2:4","3":"3:7"}', '{"\\u5c3a\\u5bf8":"\\u5c3a\\u5bf8:","\\u989c\\u8272":"\\u989c\\u8272:"}', 123321, '123321.00', '123321', 1),
(3, 25, '{"2":"2:4","3":"3:8"}', '{"\\u5c3a\\u5bf8":"\\u5c3a\\u5bf8:","\\u989c\\u8272":"\\u989c\\u8272:"}', 123321, '123321.00', '123321', 1),
(4, 25, '{"2":"2:5","3":"3:7"}', '{"\\u5c3a\\u5bf8":"\\u5c3a\\u5bf8:","\\u989c\\u8272":"\\u989c\\u8272:"}', 123321, '123321.00', '123321', 1),
(5, 25, '{"2":"2:5","3":"3:8"}', '{"\\u5c3a\\u5bf8":"\\u5c3a\\u5bf8:","\\u989c\\u8272":"\\u989c\\u8272:"}', 123321, '123321.00', '123321', 1),
(6, 26, '{"2":"2:4","3":"3:7"}', '{"\\u5c3a\\u5bf8":"\\u5c3a\\u5bf8:","\\u989c\\u8272":"\\u989c\\u8272:"}', 123321, '123321.00', '123321', 1),
(7, 26, '{"2":"2:4","3":"3:8"}', '{"\\u5c3a\\u5bf8":"\\u5c3a\\u5bf8:","\\u989c\\u8272":"\\u989c\\u8272:"}', 123321, '123321.00', '123321', 1),
(8, 26, '{"2":"2:5","3":"3:7"}', '{"\\u5c3a\\u5bf8":"\\u5c3a\\u5bf8:","\\u989c\\u8272":"\\u989c\\u8272:"}', 123321, '123321.00', '123321', 1),
(9, 26, '{"2":"2:5","3":"3:8"}', '{"\\u5c3a\\u5bf8":"\\u5c3a\\u5bf8:","\\u989c\\u8272":"\\u989c\\u8272:"}', 123321, '123321.00', '123321', 1),
(12, 28, '{"2":"2:4","3":"3:8"}', '{"\\u5c3a\\u5bf8":"\\u5c3a\\u5bf8:L","\\u989c\\u8272":"\\u989c\\u8272:\\u9ec4\\u8272"}', 320, '123.00', '123', 1),
(13, 28, '{"2":"2:5","3":"3:8"}', '{"\\u5c3a\\u5bf8":"\\u5c3a\\u5bf8:XL","\\u989c\\u8272":"\\u989c\\u8272:\\u9ec4\\u8272"}', 123, '321.00', '321', 1),
(14, 31, '{"2":"2:5","3":"3:8"}', '{"\\u5c3a\\u5bf8":"\\u5c3a\\u5bf8:","\\u989c\\u8272":"\\u989c\\u8272:"}', 319, '123.00', '123', 1),
(15, 31, '{"2":"2:6","3":"3:8"}', '{"\\u5c3a\\u5bf8":"\\u5c3a\\u5bf8:","\\u989c\\u8272":"\\u989c\\u8272:"}', 123, '321.00', '321', 1),
(16, 31, '{"2":"2:5","3":"3:9"}', '{"\\u5c3a\\u5bf8":"\\u5c3a\\u5bf8:","\\u989c\\u8272":"\\u989c\\u8272:"}', 0, '1654.00', '564613', 1),
(17, 31, '{"2":"2:6","3":"3:9"}', '{"\\u5c3a\\u5bf8":"\\u5c3a\\u5bf8:","\\u989c\\u8272":"\\u989c\\u8272:"}', 56416, '78456.00', '654968', 1),
(32, 35, '{"4":"4:10","5":"5:16","6":"6:20","7":"7:22"}', '{"\\u54c1\\u724c":"\\u54c1\\u724c:GXG","\\u5c3a\\u5bf8":"\\u5c3a\\u5bf8:L","\\u989c\\u8272":"\\u989c\\u8272:\\u767d\\u8272","test":"test:1"}', 0, '123.00', '12345', 1),
(33, 35, '{"4":"4:10","5":"5:16","6":"6:20","7":"7:23"}', '{"\\u54c1\\u724c":"\\u54c1\\u724c:GXG","\\u5c3a\\u5bf8":"\\u5c3a\\u5bf8:L","\\u989c\\u8272":"\\u989c\\u8272:\\u767d\\u8272","test":"test:2"}', 0, '123.00', '12345', 1),
(34, 35, '{"4":"4:10","5":"5:16","6":"6:21","7":"7:22"}', '{"\\u54c1\\u724c":"\\u54c1\\u724c:GXG","\\u5c3a\\u5bf8":"\\u5c3a\\u5bf8:L","\\u989c\\u8272":"\\u989c\\u8272:\\u7c73\\u8272","test":"test:1"}', 1, '123.00', '12345', 1),
(35, 35, '{"4":"4:10","5":"5:16","6":"6:21","7":"7:23"}', '{"\\u54c1\\u724c":"\\u54c1\\u724c:GXG","\\u5c3a\\u5bf8":"\\u5c3a\\u5bf8:L","\\u989c\\u8272":"\\u989c\\u8272:\\u7c73\\u8272","test":"test:2"}', 0, '123.00', '12345', 1),
(36, 35, '{"4":"4:10","5":"5:17","6":"6:20","7":"7:22"}', '{"\\u54c1\\u724c":"\\u54c1\\u724c:GXG","\\u5c3a\\u5bf8":"\\u5c3a\\u5bf8:XL","\\u989c\\u8272":"\\u989c\\u8272:\\u767d\\u8272","test":"test:1"}', 123, '123.00', '12345', 1),
(37, 35, '{"4":"4:10","5":"5:17","6":"6:20","7":"7:23"}', '{"\\u54c1\\u724c":"\\u54c1\\u724c:GXG","\\u5c3a\\u5bf8":"\\u5c3a\\u5bf8:XL","\\u989c\\u8272":"\\u989c\\u8272:\\u767d\\u8272","test":"test:2"}', 1121, '123.00', '12345', 1),
(38, 35, '{"4":"4:10","5":"5:17","6":"6:21","7":"7:22"}', '{"\\u54c1\\u724c":"\\u54c1\\u724c:GXG","\\u5c3a\\u5bf8":"\\u5c3a\\u5bf8:XL","\\u989c\\u8272":"\\u989c\\u8272:\\u7c73\\u8272","test":"test:1"}', 11, '123.00', '12345', 1),
(39, 35, '{"4":"4:10","5":"5:17","6":"6:21","7":"7:23"}', '{"\\u54c1\\u724c":"\\u54c1\\u724c:GXG","\\u5c3a\\u5bf8":"\\u5c3a\\u5bf8:XL","\\u989c\\u8272":"\\u989c\\u8272:\\u7c73\\u8272","test":"test:2"}', 123, '123.00', '12345', 1),
(40, 35, '{"4":"4:11","5":"5:16","6":"6:20","7":"7:22"}', '{"\\u54c1\\u724c":"\\u54c1\\u724c:gxg.jeans","\\u5c3a\\u5bf8":"\\u5c3a\\u5bf8:L","\\u989c\\u8272":"\\u989c\\u8272:\\u767d\\u8272","test":"test:1"}', 123, '123.00', '12345', 1),
(41, 35, '{"4":"4:11","5":"5:16","6":"6:20","7":"7:23"}', '{"\\u54c1\\u724c":"\\u54c1\\u724c:gxg.jeans","\\u5c3a\\u5bf8":"\\u5c3a\\u5bf8:L","\\u989c\\u8272":"\\u989c\\u8272:\\u767d\\u8272","test":"test:2"}', 123, '123.00', '12345', 1),
(42, 35, '{"4":"4:11","5":"5:16","6":"6:21","7":"7:22"}', '{"\\u54c1\\u724c":"\\u54c1\\u724c:gxg.jeans","\\u5c3a\\u5bf8":"\\u5c3a\\u5bf8:L","\\u989c\\u8272":"\\u989c\\u8272:\\u7c73\\u8272","test":"test:1"}', 0, '123.00', '12345', 1),
(43, 35, '{"4":"4:11","5":"5:16","6":"6:21","7":"7:23"}', '{"\\u54c1\\u724c":"\\u54c1\\u724c:gxg.jeans","\\u5c3a\\u5bf8":"\\u5c3a\\u5bf8:L","\\u989c\\u8272":"\\u989c\\u8272:\\u7c73\\u8272","test":"test:2"}', 122, '123.00', '12345', 1),
(44, 35, '{"4":"4:11","5":"5:17","6":"6:20","7":"7:22"}', '{"\\u54c1\\u724c":"\\u54c1\\u724c:gxg.jeans","\\u5c3a\\u5bf8":"\\u5c3a\\u5bf8:XL","\\u989c\\u8272":"\\u989c\\u8272:\\u767d\\u8272","test":"test:1"}', 0, '123.00', '12345', 1),
(45, 35, '{"4":"4:11","5":"5:17","6":"6:20","7":"7:23"}', '{"\\u54c1\\u724c":"\\u54c1\\u724c:gxg.jeans","\\u5c3a\\u5bf8":"\\u5c3a\\u5bf8:XL","\\u989c\\u8272":"\\u989c\\u8272:\\u767d\\u8272","test":"test:2"}', 1, '123.00', '12345', 1),
(46, 35, '{"4":"4:11","5":"5:17","6":"6:21","7":"7:22"}', '{"\\u54c1\\u724c":"\\u54c1\\u724c:gxg.jeans","\\u5c3a\\u5bf8":"\\u5c3a\\u5bf8:XL","\\u989c\\u8272":"\\u989c\\u8272:\\u7c73\\u8272","test":"test:1"}', 0, '123.00', '12345', 1),
(47, 35, '{"4":"4:11","5":"5:17","6":"6:21","7":"7:23"}', '{"\\u54c1\\u724c":"\\u54c1\\u724c:gxg.jeans","\\u5c3a\\u5bf8":"\\u5c3a\\u5bf8:XL","\\u989c\\u8272":"\\u989c\\u8272:\\u7c73\\u8272","test":"test:2"}', 0, '123.00', '12345', 1),
(48, 37, '{"4":"4:10","5":"5:15","6":"6:19","7":"7:23"}', '{"\\u54c1\\u724c":"\\u54c1\\u724c:GXG","\\u5c3a\\u5bf8":"\\u5c3a\\u5bf8:M","\\u989c\\u8272":"\\u989c\\u8272:\\u9ed1\\u8272","test":"test:2"}', 123, '1000.00', '1233', 1),
(49, 37, '{"4":"4:10","5":"5:15","6":"6:20","7":"7:23"}', '{"\\u54c1\\u724c":"\\u54c1\\u724c:GXG","\\u5c3a\\u5bf8":"\\u5c3a\\u5bf8:M","\\u989c\\u8272":"\\u989c\\u8272:\\u767d\\u8272","test":"test:2"}', 123, '1000.00', '1233', 1),
(50, 37, '{"4":"4:10","5":"5:16","6":"6:19","7":"7:23"}', '{"\\u54c1\\u724c":"\\u54c1\\u724c:GXG","\\u5c3a\\u5bf8":"\\u5c3a\\u5bf8:L","\\u989c\\u8272":"\\u989c\\u8272:\\u9ed1\\u8272","test":"test:2"}', 123, '1000.00', '1233', 1),
(51, 37, '{"4":"4:10","5":"5:16","6":"6:20","7":"7:23"}', '{"\\u54c1\\u724c":"\\u54c1\\u724c:GXG","\\u5c3a\\u5bf8":"\\u5c3a\\u5bf8:L","\\u989c\\u8272":"\\u989c\\u8272:\\u767d\\u8272","test":"test:2"}', 123, '1000.00', '1233', 1),
(52, 37, '{"4":"4:11","5":"5:15","6":"6:19","7":"7:23"}', '{"\\u54c1\\u724c":"\\u54c1\\u724c:gxg.jeans","\\u5c3a\\u5bf8":"\\u5c3a\\u5bf8:M","\\u989c\\u8272":"\\u989c\\u8272:\\u9ed1\\u8272","test":"test:2"}', 123, '1000.00', '1233', 1),
(53, 37, '{"4":"4:11","5":"5:15","6":"6:20","7":"7:23"}', '{"\\u54c1\\u724c":"\\u54c1\\u724c:gxg.jeans","\\u5c3a\\u5bf8":"\\u5c3a\\u5bf8:M","\\u989c\\u8272":"\\u989c\\u8272:\\u767d\\u8272","test":"test:2"}', 123, '1000.00', '1233', 1),
(54, 37, '{"4":"4:11","5":"5:16","6":"6:19","7":"7:23"}', '{"\\u54c1\\u724c":"\\u54c1\\u724c:gxg.jeans","\\u5c3a\\u5bf8":"\\u5c3a\\u5bf8:L","\\u989c\\u8272":"\\u989c\\u8272:\\u9ed1\\u8272","test":"test:2"}', 123, '1000.00', '1233', 1),
(55, 37, '{"4":"4:11","5":"5:16","6":"6:20","7":"7:23"}', '{"\\u54c1\\u724c":"\\u54c1\\u724c:gxg.jeans","\\u5c3a\\u5bf8":"\\u5c3a\\u5bf8:L","\\u989c\\u8272":"\\u989c\\u8272:\\u767d\\u8272","test":"test:2"}', 123, '1000.00', '1233', 1),
(56, 37, '{"4":"4:12","5":"5:15","6":"6:19","7":"7:23"}', '{"\\u54c1\\u724c":"\\u54c1\\u724c:jackjones","\\u5c3a\\u5bf8":"\\u5c3a\\u5bf8:M","\\u989c\\u8272":"\\u989c\\u8272:\\u9ed1\\u8272","test":"test:2"}', 123, '1000.00', '1233', 1),
(57, 37, '{"4":"4:12","5":"5:15","6":"6:20","7":"7:23"}', '{"\\u54c1\\u724c":"\\u54c1\\u724c:jackjones","\\u5c3a\\u5bf8":"\\u5c3a\\u5bf8:M","\\u989c\\u8272":"\\u989c\\u8272:\\u767d\\u8272","test":"test:2"}', 123, '1000.00', '1233', 1),
(58, 37, '{"4":"4:12","5":"5:16","6":"6:19","7":"7:23"}', '{"\\u54c1\\u724c":"\\u54c1\\u724c:jackjones","\\u5c3a\\u5bf8":"\\u5c3a\\u5bf8:L","\\u989c\\u8272":"\\u989c\\u8272:\\u9ed1\\u8272","test":"test:2"}', 123, '1000.00', '1233', 1),
(59, 37, '{"4":"4:12","5":"5:16","6":"6:20","7":"7:23"}', '{"\\u54c1\\u724c":"\\u54c1\\u724c:jackjones","\\u5c3a\\u5bf8":"\\u5c3a\\u5bf8:L","\\u989c\\u8272":"\\u989c\\u8272:\\u767d\\u8272","test":"test:2"}', 123, '1000.00', '1233', 1),
(60, 38, '{"4":"4:10","5":"5:15","6":"6:19","7":"7:22"}', '{"\\u54c1\\u724c":"\\u54c1\\u724c:GXG","\\u5c3a\\u5bf8":"\\u5c3a\\u5bf8:M","\\u989c\\u8272":"\\u989c\\u8272:\\u9ed1\\u8272","\\u9886\\u5e26":"\\u9886\\u5e26:1"}', 0, '1000.00', '123123', 1),
(61, 38, '{"4":"4:11","5":"5:15","6":"6:19","7":"7:22"}', '{"\\u54c1\\u724c":"\\u54c1\\u724c:gxg.jeans","\\u5c3a\\u5bf8":"\\u5c3a\\u5bf8:M","\\u989c\\u8272":"\\u989c\\u8272:\\u9ed1\\u8272","\\u9886\\u5e26":"\\u9886\\u5e26:1"}', 999, '1000.00', '123123', 1),
(62, 38, '{"4":"4:14","5":"5:15","6":"6:19","7":"7:22"}', '{"\\u54c1\\u724c":"\\u54c1\\u724c:\\u96c5\\u6208\\u5c14","\\u5c3a\\u5bf8":"\\u5c3a\\u5bf8:M","\\u989c\\u8272":"\\u989c\\u8272:\\u9ed1\\u8272","\\u9886\\u5e26":"\\u9886\\u5e26:1"}', 1000, '1000.00', '123123', 1),
(63, 39, '{"4":"4:10","5":"5:15","6":"6:20","7":"7:23"}', '{"\\u54c1\\u724c":"\\u54c1\\u724c:GXG","\\u5c3a\\u5bf8":"\\u5c3a\\u5bf8:M","\\u989c\\u8272":"\\u989c\\u8272:\\u767d\\u8272","\\u9886\\u5e26":"\\u9886\\u5e26:2"}', 123, '111.00', '123123', 1),
(64, 39, '{"4":"4:10","5":"5:15","6":"6:21","7":"7:23"}', '{"\\u54c1\\u724c":"\\u54c1\\u724c:GXG","\\u5c3a\\u5bf8":"\\u5c3a\\u5bf8:M","\\u989c\\u8272":"\\u989c\\u8272:\\u7c73\\u8272","\\u9886\\u5e26":"\\u9886\\u5e26:2"}', 123, '111.00', '123123', 1),
(65, 39, '{"4":"4:10","5":"5:16","6":"6:20","7":"7:23"}', '{"\\u54c1\\u724c":"\\u54c1\\u724c:GXG","\\u5c3a\\u5bf8":"\\u5c3a\\u5bf8:L","\\u989c\\u8272":"\\u989c\\u8272:\\u767d\\u8272","\\u9886\\u5e26":"\\u9886\\u5e26:2"}', 123, '111.00', '123123', 1),
(66, 39, '{"4":"4:10","5":"5:16","6":"6:21","7":"7:23"}', '{"\\u54c1\\u724c":"\\u54c1\\u724c:GXG","\\u5c3a\\u5bf8":"\\u5c3a\\u5bf8:L","\\u989c\\u8272":"\\u989c\\u8272:\\u7c73\\u8272","\\u9886\\u5e26":"\\u9886\\u5e26:2"}', 123, '111.00', '123123', 1),
(67, 39, '{"4":"4:11","5":"5:15","6":"6:20","7":"7:23"}', '{"\\u54c1\\u724c":"\\u54c1\\u724c:gxg.jeans","\\u5c3a\\u5bf8":"\\u5c3a\\u5bf8:M","\\u989c\\u8272":"\\u989c\\u8272:\\u767d\\u8272","\\u9886\\u5e26":"\\u9886\\u5e26:2"}', 123, '111.00', '123123', 1),
(68, 39, '{"4":"4:11","5":"5:15","6":"6:21","7":"7:23"}', '{"\\u54c1\\u724c":"\\u54c1\\u724c:gxg.jeans","\\u5c3a\\u5bf8":"\\u5c3a\\u5bf8:M","\\u989c\\u8272":"\\u989c\\u8272:\\u7c73\\u8272","\\u9886\\u5e26":"\\u9886\\u5e26:2"}', 123, '111.00', '123123', 1),
(69, 39, '{"4":"4:11","5":"5:16","6":"6:20","7":"7:23"}', '{"\\u54c1\\u724c":"\\u54c1\\u724c:gxg.jeans","\\u5c3a\\u5bf8":"\\u5c3a\\u5bf8:L","\\u989c\\u8272":"\\u989c\\u8272:\\u767d\\u8272","\\u9886\\u5e26":"\\u9886\\u5e26:2"}', 12, '111.00', '123123', 1),
(70, 39, '{"4":"4:11","5":"5:16","6":"6:21","7":"7:23"}', '{"\\u54c1\\u724c":"\\u54c1\\u724c:gxg.jeans","\\u5c3a\\u5bf8":"\\u5c3a\\u5bf8:L","\\u989c\\u8272":"\\u989c\\u8272:\\u7c73\\u8272","\\u9886\\u5e26":"\\u9886\\u5e26:2"}', 123, '111.00', '123123', 1),
(71, 40, '{"4":"4:10","5":"5:15","6":"6:19","7":"7:22"}', '{"\\u54c1\\u724c":"\\u54c1\\u724c:GXG","\\u5c3a\\u5bf8":"\\u5c3a\\u5bf8:M","\\u989c\\u8272":"\\u989c\\u8272:\\u9ed1\\u8272","\\u9886\\u5e26":"\\u9886\\u5e26:1"}', 12, '12.00', '123132', 1),
(72, 41, '{"4":"4:11","5":"5:16","6":"6:20","7":"7:23"}', '{"\\u54c1\\u724c":"\\u54c1\\u724c:gxg.jeans","\\u5c3a\\u5bf8":"\\u5c3a\\u5bf8:L","\\u989c\\u8272":"\\u989c\\u8272:\\u767d\\u8272","\\u9886\\u5e26":"\\u9886\\u5e26:2"}', 31, '312.00', '12345', 1),
(73, 42, '{"4":"4:12","5":"5:18","6":"6:21","7":"7:23"}', '{"\\u54c1\\u724c":"\\u54c1\\u724c:jackjones","\\u5c3a\\u5bf8":"\\u5c3a\\u5bf8:XXL","\\u989c\\u8272":"\\u989c\\u8272:\\u7c73\\u8272","\\u9886\\u5e26":"\\u9886\\u5e26:2"}', 123, '345.00', '12354734', 1),
(74, 44, '{"8":"8:24"}', '{"\\u5c3a\\u5bf8":"\\u5c3a\\u5bf8:X"}', 0, '1000.00', '123123', 1),
(75, 44, '{"8":"8:25"}', '{"\\u5c3a\\u5bf8":"\\u5c3a\\u5bf8:XL"}', 1000, '1000.00', '123123', 1),
(76, 45, '{"8":"8:24"}', '{"\\u5c3a\\u5bf8":"\\u5c3a\\u5bf8:X"}', 0, '1000.00', '123123', 1),
(77, 45, '{"8":"8:25"}', '{"\\u5c3a\\u5bf8":"\\u5c3a\\u5bf8:XL"}', 1000, '1000.00', '123123', 1),
(78, 46, '{"8":"8:24"}', '{"\\u5c3a\\u5bf8":"\\u5c3a\\u5bf8:X"}', 123, '1000.00', '1000', 1),
(79, 47, '{"8":"8:24"}', '{"\\u5c3a\\u5bf8":"\\u5c3a\\u5bf8:X"}', 12, '123.00', '123123', 1),
(80, 48, '{"8":"8:25"}', '{"\\u5c3a\\u5bf8":"\\u5c3a\\u5bf8:XL"}', 12312, '1000.00', '123123', 1),
(81, 49, '{"2":"2:3","3":"3:8"}', '{"\\u5c3a\\u5bf8":"\\u5c3a\\u5bf8:M","\\u989c\\u8272":"\\u989c\\u8272:\\u9ec4\\u8272"}', 13, '1000.00', '123123', 1),
(82, 49, '{"2":"2:4","3":"3:8"}', '{"\\u5c3a\\u5bf8":"\\u5c3a\\u5bf8:L","\\u989c\\u8272":"\\u989c\\u8272:\\u9ec4\\u8272"}', 123, '1000.00', '123123', 1),
(83, 50, '{"2":"2:3","3":"3:7"}', '{"\\u5c3a\\u5bf8":"\\u5c3a\\u5bf8:M","\\u989c\\u8272":"\\u989c\\u8272:\\u7ea2\\u8272"}', 123, '1000.00', '123123', 1),
(84, 51, '{"9":"9:26"}', '{"\\u5c3a\\u5bf8":"\\u5c3a\\u5bf8:X"}', 12, '123.00', '123123', 1),
(85, 52, '{"2":"2:5","3":"3:7"}', '{"\\u5c3a\\u5bf8":"\\u5c3a\\u5bf8:XL","\\u989c\\u8272":"\\u989c\\u8272:\\u7ea2\\u8272"}', 12, '1000.00', '1000', 1),
(86, 53, '{"2":"2:3","3":"3:7"}', '{"\\u5c3a\\u5bf8":"\\u5c3a\\u5bf8:M","\\u989c\\u8272":"\\u989c\\u8272:\\u7ea2\\u8272"}', 0, '0.00', '123123', 1),
(87, 54, '{"2":"2:3","3":"3:7"}', '{"\\u5c3a\\u5bf8":"\\u5c3a\\u5bf8:M","\\u989c\\u8272":"\\u989c\\u8272:\\u7ea2\\u8272"}', 1231, '12123.00', '12312431241', 1),
(88, 55, '{"2":"2:5","3":"3:8"}', '{"\\u5c3a\\u5bf8":"\\u5c3a\\u5bf8:XL","\\u989c\\u8272":"\\u989c\\u8272:\\u9ec4\\u8272"}', 4324, '4332.00', '234234134', 1),
(89, 56, '{"2":"2:3","3":"3:7"}', '{"\\u5c3a\\u5bf8":"\\u5c3a\\u5bf8:M","\\u989c\\u8272":"\\u989c\\u8272:\\u7ea2\\u8272"}', 1231, '123.00', '12312', 1),
(90, 57, '{"10":"10:28"}', '{"\\u5c3a\\u5bf8":"\\u5c3a\\u5bf8:18cm"}', 122, '1000.00', '123123', 1),
(91, 58, '{"10":"10:29"}', '{"\\u5c3a\\u5bf8":"\\u5c3a\\u5bf8:50cm"}', 2, '1000.00', '123123', 1),
(92, 59, '{"11":"11:30"}', '{"\\u5206\\u8fa8\\u7387":"\\u5206\\u8fa8\\u7387:1200x800"}', 54345, '123.00', '123123', 1),
(93, 59, '{"11":"11:31"}', '{"\\u5206\\u8fa8\\u7387":"\\u5206\\u8fa8\\u7387:780x400"}', 0, '123.00', '123123', 1);

-- --------------------------------------------------------

--
-- 表的结构 `source_message`
--

CREATE TABLE IF NOT EXISTS `source_message` (
  `id` int(11) NOT NULL AUTO_INCREMENT,
  `category` varchar(32) NOT NULL,
  `message` text,
  PRIMARY KEY (`id`)
) ENGINE=InnoDB  DEFAULT CHARSET=utf8 AUTO_INCREMENT=202 ;

--
-- 转存表中的数据 `source_message`
--

INSERT INTO `source_message` (`id`, `category`, `message`) VALUES
(1, 'UserModule', 'Registration'),
(2, 'UserModule.user', 'Registration'),
(3, 'UserModule', 'Fields with <span class="required">*</span> are required.'),
(4, 'UserModule.user', 'Fields with <span class="required">*</span> are required.'),
(5, 'UserModule', 'Incorrect username (length between 3 and 20 characters).'),
(6, 'UserModule.user', 'Incorrect username (length between 3 and 20 characters).'),
(7, 'UserModule', 'Incorrect password (minimal length 4 symbols).'),
(8, 'UserModule.user', 'Incorrect password (minimal length 4 symbols).'),
(9, 'UserModule', 'This user''s name already exists.'),
(10, 'UserModule.user', 'This user''s name already exists.'),
(11, 'UserModule', 'This user''s email address already exists.'),
(12, 'UserModule.user', 'This user''s email address already exists.'),
(13, 'UserModule', 'Incorrect symbols (A-z0-9).'),
(14, 'UserModule.user', 'Incorrect symbols (A-z0-9).'),
(15, 'UserModule', 'Retype Password is incorrect.'),
(16, 'UserModule.user', 'Retype Password is incorrect.'),
(17, 'UserModule', 'Id'),
(18, 'UserModule.user', 'Id'),
(19, 'UserModule', 'username'),
(20, 'UserModule.user', 'username'),
(21, 'UserModule', 'password'),
(22, 'UserModule.user', 'password'),
(23, 'UserModule', 'Retype Password'),
(24, 'UserModule.user', 'Retype Password'),
(25, 'UserModule', 'E-mail'),
(26, 'UserModule.user', 'E-mail'),
(27, 'UserModule', 'Verification Code'),
(28, 'UserModule.user', 'Verification Code'),
(29, 'UserModule', 'activation key'),
(30, 'UserModule.user', 'activation key'),
(31, 'UserModule', 'Registration date'),
(32, 'UserModule.user', 'Registration date'),
(33, 'UserModule', 'Last visit'),
(34, 'UserModule.user', 'Last visit'),
(35, 'UserModule', 'Superuser'),
(36, 'UserModule.user', 'Superuser'),
(37, 'UserModule', 'Status'),
(38, 'UserModule.user', 'Status'),
(39, 'UserModule', 'Minimal password length 4 symbols.'),
(40, 'UserModule.user', 'Minimal password length 4 symbols.'),
(41, 'UserModule', '手机号码不正确'),
(42, 'UserModule.user', '手机号码不正确'),
(43, 'UserModule', 'User ID'),
(44, 'UserModule.user', 'User ID'),
(45, 'UserModule', '手机号码'),
(46, 'UserModule.user', '手机号码'),
(47, 'UserModule', 'Please enter the letters as they are shown in the image above.'),
(48, 'UserModule.user', 'Please enter the letters as they are shown in the image above.'),
(49, 'UserModule', 'Letters are not case-sensitive.'),
(50, 'UserModule.user', 'Letters are not case-sensitive.'),
(51, 'UserModule', 'Register'),
(52, 'UserModule.user', 'Register'),
(53, 'frontend', '首页'),
(54, 'frontend', 'Women'),
(55, 'frontend', 'Fashion'),
(56, 'frontend', 'Electronics'),
(57, 'frontend', 'Digital'),
(58, 'frontend', '公司简介'),
(59, 'frontend', '购物帮助'),
(60, 'frontend', '联系客服'),
(61, 'translate', 'Create'),
(62, 'translate', 'Create Message'),
(63, 'translate', 'ID'),
(64, 'translate', 'Language'),
(65, 'translate', 'Translation'),
(66, 'translate', 'Category'),
(67, 'translate', 'Message'),
(68, 'translate', 'Close'),
(69, 'translate', '{action} translation'),
(70, 'translate', 'Message successfully saved'),
(71, 'UserModule', 'Login'),
(72, 'UserModule.user', 'Login'),
(73, 'UserModule', 'Please fill out the following form with your login credentials:'),
(74, 'UserModule.user', 'Please fill out the following form with your login credentials:'),
(75, 'UserModule', 'Remember me next time'),
(76, 'UserModule.user', 'Remember me next time'),
(77, 'UserModule', 'username or email'),
(78, 'UserModule.user', 'username or email'),
(79, 'UserModule', 'Lost Password?'),
(80, 'UserModule.user', 'Lost Password?'),
(81, 'translate', 'Update'),
(82, 'translate', 'Update Message'),
(83, 'translate', 'Message successfully updated'),
(84, 'UserModule', 'Restore'),
(85, 'UserModule.user', 'Restore'),
(86, 'UserModule', 'Please enter your login or email addres.'),
(87, 'UserModule.user', 'Please enter your login or email addres.'),
(88, 'UserModule', 'You have requested the password recovery site {site_name}'),
(89, 'UserModule.user', 'You have requested the password recovery site {site_name}'),
(90, 'UserModule', 'You have requested the password recovery site {site_name}. To receive a new password, go to {activation_url}.'),
(91, 'UserModule.user', 'You have requested the password recovery site {site_name}. To receive a new password, go to {activation_url}.'),
(92, 'UserModule', 'Please check your email. An instructions was sent to your email address.'),
(93, 'UserModule.user', 'Please check your email. An instructions was sent to your email address.'),
(94, 'UserModule', 'Change password'),
(95, 'UserModule.user', 'Change password'),
(96, 'UserModule', 'Old Password'),
(97, 'UserModule.user', 'Old Password'),
(98, 'UserModule', 'Save'),
(99, 'UserModule.user', 'Save'),
(100, 'UserModule', 'Incorrect recovery link.'),
(101, 'UserModule.user', 'Incorrect recovery link.'),
(102, 'frontend', '俱乐部会员活动'),
(103, 'frontend', '游艇介绍'),
(104, 'frontend', '俱乐部介绍'),
(105, 'frontend', '俱乐部风景'),
(106, 'frontend', '莱悦新闻'),
(107, 'frontend', '为什么大家都要疯狂吐槽iOS 7的扁平化设计？'),
(108, 'frontend', '啊啊啊啊'),
(109, 'frontend', 'Open Day at Dianshan Lake'),
(110, 'frontend', '关于我们'),
(111, 'Ei18n', 'Message  could not be added to messageSource table'),
(112, 'frontend', '在线预订'),
(113, 'frontend', 'Yincart Inc'),
(114, 'frontend', '联系我们'),
(115, 'frontend', '登录'),
(116, 'frontend', '友情链接：'),
(117, 'frontend', '财付通'),
(118, 'frontend', 'ebay'),
(119, 'frontend', '易宝支付'),
(120, 'frontend', '招商银行'),
(121, 'frontend', '中国工商银行'),
(122, 'frontend', '贝宝'),
(123, 'frontend', '支付宝'),
(124, 'UserModule', 'Users'),
(125, 'UserModule.user', 'Users'),
(126, 'UserModule', 'List User'),
(127, 'UserModule.user', 'List User'),
(128, 'UserModule', 'Password is incorrect.'),
(129, 'UserModule.user', 'Password is incorrect.'),
(130, 'UserModule', 'You registered from {site_name}'),
(131, 'UserModule.user', 'You registered from {site_name}'),
(132, 'UserModule', 'Please activate you account go to {activation_url}'),
(133, 'UserModule.user', 'Please activate you account go to {activation_url}'),
(134, 'UserModule', 'Thank you for your registration. Please check your email.'),
(135, 'UserModule.user', 'Thank you for your registration. Please check your email.'),
(136, 'UserModule', 'User activation'),
(137, 'UserModule.user', 'User activation'),
(138, 'UserModule', 'You account is active.'),
(139, 'UserModule.user', 'You account is active.'),
(140, 'UserModule', 'Profile'),
(141, 'UserModule.user', 'Profile'),
(142, 'UserModule', 'Edit'),
(143, 'UserModule.user', 'Edit'),
(144, 'UserModule', 'Logout'),
(145, 'UserModule.user', 'Logout'),
(146, 'UserModule', 'Your profile'),
(147, 'UserModule.user', 'Your profile'),
(148, 'UserModule', '真实姓名'),
(149, 'UserModule.user', '真实姓名'),
(150, 'UserModule', '昵称'),
(151, 'UserModule.user', '昵称'),
(152, 'UserModule', 'Not active'),
(153, 'UserModule.user', 'Not active'),
(154, 'UserModule', 'Active'),
(155, 'UserModule.user', 'Active'),
(156, 'UserModule', 'Banned'),
(157, 'UserModule.user', 'Banned'),
(158, 'UserModule', 'No'),
(159, 'UserModule.user', 'No'),
(160, 'UserModule', 'Yes'),
(161, 'UserModule.user', 'Yes'),
(162, 'labels', 'Username or e-mail'),
(163, 'labels', 'Remember me next time'),
(164, 'xupload.widget', 'File is too big'),
(165, 'xupload.widget', 'File is too small'),
(166, 'xupload.widget', 'Filetype not allowed'),
(167, 'xupload.widget', 'Max number of files exceeded'),
(168, 'xupload.widget', 'Uploaded bytes exceed file size'),
(169, 'xupload.widget', 'Empty file upload result'),
(170, 'xupload.widget', 'Error'),
(171, 'xupload.widget', 'Start'),
(172, 'xupload.widget', 'Cancel'),
(173, 'xupload.widget', 'Delete'),
(174, 'xupload.widget', '1#Add files|0#Choose file'),
(175, 'UserModule', 'Manage User'),
(176, 'UserModule.user', 'Manage User'),
(177, 'UserModule', 'Manage Profile Field'),
(178, 'UserModule.user', 'Manage Profile Field'),
(179, 'UserModule', 'Create Profile Field'),
(180, 'UserModule.user', 'Create Profile Field'),
(181, 'UserModule', 'View User'),
(182, 'UserModule.user', 'View User'),
(183, 'frontend', '床上用品'),
(184, 'frontend', 'Login'),
(185, 'frontend', 'Please fill out the following form with your login credentials:'),
(186, 'frontend', 'Fields with <span class="required">*</span> are required.'),
(187, 'frontend', 'Remember me next time'),
(188, 'frontend', 'username or email'),
(189, 'frontend', 'password'),
(190, 'frontend', 'Register'),
(191, 'frontend', 'Lost Password?'),
(192, 'UserModule', 'Manage Users'),
(193, 'UserModule.user', 'Manage Users'),
(194, 'frontend', 'Username is incorrect.'),
(195, 'frontend', 'Password is incorrect.'),
(196, 'UserModule', 'You account is activated.'),
(197, 'UserModule.user', 'You account is activated.'),
(198, 'frontend', 'You account is not administrator.'),
(199, 'frontend', 'You account is not this store owner.'),
(200, 'UserModule', 'Username is incorrect.'),
(201, 'UserModule.user', 'Username is incorrect.');

-- --------------------------------------------------------

--
-- 表的结构 `store`
--

CREATE TABLE IF NOT EXISTS `store` (
  `store_id` int(11) NOT NULL AUTO_INCREMENT COMMENT '店铺表',
  `user_id` int(11) DEFAULT NULL,
  `name` varchar(100) DEFAULT NULL,
  `email` varchar(100) DEFAULT NULL,
  `password` varchar(32) DEFAULT NULL,
  `domain` varchar(200) DEFAULT NULL,
  `type` tinyint(1) DEFAULT NULL,
  `years` int(11) DEFAULT NULL,
  `theme` varchar(50) DEFAULT NULL,
  `start_time` int(11) DEFAULT NULL,
  `end_time` int(11) DEFAULT NULL,
  `introduction` text,
  `create_time` int(11) DEFAULT NULL,
  `update_time` int(11) DEFAULT NULL,
  PRIMARY KEY (`store_id`)
) ENGINE=InnoDB  DEFAULT CHARSET=utf8 AUTO_INCREMENT=2 ;

--
-- 转存表中的数据 `store`
--

INSERT INTO `store` (`store_id`, `user_id`, `name`, `email`, `password`, `domain`, `type`, `years`, `theme`, `start_time`, `end_time`, `introduction`, `create_time`, `update_time`) VALUES
(1, 1, 'demo', '7895056@qq.com', 'demo123', 'shoptest.com', 0, NULL, 'default', 1378950468, NULL, '', 1378950468, 1378951323);

-- --------------------------------------------------------

--
-- 表的结构 `store_category`
--

CREATE TABLE IF NOT EXISTS `store_category` (
  `id` int(10) unsigned NOT NULL AUTO_INCREMENT,
  `store_id` int(10) unsigned NOT NULL,
  `root` int(10) unsigned DEFAULT NULL,
  `lft` int(10) unsigned NOT NULL,
  `rgt` int(10) unsigned NOT NULL,
  `level` smallint(5) unsigned NOT NULL,
  `name` varchar(100) DEFAULT NULL,
  `label` tinyint(1) DEFAULT NULL,
  `url` varchar(255) DEFAULT NULL,
  `pic` varchar(255) DEFAULT NULL,
  `position` varchar(45) DEFAULT NULL,
  `if_show` tinyint(1) DEFAULT NULL,
  `memo` text,
  PRIMARY KEY (`id`),
  KEY `root` (`root`),
  KEY `lft` (`lft`),
  KEY `rgt` (`rgt`),
  KEY `level` (`level`)
) ENGINE=InnoDB  DEFAULT CHARSET=utf8 AUTO_INCREMENT=11 ;

--
-- 转存表中的数据 `store_category`
--

INSERT INTO `store_category` (`id`, `store_id`, `root`, `lft`, `rgt`, `level`, `name`, `label`, `url`, `pic`, `position`, `if_show`, `memo`) VALUES
(1, 1, 1, 1, 10, 1, '内容分类', NULL, '', '', '', 1, ''),
(2, 1, 2, 1, 10, 1, '商品分类', NULL, '', '', '', 1, ''),
(3, 1, 2, 4, 5, 2, '男装', NULL, '', '', '', 1, ''),
(4, 1, 2, 6, 7, 2, '家纺', NULL, '', NULL, '', 1, ''),
(5, 1, 2, 2, 3, 2, '羽绒服', NULL, '', NULL, '', 1, ''),
(6, 1, 2, 8, 9, 2, '打火机', NULL, '', NULL, NULL, NULL, NULL),
(7, 1, 1, 2, 3, 2, '单页分类', NULL, '', NULL, NULL, NULL, NULL),
(8, 1, 1, 4, 9, 2, '文章分类', NULL, '', NULL, NULL, NULL, NULL),
(9, 1, 1, 5, 6, 3, '新闻', NULL, '', NULL, NULL, NULL, NULL),
(10, 1, 1, 7, 8, 3, '视频', NULL, '', NULL, NULL, NULL, NULL);

-- --------------------------------------------------------

--
-- 表的结构 `store_menu`
--

CREATE TABLE IF NOT EXISTS `store_menu` (
  `id` int(10) unsigned NOT NULL AUTO_INCREMENT,
  `store_id` int(10) unsigned NOT NULL,
  `root` int(10) unsigned DEFAULT NULL,
  `lft` int(10) unsigned NOT NULL,
  `rgt` int(10) unsigned NOT NULL,
  `level` smallint(5) unsigned NOT NULL,
  `name` varchar(100) DEFAULT NULL,
  `url` varchar(255) DEFAULT NULL,
  `pic` varchar(255) DEFAULT NULL,
  `position` varchar(45) DEFAULT NULL,
  `if_show` tinyint(1) DEFAULT NULL,
  `memo` text,
  PRIMARY KEY (`id`),
  KEY `root` (`root`),
  KEY `lft` (`lft`),
  KEY `rgt` (`rgt`),
  KEY `level` (`level`)
) ENGINE=InnoDB DEFAULT CHARSET=utf8 AUTO_INCREMENT=1 ;

-- --------------------------------------------------------

--
-- 表的结构 `store_product_category`
--

CREATE TABLE IF NOT EXISTS `store_product_category` (
  `con_store_product_category_id` int(10) unsigned NOT NULL AUTO_INCREMENT COMMENT 'id',
  `con_store_product_category_productid` int(10) unsigned DEFAULT NULL COMMENT 'product id',
  `con_store_product_category_categoryid` int(10) unsigned DEFAULT NULL COMMENT 'category id',
  PRIMARY KEY (`con_store_product_category_id`)
) ENGINE=InnoDB DEFAULT CHARSET=utf8 AUTO_INCREMENT=1 ;

-- --------------------------------------------------------

--
-- 表的结构 `tag`
--

CREATE TABLE IF NOT EXISTS `tag` (
  `id` int(11) NOT NULL AUTO_INCREMENT,
  `name` varchar(128) NOT NULL,
  `frequency` int(11) DEFAULT '1',
  PRIMARY KEY (`id`)
) ENGINE=InnoDB  DEFAULT CHARSET=utf8 AUTO_INCREMENT=6 ;

--
-- 转存表中的数据 `tag`
--

INSERT INTO `tag` (`id`, `name`, `frequency`) VALUES
(1, 'yii', 2),
(2, 'blog', 1),
(3, 'test', 2),
(4, 'video', 1),
(5, 'demo', 2);

-- --------------------------------------------------------

--
-- 表的结构 `tbl_migration`
--

CREATE TABLE IF NOT EXISTS `tbl_migration` (
  `version` varchar(255) NOT NULL,
  `apply_time` int(11) DEFAULT NULL,
  PRIMARY KEY (`version`)
) ENGINE=InnoDB DEFAULT CHARSET=utf8;

--
-- 转存表中的数据 `tbl_migration`
--

INSERT INTO `tbl_migration` (`version`, `apply_time`) VALUES
('m000000_000000_base', 1371931053),
('m130707_154857_modify_item_img_table', 1373266900);

-- --------------------------------------------------------

--
-- 表的结构 `themes`
--

CREATE TABLE IF NOT EXISTS `themes` (
  `theme_id` int(10) unsigned NOT NULL AUTO_INCREMENT,
  `theme` varchar(50) NOT NULL,
  `name` varchar(45) DEFAULT NULL,
  `author` varchar(45) DEFAULT NULL,
  `site` varchar(100) DEFAULT NULL,
  `update_url` varchar(100) DEFAULT NULL,
  `desc` text,
  `config` longtext,
  `create_time` int(11) DEFAULT NULL,
  `update_time` int(11) DEFAULT NULL,
  PRIMARY KEY (`theme_id`)
) ENGINE=InnoDB  DEFAULT CHARSET=utf8 AUTO_INCREMENT=5 ;

--
-- 转存表中的数据 `themes`
--

INSERT INTO `themes` (`theme_id`, `theme`, `name`, `author`, `site`, `update_url`, `desc`, `config`, `create_time`, `update_time`) VALUES
(1, '3', 'pidiao', 'pidiao', 'http://localhost/yincart/basic/', 'http://localhost/yincart/basic/', 'http://localhost/yincart/basic/', NULL, NULL, NULL),
(2, 'default', '默认', 'Yincart', 'http://yincart.com', 'http://yincart.com/themes', '', '', 1371681498, 1371681498),
(3, 'pidiao', 'pidiao', 'pidiao', 'http://localhost/yincart/basic/', 'http://localhost/yincart/basic/', 'http://localhost/yincart/basic/', NULL, NULL, NULL),
(4, 'ultimo', 'Ultimo', '', 'http://ultimo.infortis-themes.com', '', '', '', 1371681800, 1371681800);

-- --------------------------------------------------------

--
-- 表的结构 `users`
--

CREATE TABLE IF NOT EXISTS `users` (
  `id` int(11) NOT NULL AUTO_INCREMENT,
  `username` varchar(20) NOT NULL DEFAULT '',
  `password` varchar(128) NOT NULL DEFAULT '',
  `email` varchar(128) NOT NULL DEFAULT '',
  `activkey` varchar(128) NOT NULL DEFAULT '',
  `superuser` int(1) NOT NULL DEFAULT '0',
  `status` int(1) NOT NULL DEFAULT '0',
  `create_at` timestamp NOT NULL DEFAULT CURRENT_TIMESTAMP,
  `lastvisit_at` timestamp NOT NULL DEFAULT '0000-00-00 00:00:00',
  PRIMARY KEY (`id`),
  UNIQUE KEY `user_username` (`username`),
  UNIQUE KEY `user_email` (`email`)
) ENGINE=InnoDB  DEFAULT CHARSET=utf8 AUTO_INCREMENT=8 ;

--
-- 转存表中的数据 `users`
--

INSERT INTO `users` (`id`, `username`, `password`, `email`, `activkey`, `superuser`, `status`, `create_at`, `lastvisit_at`) VALUES
(1, 'demo', '62cc2d8b4bf2d8728120d052163a77df', '7895056@qq.com', '9d8bcf670b341743ea695e51990d8474', 1, 1, '2013-05-09 13:01:24', '2014-02-26 09:19:17'),
(6, 'admin', '62cc2d8b4bf2d8728120d052163a77df', 'yhxxlm@foxmail.com', '41d49ef4be915e62d342f44d7aae11bc', 1, 1, '2013-07-06 07:40:06', '2014-01-23 07:46:56'),
(7, 'demo123', '62cc2d8b4bf2d8728120d052163a77df', 'yhxxlm@gmail.com', 'a8b97c089d22a73cc872a1b91e864229', 0, 1, '2013-10-10 02:42:38', '2013-10-09 18:45:40');

-- --------------------------------------------------------

--
-- 表的结构 `wishlist`
--

CREATE TABLE IF NOT EXISTS `wishlist` (
  `wishlist_id` int(10) unsigned NOT NULL AUTO_INCREMENT,
  `user_id` int(10) unsigned DEFAULT NULL,
  `item_id` int(10) unsigned DEFAULT NULL,
  `desc` text,
  `create_time` int(10) unsigned DEFAULT NULL,
  PRIMARY KEY (`wishlist_id`)
) ENGINE=InnoDB  DEFAULT CHARSET=utf8 AUTO_INCREMENT=9 ;

--
-- 转存表中的数据 `wishlist`
--

INSERT INTO `wishlist` (`wishlist_id`, `user_id`, `item_id`, `desc`, `create_time`) VALUES
(5, 6, 6, NULL, 1390368178),
(6, 1, 31, NULL, 1392169083),
(7, 1, 58, NULL, 1392169115),
(8, 1, 35, NULL, 1392169481);

--
-- 限制导出的表
--

--
-- 限制表 `item`
--
ALTER TABLE `item`
  ADD CONSTRAINT `fk_item_area1` FOREIGN KEY (`country`) REFERENCES `area` (`area_id`) ON DELETE NO ACTION ON UPDATE NO ACTION,
  ADD CONSTRAINT `fk_item_area2` FOREIGN KEY (`state`) REFERENCES `area` (`area_id`) ON DELETE NO ACTION ON UPDATE NO ACTION,
  ADD CONSTRAINT `fk_item_area3` FOREIGN KEY (`city`) REFERENCES `area` (`area_id`) ON DELETE NO ACTION ON UPDATE NO ACTION,
  ADD CONSTRAINT `fk_item_category1` FOREIGN KEY (`category_id`) REFERENCES `category` (`category_id`) ON DELETE NO ACTION ON UPDATE NO ACTION;

--
-- 限制表 `item_img`
--
ALTER TABLE `item_img`
  ADD CONSTRAINT `fk_item_img_item1` FOREIGN KEY (`item_id`) REFERENCES `item` (`item_id`) ON DELETE NO ACTION ON UPDATE NO ACTION;

--
-- 限制表 `item_prop`
--
ALTER TABLE `item_prop`
  ADD CONSTRAINT `fk_item_prop_category1` FOREIGN KEY (`category_id`) REFERENCES `category` (`category_id`) ON DELETE NO ACTION ON UPDATE NO ACTION;

--
-- 限制表 `order`
--
ALTER TABLE `order`
  ADD CONSTRAINT `fk_order_payment_method1` FOREIGN KEY (`payment_method_id`) REFERENCES `payment_method` (`payment_method_id`) ON DELETE NO ACTION ON UPDATE NO ACTION,
  ADD CONSTRAINT `fk_order_shipping_method1` FOREIGN KEY (`shipping_method_id`) REFERENCES `shipping_method` (`shipping_method_id`) ON DELETE NO ACTION ON UPDATE NO ACTION;

--
-- 限制表 `order_item`
--
ALTER TABLE `order_item`
  ADD CONSTRAINT `fk_order_item_item1` FOREIGN KEY (`item_id`) REFERENCES `item` (`item_id`) ON DELETE NO ACTION ON UPDATE NO ACTION,
  ADD CONSTRAINT `fk_order_item_order1` FOREIGN KEY (`order_id`) REFERENCES `order` (`order_id`) ON DELETE NO ACTION ON UPDATE NO ACTION;

--
-- 限制表 `payment`
--
ALTER TABLE `payment`
  ADD CONSTRAINT `fk_payment_order` FOREIGN KEY (`order_id`) REFERENCES `order` (`order_id`) ON DELETE NO ACTION ON UPDATE NO ACTION;

--
-- 限制表 `prop_img`
--
ALTER TABLE `prop_img`
  ADD CONSTRAINT `fk_prop_img_item1` FOREIGN KEY (`item_id`) REFERENCES `item` (`item_id`) ON DELETE NO ACTION ON UPDATE NO ACTION;

--
-- 限制表 `prop_value`
--
ALTER TABLE `prop_value`
  ADD CONSTRAINT `fk_prop_value_item_prop1` FOREIGN KEY (`item_prop_id`) REFERENCES `item_prop` (`item_prop_id`) ON DELETE NO ACTION ON UPDATE NO ACTION;

--
-- 限制表 `refund`
--
ALTER TABLE `refund`
  ADD CONSTRAINT `fk_refund_order1` FOREIGN KEY (`order_id`) REFERENCES `order` (`order_id`) ON DELETE NO ACTION ON UPDATE NO ACTION;

--
-- 限制表 `shipping`
--
ALTER TABLE `shipping`
  ADD CONSTRAINT `fk_shipping_order1` FOREIGN KEY (`order_id`) REFERENCES `order` (`order_id`) ON DELETE NO ACTION ON UPDATE NO ACTION;

--
-- 限制表 `shipping_item`
--
ALTER TABLE `shipping_item`
  ADD CONSTRAINT `fk_delivery_item_delivery1` FOREIGN KEY (`ship_id`) REFERENCES `shipping` (`ship_id`) ON DELETE NO ACTION ON UPDATE NO ACTION;

--
-- 限制表 `sku`
--
ALTER TABLE `sku`
  ADD CONSTRAINT `fk_sku_item1` FOREIGN KEY (`item_id`) REFERENCES `item` (`item_id`) ON DELETE NO ACTION ON UPDATE NO ACTION;

/*!40101 SET CHARACTER_SET_CLIENT=@OLD_CHARACTER_SET_CLIENT */;
/*!40101 SET CHARACTER_SET_RESULTS=@OLD_CHARACTER_SET_RESULTS */;
/*!40101 SET COLLATION_CONNECTION=@OLD_COLLATION_CONNECTION */;
